price,min_to_metro,region_of_moscow,total_area,living_area,floor,number_of_floors,construction_year,is_new,is_apartments,ceiling_height,number_of_rooms,link,floor_needs_review,price_per_m2
31633073.0,24.0,ЮАО,64.2,32.4,11,16,2023,True,False,3.15,2,https://www.cian.ru/sale/flat/293204033/,False,492726.99376947037
29293000.0,9.0,СВАО,78.1,,9,27,2022,True,False,,2,https://www.cian.ru/sale/flat/294033524/,False,375070.4225352113
30349669.0,5.0,ЮАО,72.4,33.6,3,24,2023,True,False,3.15,2,https://www.cian.ru/sale/flat/300712697/,False,419194.32320441987
31845511.0,19.0,ЮАО,69.2,,2,12,2024,True,False,2.97,2,https://www.cian.ru/sale/flat/300228448/,False,460195.24566473986
38810000.0,27.0,ЗАО,66.9,24.8,9,14,2023,True,False,3.0,2,https://www.cian.ru/sale/flat/299262105/,False,580119.5814648729
85004500.0,8.0,ЦАО,104.3,,6,7,2016,True,True,3.25,2,https://www.cian.ru/sale/flat/263389572/,False,815000.0
82644000.0,3.0,ЦАО,85.2,,52,66,2020,True,True,3.9,2,https://www.cian.ru/sale/flat/296913134/,False,970000.0
34100453.0,20.0,ЮАО,66.0,29.9,8,46,2023,True,False,3.0,2,https://www.cian.ru/sale/flat/299093558/,False,516673.5303030303
27447668.0,5.0,ЮАО,65.55,34.4,26,26,2023,True,False,2.87,2,https://www.cian.ru/sale/flat/290283240/,False,418728.7261632342
21230289.0,5.0,ЗАО,59.3,29.3,23,23,2023,True,False,2.73,2,https://www.cian.ru/sale/flat/298525427/,False,358014.9915682968
32747909.0,5.0,ЗАО,61.15,,6,57,2024,True,False,2.9,2,https://www.cian.ru/sale/flat/272591263/,False,535534.0801308259
27800000.0,18.0,ЗАО,46.9,,32,41,2024,True,False,3.25,2,https://www.cian.ru/sale/flat/298664674/,False,592750.5330490405
29759589.0,25.0,ЮАО,64.2,32.9,7,16,2022,True,False,3.15,2,https://www.cian.ru/sale/flat/293203842/,False,463545.0
50480000.0,,ЗАО,70.3,25.2,12,14,2023,True,False,3.0,2,https://www.cian.ru/sale/flat/299262044/,False,718065.4338549075
370000000.0,1.0,ЦАО,128.7,,5,15,2015,False,True,,2,https://www.cian.ru/sale/flat/296102099/,False,2874902.874902875
146715789.0,10.0,ЦАО,121.2,,8,8,2019,True,False,3.3,2,https://www.cian.ru/sale/flat/284404561/,False,1210526.311881188
30115475.0,25.0,ЮАО,65.8,32.1,14,16,2022,True,False,3.15,2,https://www.cian.ru/sale/flat/293203827/,False,457681.990881459
28375022.0,5.0,ЮАО,69.7,,2,24,2023,True,False,3.15,2,https://www.cian.ru/sale/flat/300783117/,False,407102.1807747489
30585500.0,11.0,ЮЗАО,67.0,,32,34,2023,True,False,3.0,2,https://www.cian.ru/sale/flat/300713408/,False,456500.0
41240000.0,,ЗАО,68.5,24.6,9,14,2023,True,False,3.0,2,https://www.cian.ru/sale/flat/299262053/,False,602043.795620438
15177043.0,4.0,ВАО,36.33,18.4,6,29,2023,True,False,3.0,2,https://www.cian.ru/sale/flat/298055156/,False,417755.1059730251
40331596.0,27.0,ЮАО,71.2,43.8,15,15,2023,True,False,3.15,2,https://www.cian.ru/sale/flat/298084417/,False,566455.0
21743843.0,17.0,ЮВАО,52.4,,10,29,2024,True,False,2.87,2,https://www.cian.ru/sale/flat/300575218/,False,414958.8358778626
33273400.0,19.0,ЮВАО,71.8,,11,21,2023,True,False,3.0,2,https://www.cian.ru/sale/flat/300165818/,False,463417.82729805016
30033280.0,19.0,СВАО,66.8,,14,22,2023,True,False,3.0,2,https://www.cian.ru/sale/flat/299702782/,False,449600.0
53950000.0,8.0,ЗАО,72.6,,9,13,2023,True,False,3.0,2,https://www.cian.ru/sale/flat/296278129/,False,743112.9476584023
44072325.0,25.0,ЮАО,69.1,25.6,9,16,2023,True,False,3.15,2,https://www.cian.ru/sale/flat/293203965/,False,637804.9927641101
39655200.0,19.0,СВАО,80.6,60.5,27,32,2023,True,False,3.0,2,https://www.cian.ru/sale/flat/298828249/,False,492000.00000000006
27000000.0,5.0,СЗАО,53.9,,23,23,2023,True,False,3.23,2,https://www.cian.ru/sale/flat/298988781/,False,500927.64378478663
29476161.0,10.0,ЗАО,44.7,15.7,24,28,2022,True,False,3.12,2,https://www.cian.ru/sale/flat/298334053/,False,659421.9463087248
35957040.0,5.0,ЗАО,62.95,,37,57,2024,True,False,2.9,2,https://www.cian.ru/sale/flat/295099522/,False,571200.0
23700000.0,12.0,СВАО,55.5,25.9,3,48,2024,True,False,,2,https://www.cian.ru/sale/flat/289296396/,False,427027.02702702704
40420000.0,28.0,ЗАО,69.2,26.3,13,14,2021,True,False,3.0,2,https://www.cian.ru/sale/flat/296277987/,False,584104.0462427746
16200000.0,11.0,ЗАО,42.8,14.8,30,33,2023,True,False,,2,https://www.cian.ru/sale/flat/299808868/,False,378504.67289719626
34068000.0,12.0,СЗАО,66.8,,10,21,2023,True,False,3.1,2,https://www.cian.ru/sale/flat/299168071/,False,510000.0
30377215.0,17.0,СЗАО,61.3,37.8,16,43,2023,True,False,3.15,2,https://www.cian.ru/sale/flat/297642441/,False,495550.0
31535521.0,4.0,СВАО,75.8,,14,15,2021,True,True,,2,https://www.cian.ru/sale/flat/292035501/,False,416035.89709762536
11500000.0,5.0,СЗАО,46.3,,28,33,2024,True,False,,2,https://www.cian.ru/sale/flat/299430589/,False,248380.12958963285
29760000.0,20.0,СЗАО,49.0,,26,29,2023,True,False,,2,https://www.cian.ru/sale/flat/289479415/,False,607346.9387755102
26650000.0,19.0,СЗАО,49.4,,3,29,2023,True,False,,2,https://www.cian.ru/sale/flat/289557564/,False,539473.6842105263
41741000.0,10.0,СВАО,67.0,50.3,3,34,2022,True,False,3.0,2,https://www.cian.ru/sale/flat/300648031/,False,623000.0
34398000.0,19.0,СВАО,75.6,56.7,11,32,2023,True,False,3.0,2,https://www.cian.ru/sale/flat/298828193/,False,455000.00000000006
26690000.0,8.0,ЮАО,71.3,,3,11,2024,True,False,,2,https://www.cian.ru/sale/flat/300575713/,False,374333.8008415147
30433508.0,4.0,ЮАО,72.6,,3,24,2023,True,False,3.15,2,https://www.cian.ru/sale/flat/300761683/,False,419194.32506887056
64890000.0,,ЗАО,72.9,26.6,14,14,2023,True,False,3.0,2,https://www.cian.ru/sale/flat/299262035/,False,890123.4567901234
107526900.0,6.0,ЦАО,102.7,,4,6,2017,True,True,3.0,2,https://www.cian.ru/sale/flat/297596634/,False,1047000.0
41280000.0,28.0,ЗАО,67.0,24.8,13,14,2023,True,False,3.0,2,https://www.cian.ru/sale/flat/296277962/,False,616119.4029850747
31437720.0,5.0,ЮЗАО,62.6,,32,34,2023,True,False,3.0,2,https://www.cian.ru/sale/flat/300673469/,False,502200.0
25602975.0,9.0,СВАО,72.0,,17,27,2022,True,False,,2,https://www.cian.ru/sale/flat/294033541/,False,355596.875
15700000.0,5.0,ЗАО,39.8,,3,15,2024,True,True,2.7,2,https://www.cian.ru/sale/flat/298664704/,False,394472.36180904525
14604980.0,6.0,САО,52.4,25.4,13,15,2023,True,False,2.84,2,https://www.cian.ru/sale/flat/300121769/,False,278720.99236641225
34025200.0,19.0,СВАО,70.3,52.7,10,32,2023,True,False,3.0,2,https://www.cian.ru/sale/flat/298828189/,False,484000.0
33500000.0,16.0,СЗАО,57.6,17.2,9,44,2023,True,False,,2,https://www.cian.ru/sale/flat/299643248/,False,581597.2222222222
25000000.0,15.0,ЮАО,51.5,,7,26,2024,True,False,2.87,2,https://www.cian.ru/sale/flat/298277252/,False,485436.8932038835
34000000.0,18.0,СЗАО,65.0,32.0,5,13,2023,True,False,,2,https://www.cian.ru/sale/flat/298696354/,False,523076.92307692306
20463155.0,8.0,САО,39.7,25.6,16,35,2023,True,False,3.1,2,https://www.cian.ru/sale/flat/298335378/,False,515444.7103274559
28174549.0,24.0,ЗАО,75.3,43.8,18,21,2023,True,False,2.74,2,https://www.cian.ru/sale/flat/292337487/,False,374163.99734395754
15300000.0,10.0,ВАО,40.0,,13,33,2023,True,False,,2,https://www.cian.ru/sale/flat/298751444/,False,382500.0
26205026.0,4.0,ЗАО,62.7,25.5,5,12,2022,True,True,3.0,2,https://www.cian.ru/sale/flat/298780527/,False,417942.99840510363
29000000.0,11.0,ЮВАО,73.2,,11,20,2023,True,False,3.0,2,https://www.cian.ru/sale/flat/286679691/,False,396174.8633879781
37000000.0,18.0,ЗАО,58.6,42.5,38,41,2024,True,False,3.1,2,https://www.cian.ru/sale/flat/294256822/,False,631399.3174061433
46930475.0,12.0,СЗАО,66.98,33.2,13,32,2023,True,False,3.0,2,https://www.cian.ru/sale/flat/300011576/,False,700664.0041803523
15272858.0,16.0,САО,59.6,29.7,3,14,2023,True,False,2.84,2,https://www.cian.ru/sale/flat/297033498/,False,256256.0067114094
19654093.0,5.0,ЮАО,40.66,25.5,26,26,2023,True,False,2.87,2,https://www.cian.ru/sale/flat/284858726/,False,483376.61091982294
21875716.0,10.0,ЮВАО,72.1,,29,33,2023,True,False,2.72,2,https://www.cian.ru/sale/flat/300362067/,False,303407.9889042996
26760111.0,4.0,СЗАО,64.08,33.1,47,52,2024,True,False,2.85,2,https://www.cian.ru/sale/flat/285042238/,False,417604.7284644195
29359584.0,,СЗАО,64.8,15.2,42,47,2023,True,False,3.05,2,https://www.cian.ru/sale/flat/296745601/,False,453080.0
17853150.0,10.0,ЮЗАО,69.4,,3,14,2023,True,True,2.8,2,https://www.cian.ru/sale/flat/297413619/,False,257249.99999999997
28900000.0,9.0,ЮАО,61.0,25.0,18,22,2023,True,False,,2,https://www.cian.ru/sale/flat/300707095/,False,473770.4918032787
32022800.0,12.0,СВАО,71.8,53.9,2,37,2024,True,False,3.0,2,https://www.cian.ru/sale/flat/298603477/,False,446000.0
30324294.0,17.0,СЗАО,56.7,32.7,9,43,2023,True,False,3.15,2,https://www.cian.ru/sale/flat/292613306/,False,534820.0
33854660.0,16.0,СЗАО,55.3,28.8,15,24,2023,True,False,3.15,2,https://www.cian.ru/sale/flat/289786070/,False,612200.0
37650214.0,13.0,СЗАО,79.36,36.8,14,15,2024,True,False,3.02,2,https://www.cian.ru/sale/flat/299960727/,False,474423.0594758065
75240000.0,3.0,ЦАО,83.6,,34,66,2020,True,True,3.9,2,https://www.cian.ru/sale/flat/300085962/,False,900000.0000000001
38042644.0,13.0,СЗАО,85.4,35.7,21,25,2022,True,False,3.02,2,https://www.cian.ru/sale/flat/290752573/,False,445464.21545667446
14924263.0,10.0,ЗАО,49.8,,11,25,2021,True,False,2.63,2,https://www.cian.ru/sale/flat/300605458/,False,299683.9959839358
16360104.0,9.0,ЗАО,37.37,22.9,17,30,2023,True,False,3.3,2,https://www.cian.ru/sale/flat/299583575/,False,437787.1019534386
29709300.0,16.0,СЗАО,59.3,,3,6,2023,True,True,3.24,2,https://www.cian.ru/sale/flat/299370743/,False,501000.0
37770000.0,,ЗАО,67.2,24.8,10,14,2023,True,False,3.0,2,https://www.cian.ru/sale/flat/299262051/,False,562053.5714285714
22652545.0,2.0,ВАО,56.5,35.6,1,20,2024,True,False,,2,https://www.cian.ru/sale/flat/297151029/,False,400930.0
24161658.0,4.0,ЮАО,53.66,31.4,25,27,2023,True,False,2.87,2,https://www.cian.ru/sale/flat/292741936/,False,450273.1643682445
15579050.0,5.0,ЗАО,52.9,,3,25,2021,True,False,2.63,2,https://www.cian.ru/sale/flat/299508963/,False,294500.0
55334473.0,12.0,САО,72.1,,32,41,2023,True,False,3.1,2,https://www.cian.ru/sale/flat/297177676/,False,767468.4188626908
19795000.0,4.0,ВАО,51.61,20.7,21,29,2023,True,False,3.0,2,https://www.cian.ru/sale/flat/299292598/,False,383549.69967060647
25293037.0,2.0,ВАО,65.57,,3,20,2024,True,False,,2,https://www.cian.ru/sale/flat/297151038/,False,385740.9943571756
31999440.0,16.0,СЗАО,52.7,29.8,15,24,2023,True,False,3.15,2,https://www.cian.ru/sale/flat/296517754/,False,607200.0
26020054.0,22.0,ЮАО,45.33,23.2,8,29,2023,True,False,3.0,2,https://www.cian.ru/sale/flat/296831921/,False,574013.9863225238
44000000.0,13.0,САО,59.0,15.5,12,12,2023,True,False,,2,https://www.cian.ru/sale/flat/290431235/,False,745762.7118644068
23990000.0,15.0,СЗАО,48.1,25.3,5,30,2023,True,False,,2,https://www.cian.ru/sale/flat/292944249/,False,498752.59875259874
16355789.0,6.0,САО,58.1,28.6,15,15,2023,True,False,2.84,2,https://www.cian.ru/sale/flat/300345249/,False,281510.9982788296
24610900.0,16.0,СЗАО,52.7,,3,6,2023,True,True,3.24,2,https://www.cian.ru/sale/flat/299370735/,False,467000.0
76167310.0,6.0,СЗАО,85.7,36.6,3,9,2023,True,False,3.25,2,https://www.cian.ru/sale/flat/299261517/,False,888766.7444574095
39220000.0,27.0,ЗАО,68.8,29.8,9,13,2023,True,False,3.13,2,https://www.cian.ru/sale/flat/296278100/,False,570058.1395348838
13758188.0,12.0,САО,57.3,,3,10,2024,True,True,3.0,2,https://www.cian.ru/sale/flat/293041441/,False,240107.99301919722
33870474.0,4.0,ЦАО,49.8,27.2,7,22,2022,True,False,3.25,2,https://www.cian.ru/sale/flat/298576259/,False,680130.0
27000000.0,5.0,СЗАО,56.7,32.7,7,43,2023,True,False,,2,https://www.cian.ru/sale/flat/297879015/,False,476190.47619047615
37620000.0,16.0,СЗАО,68.4,,6,6,2023,True,True,3.24,2,https://www.cian.ru/sale/flat/299370723/,False,550000.0
33804798.0,5.0,СЗАО,70.58,29.7,43,52,2024,True,False,2.85,2,https://www.cian.ru/sale/flat/299067078/,False,478957.18333805614
37585483.0,10.0,ЗАО,62.7,30.1,15,28,2022,True,False,3.4,2,https://www.cian.ru/sale/flat/298334112/,False,599449.4896331738
30320640.0,,СЗАО,72.0,43.7,41,47,2023,True,False,3.05,2,https://www.cian.ru/sale/flat/296745611/,False,421120.0
24765188.0,9.0,ЗАО,58.0,21.9,5,9,2023,True,False,2.74,2,https://www.cian.ru/sale/flat/288241596/,False,426986.0
20150000.0,17.0,САО,74.6,,7,12,2024,True,False,3.0,2,https://www.cian.ru/sale/flat/300110568/,False,270107.23860589816
31658683.0,5.0,ЮАО,73.2,,6,24,2023,True,False,3.15,2,https://www.cian.ru/sale/flat/300712731/,False,432495.6693989071
35467058.0,17.0,СЗАО,73.5,35.7,9,43,2023,True,False,3.15,2,https://www.cian.ru/sale/flat/295217122/,False,482545.00680272107
17700000.0,4.0,СЗАО,43.3,,5,54,2024,True,False,2.85,2,https://www.cian.ru/sale/flat/300121852/,False,408775.9815242494
30756000.0,9.0,СВАО,82.0,,8,27,2022,True,False,,2,https://www.cian.ru/sale/flat/294033540/,False,375073.1707317073
27984400.0,5.0,ЮЗАО,43.0,,35,42,2024,True,False,3.0,2,https://www.cian.ru/sale/flat/300672653/,False,650800.0
139720000.0,1.0,ЦАО,99.8,,5,9,2023,True,True,,2,https://www.cian.ru/sale/flat/289484495/,False,1400000.0
32357376.0,25.0,ЮАО,62.6,35.3,3,16,2023,True,False,3.15,2,https://www.cian.ru/sale/flat/293203991/,False,516890.99041533546
34729435.0,4.0,ЦАО,71.1,,7,10,2024,True,True,3.0,2,https://www.cian.ru/sale/flat/300483970/,False,488459.0014064698
21565260.0,20.0,СВАО,65.4,,8,22,2021,True,False,2.79,2,https://www.cian.ru/sale/flat/295442247/,False,329744.0366972477
46855074.0,18.0,ЮЗАО,74.2,,23,32,2021,True,False,3.1,2,https://www.cian.ru/sale/flat/296009970/,False,631470.0
22142467.0,20.0,СВАО,60.2,,7,22,2021,True,False,2.65,2,https://www.cian.ru/sale/flat/298401392/,False,367815.0664451827
36000000.0,5.0,СЗАО,70.3,25.6,16,29,2023,True,False,,2,https://www.cian.ru/sale/flat/300868161/,False,512091.0384068279
16900000.0,7.0,СЗАО,61.88,24.5,6,24,2024,True,False,,2,https://www.cian.ru/sale/flat/300195289/,False,273109.24369747896
46966924.0,5.0,ЗАО,83.89,,44,57,2024,True,False,2.9,2,https://www.cian.ru/sale/flat/290418618/,False,559863.2018118965
18029400.0,16.0,САО,59.7,29.7,7,15,2023,True,False,2.84,2,https://www.cian.ru/sale/flat/297033157/,False,302000.0
19800000.0,10.0,СЗАО,46.0,,9,26,2024,True,False,4.4,2,https://www.cian.ru/sale/flat/300567867/,False,430434.7826086957
11784950.0,9.0,ВАО,32.01,20.6,12,25,2024,True,True,2.8,2,https://www.cian.ru/sale/flat/300470632/,False,368164.63605123403
34085000.0,14.0,ЮЗАО,85.0,,10,23,2022,True,False,,2,https://www.cian.ru/sale/flat/283749013/,False,401000.0
13290010.0,9.0,ВАО,35.33,23.7,20,25,2024,True,True,2.8,2,https://www.cian.ru/sale/flat/298003723/,False,376167.84602320974
40799069.0,25.0,ЮАО,84.51,37.6,8,12,2023,True,False,3.0,2,https://www.cian.ru/sale/flat/285359326/,False,482772.0861436516
33786748.0,7.0,ЮАО,72.2,,23,24,2023,True,False,2.97,2,https://www.cian.ru/sale/flat/288141331/,False,467960.49861495843
29576436.0,6.0,ЮЗАО,60.6,,2,12,2024,True,False,3.17,2,https://www.cian.ru/sale/flat/294550028/,False,488060.0
34335474.0,22.0,ЮАО,92.78,31.9,2,17,2023,True,False,3.0,2,https://www.cian.ru/sale/flat/294939321/,False,370074.0892433714
31520784.0,10.0,САО,74.1,,33,43,2023,True,False,4.2,2,https://www.cian.ru/sale/flat/272090911/,False,425381.70040485833
34785711.0,20.0,ЮАО,66.5,28.6,11,46,2023,True,False,3.0,2,https://www.cian.ru/sale/flat/299093537/,False,523093.3984962406
15836476.0,6.0,ЗАО,54.1,,2,25,2021,True,False,2.63,2,https://www.cian.ru/sale/flat/300889122/,False,292725.98890942696
21286313.0,12.0,ЗАО,49.8,,10,21,2020,True,True,3.3,2,https://www.cian.ru/sale/flat/292571125/,False,427436.0040160643
21000000.0,9.0,ЮАО,51.6,11.2,13,28,2024,True,False,3.0,2,https://www.cian.ru/sale/flat/298566212/,False,406976.7441860465
27500000.0,5.0,СЗАО,64.0,27.1,17,44,2023,True,False,,2,https://www.cian.ru/sale/flat/299303429/,False,429687.5
29775786.0,5.0,Неизвестно,72.1,,2,24,2023,True,False,3.15,2,https://www.cian.ru/sale/flat/300624695/,False,412979.0013869626
147160000.0,1.0,ЦАО,104.0,,6,9,2023,True,True,,2,https://www.cian.ru/sale/flat/293149097/,False,1415000.0
73395040.0,6.0,СЗАО,79.2,36.2,7,9,2023,True,False,3.25,2,https://www.cian.ru/sale/flat/299261519/,False,926705.0505050505
22553000.0,9.0,СВАО,62.1,,7,27,2022,True,False,,2,https://www.cian.ru/sale/flat/294033901/,False,363172.30273752013
45357109.0,4.0,СВАО,79.7,,15,15,2021,True,True,,2,https://www.cian.ru/sale/flat/292035528/,False,569097.9799247177
32810400.0,12.0,СВАО,75.6,56.7,2,37,2024,True,False,3.0,2,https://www.cian.ru/sale/flat/298828169/,False,434000.00000000006
80000000.0,1.0,ЦАО,116.2,,25,85,2015,True,True,,2,https://www.cian.ru/sale/flat/299938864/,False,688468.1583476764
19700000.0,26.0,СЗАО,53.2,,5,21,2024,True,False,3.0,2,https://www.cian.ru/sale/flat/300283885/,False,370300.75187969924
28900000.0,8.0,ЮАО,62.81,,14,22,2023,True,False,,2,https://www.cian.ru/sale/flat/299114283/,False,460117.8156344531
23688668.0,17.0,ЮВАО,60.5,23.9,5,30,2024,True,False,2.87,2,https://www.cian.ru/sale/flat/300575251/,False,391548.2314049587
30048408.0,2.0,ЮЗАО,65.6,,14,25,2024,True,False,3.65,2,https://www.cian.ru/sale/flat/298403133/,False,458055.00000000006
126980000.0,5.0,СЗАО,87.1,30.6,1,3,2023,True,True,3.1,2,https://www.cian.ru/sale/flat/300415762/,False,1457864.5235361655
35124125.0,5.0,ЗАО,63.52,,13,57,2024,True,False,2.9,2,https://www.cian.ru/sale/flat/283864418/,False,552961.6656171285
15625394.0,10.0,ЗАО,51.4,,12,25,2021,True,False,2.63,2,https://www.cian.ru/sale/flat/299449791/,False,303995.99221789883
30500000.0,14.0,СЗАО,68.3,,28,41,2024,True,False,,2,https://www.cian.ru/sale/flat/300866779/,False,446559.29721815523
29350000.0,8.0,СЗАО,79.73,,3,8,2024,True,False,,2,https://www.cian.ru/sale/flat/300651675/,False,368117.39621221623
29201900.0,19.0,ЮВАО,63.5,29.7,12,22,2023,True,False,3.0,2,https://www.cian.ru/sale/flat/300165804/,False,459872.4409448819
29862660.0,19.0,ЮВАО,67.1,30.3,21,22,2023,True,False,3.0,2,https://www.cian.ru/sale/flat/300165801/,False,445047.0938897169
25368000.0,,СЗАО,56.0,,40,47,2023,True,False,3.05,2,https://www.cian.ru/sale/flat/296745634/,False,453000.0
25178208.0,6.0,ЮАО,44.0,24.2,15,15,2023,True,False,3.15,2,https://www.cian.ru/sale/flat/293204091/,False,572232.0
20535330.0,4.0,ЗАО,62.2,35.2,23,29,2022,True,True,3.0,2,https://www.cian.ru/sale/flat/290856466/,False,330150.0
30064650.0,13.0,ЮЗАО,62.7,37.4,24,32,2021,True,False,3.1,2,https://www.cian.ru/sale/flat/264100619/,False,479500.0
53809097.0,23.0,ЮАО,79.1,36.1,7,11,2024,True,False,3.1,2,https://www.cian.ru/sale/flat/299226753/,False,680266.7130214919
21091978.0,20.0,СВАО,64.2,,2,22,2021,True,False,2.79,2,https://www.cian.ru/sale/flat/294768594/,False,328535.4828660436
32923968.0,,СЗАО,70.4,35.7,19,29,2023,True,False,3.15,2,https://www.cian.ru/sale/flat/289786214/,False,467669.99999999994
11900000.0,20.0,ЮВАО,38.51,,18,21,2024,True,True,3.0,2,https://www.cian.ru/sale/flat/299244406/,False,309010.64658530254
31044068.0,7.0,ЮАО,60.3,29.3,30,40,2023,True,False,3.15,2,https://www.cian.ru/sale/flat/293203948/,False,514826.9983416252
27813044.0,4.0,СЗАО,62.09,29.6,51,52,2024,True,False,2.85,2,https://www.cian.ru/sale/flat/285042234/,False,447947.237880496
12900000.0,17.0,ЮВАО,41.54,,8,21,2024,True,True,3.0,2,https://www.cian.ru/sale/flat/298554168/,False,310544.05392392876
15961450.0,4.0,ВАО,35.3,20.2,6,29,2023,True,False,3.0,2,https://www.cian.ru/sale/flat/298055188/,False,452165.7223796034
28657590.0,11.0,ЮЗАО,59.1,31.4,27,34,2023,True,False,3.0,2,https://www.cian.ru/sale/flat/300673465/,False,484900.0
78120660.0,6.0,СЗАО,90.1,,2,9,2023,True,False,3.25,2,https://www.cian.ru/sale/flat/299261520/,False,867043.9511653718
23700476.0,24.0,ЗАО,60.4,27.5,5,21,2023,True,False,2.74,2,https://www.cian.ru/sale/flat/294232255/,False,392391.9867549669
15800000.0,17.0,ЮВАО,47.73,,7,21,2024,True,True,3.0,2,https://www.cian.ru/sale/flat/298189595/,False,331028.7031217264
118150000.0,6.0,СЗАО,107.2,32.9,2,3,2023,True,True,3.1,2,https://www.cian.ru/sale/flat/300415740/,False,1102145.5223880596
173610717.0,9.0,ЦАО,126.3,,9,15,2023,True,False,3.0,2,https://www.cian.ru/sale/flat/272819965/,False,1374590.0
30828160.0,4.0,ЮЗАО,85.4,,18,24,2022,True,True,,2,https://www.cian.ru/sale/flat/294637306/,False,360985.4800936768
21000000.0,9.0,СВАО,55.0,29.0,19,20,2019,True,False,,2,https://www.cian.ru/sale/flat/297093635/,False,381818.1818181818
35127607.0,4.0,ЦАО,69.6,,7,10,2024,True,True,3.0,2,https://www.cian.ru/sale/flat/300483969/,False,504706.99712643685
29663214.0,4.0,СЗАО,60.62,28.7,46,52,2024,True,False,2.85,2,https://www.cian.ru/sale/flat/299067050/,False,489330.4849884527
157144346.0,8.0,ЦАО,124.9,,8,13,2013,True,True,3.15,2,https://www.cian.ru/sale/flat/297286591/,False,1258161.29703763
29612067.0,24.0,ЮАО,53.9,24.2,11,16,2023,True,False,3.15,2,https://www.cian.ru/sale/flat/293204034/,False,549388.9981447124
30707300.0,2.0,ЮЗАО,65.0,,2,25,2024,True,False,3.65,2,https://www.cian.ru/sale/flat/294550150/,False,472420.0
16400000.0,18.0,ЮВАО,58.0,,4,15,2023,True,False,,2,https://www.cian.ru/sale/flat/300887458/,False,282758.6206896552
26649000.0,,СЗАО,56.7,,47,47,2023,True,False,3.05,2,https://www.cian.ru/sale/flat/296745635/,False,470000.0
42230000.0,10.0,ЗАО,51.3,33.7,15,32,2024,True,True,,2,https://www.cian.ru/sale/flat/299758707/,False,823196.881091618
52251760.0,7.0,СЗАО,76.4,29.6,14,15,2023,True,False,3.23,2,https://www.cian.ru/sale/flat/299578034/,False,683923.560209424
14900000.0,19.0,СВАО,63.7,,13,25,2024,True,False,3.0,2,https://www.cian.ru/sale/flat/299247819/,False,233908.94819466246
29976267.0,11.0,СВАО,58.9,,22,22,2024,True,False,3.0,2,https://www.cian.ru/sale/flat/297261569/,False,508934.9235993209
41320668.0,25.0,ЮАО,73.2,46.2,11,14,2023,True,False,3.15,2,https://www.cian.ru/sale/flat/293204283/,False,564490.0
31122705.0,19.0,ЮАО,63.3,,8,8,2024,True,False,2.97,2,https://www.cian.ru/sale/flat/298310713/,False,491669.90521327016
57600000.0,,ЗАО,68.4,25.9,14,14,2023,True,False,3.0,2,https://www.cian.ru/sale/flat/299262052/,False,842105.2631578947
111060882.0,8.0,ЦАО,112.9,,10,13,2013,True,True,3.15,2,https://www.cian.ru/sale/flat/297286575/,False,983710.2037201063
29143191.0,9.0,ЗАО,73.7,30.5,8,9,2023,True,False,2.74,2,https://www.cian.ru/sale/flat/289800706/,False,395430.0
45340500.0,16.0,СЗАО,90.5,,3,6,2023,True,True,3.24,2,https://www.cian.ru/sale/flat/299370728/,False,501000.0
74935640.0,6.0,СЗАО,79.6,36.2,8,9,2023,True,False,3.25,2,https://www.cian.ru/sale/flat/299261516/,False,941402.5125628142
33444818.0,22.0,ЮАО,71.71,31.2,6,29,2023,True,False,3.0,2,https://www.cian.ru/sale/flat/296831923/,False,466389.8758889974
24300000.0,18.0,ЗАО,47.8,36.8,5,41,2024,True,False,4.2,2,https://www.cian.ru/sale/flat/289060145/,False,508368.2008368201
40811432.0,4.0,ЦАО,83.0,47.3,10,10,2024,True,True,3.0,2,https://www.cian.ru/sale/flat/296548834/,False,491704.0
16811680.0,5.0,ЗАО,58.7,,5,25,2021,True,False,2.63,2,https://www.cian.ru/sale/flat/299449776/,False,286400.0
32354169.0,5.0,ЮЗАО,70.3,,22,25,2024,True,False,3.17,2,https://www.cian.ru/sale/flat/294550013/,False,460230.0
32107152.0,5.0,ЦАО,71.4,48.2,11,13,2022,True,True,3.4,2,https://www.cian.ru/sale/flat/286886807/,False,449679.99999999994
25066035.0,9.0,СВАО,74.2,,16,27,2022,True,False,,2,https://www.cian.ru/sale/flat/294033539/,False,337817.18328840967
17423703.0,20.0,СВАО,52.3,,13,22,2021,True,False,2.79,2,https://www.cian.ru/sale/flat/296754095/,False,333149.1969407266
48374600.0,,ЦАО,99.78,29.8,36,51,2019,True,False,3.1,2,https://www.cian.ru/sale/flat/293376108/,False,484812.5876929244
33847838.0,22.0,ЮАО,68.8,,26,26,2023,True,False,3.0,2,https://www.cian.ru/sale/flat/292741926/,False,491974.3895348837
32701895.0,6.0,ЗАО,63.0,30.1,12,28,2022,True,False,3.12,2,https://www.cian.ru/sale/flat/298334237/,False,519077.6984126984
28000000.0,15.0,СЗАО,65.0,32.0,3,13,2023,True,False,,2,https://www.cian.ru/sale/flat/298696548/,False,430769.23076923075
13000000.0,5.0,ЮАО,65.0,34.0,12,18,2023,True,False,2.8,2,https://www.cian.ru/sale/flat/292667670/,False,200000.0
20004880.0,11.0,ЗАО,51.4,23.2,25,33,2023,True,False,2.62,2,https://www.cian.ru/sale/flat/297434006/,False,389200.0
31547360.0,16.0,СЗАО,52.3,29.4,14,24,2023,True,False,3.15,2,https://www.cian.ru/sale/flat/292613405/,False,603200.0
35955570.0,19.0,СВАО,91.7,,2,22,2023,True,False,3.0,2,https://www.cian.ru/sale/flat/299702708/,False,392100.0
62500000.0,27.0,ЗАО,74.4,27.6,14,14,2023,True,False,3.0,2,https://www.cian.ru/sale/flat/299262084/,False,840053.7634408602
34511400.0,12.0,СВАО,74.7,,16,37,2024,True,False,3.0,2,https://www.cian.ru/sale/flat/298828156/,False,462000.0
23913372.0,7.0,ЗАО,60.7,26.7,9,21,2023,True,False,2.74,2,https://www.cian.ru/sale/flat/297464706/,False,393960.0
37666040.0,16.0,СЗАО,65.2,35.5,18,24,2023,True,False,3.15,2,https://www.cian.ru/sale/flat/289786106/,False,577700.0
47041200.0,8.0,ЦАО,71.6,66.6,35,51,2023,True,False,3.0,2,https://www.cian.ru/sale/flat/300331468/,False,657000.0
33527660.0,19.0,ЮВАО,70.7,27.8,22,22,2023,True,False,3.0,2,https://www.cian.ru/sale/flat/300165820/,False,474224.3281471004
21931606.0,10.0,ЗАО,51.95,38.9,17,30,2023,True,False,3.3,2,https://www.cian.ru/sale/flat/297984331/,False,422167.5842155919
20674751.0,19.0,СВАО,62.9,,25,33,2023,True,False,2.63,2,https://www.cian.ru/sale/flat/300439850/,False,328692.38473767886
50784952.0,22.0,ЮАО,82.27,32.1,15,16,2023,True,False,3.0,2,https://www.cian.ru/sale/flat/290542282/,False,617296.1225233986
30553120.0,,СЗАО,48.1,25.3,8,29,2023,True,False,3.15,2,https://www.cian.ru/sale/flat/300359171/,False,635200.0
35520737.0,7.0,ЮАО,63.4,36.2,17,22,2023,True,False,3.15,2,https://www.cian.ru/sale/flat/293204415/,False,560263.9905362776
31000000.0,15.0,СЗАО,70.6,,9,13,2023,True,False,,2,https://www.cian.ru/sale/flat/297095390/,False,439093.4844192635
32392797.0,2.0,ЮЗАО,69.4,,17,25,2024,True,False,3.65,2,https://www.cian.ru/sale/flat/296518951/,False,466754.99999999994
29060395.0,4.0,ЦАО,42.5,,19,22,2022,True,False,3.25,2,https://www.cian.ru/sale/flat/298576274/,False,683774.0
40670000.0,10.0,ЮЗАО,116.2,70.8,12,14,2023,True,True,2.8,2,https://www.cian.ru/sale/flat/297680757/,False,350000.0
34900000.0,19.0,ЮВАО,65.7,,4,22,2023,True,False,5.05,2,https://www.cian.ru/sale/flat/298189601/,False,531202.4353120243
41215500.0,18.0,ЮЗАО,64.5,,32,32,2021,True,False,3.1,2,https://www.cian.ru/sale/flat/296009966/,False,639000.0
34585280.0,6.0,СЗАО,70.1,32.7,3,13,2023,True,False,3.1,2,https://www.cian.ru/sale/flat/296760316/,False,493370.6134094152
98763758.0,8.0,ЦАО,122.7,,3,13,2013,True,True,3.15,2,https://www.cian.ru/sale/flat/297286573/,False,804920.6030969844
31374890.0,19.0,ЮВАО,70.9,32.7,14,21,2023,True,False,3.0,2,https://www.cian.ru/sale/flat/300165809/,False,442523.1311706629
38806600.0,12.0,СЗАО,74.2,33.1,9,21,2023,True,False,3.1,2,https://www.cian.ru/sale/flat/299168072/,False,523000.0
21910757.0,8.0,САО,44.2,28.5,16,35,2023,True,False,3.1,2,https://www.cian.ru/sale/flat/298334747/,False,495718.4841628959
39303176.0,4.0,ЦАО,81.4,37.7,7,10,2024,True,True,3.0,2,https://www.cian.ru/sale/flat/300483965/,False,482839.99999999994
17500000.0,8.0,ЗАО,51.85,22.8,12,33,2023,True,False,,2,https://www.cian.ru/sale/flat/300397129/,False,337512.05400192866
34073243.0,20.0,ЮАО,66.03,28.3,8,46,2023,True,False,3.0,2,https://www.cian.ru/sale/flat/299093542/,False,516026.69998485537
90214161.0,12.0,ЦАО,87.3,54.7,5,9,2021,True,True,3.6,2,https://www.cian.ru/sale/flat/298329488/,False,1033380.996563574
32075050.0,5.0,ЗАО,56.77,,33,57,2024,True,False,2.9,2,https://www.cian.ru/sale/flat/295072445/,False,565000.0
25500000.0,14.0,СЗАО,51.1,,36,41,2024,True,False,,2,https://www.cian.ru/sale/flat/297149385/,False,499021.52641878667
16864281.0,5.0,ЗАО,60.7,,6,25,2021,True,False,2.63,2,https://www.cian.ru/sale/flat/300605469/,False,277830.0
18000000.0,12.0,ЮЗАО,42.6,21.2,6,28,2024,True,False,,2,https://www.cian.ru/sale/flat/294997110/,False,422535.2112676056
29270700.0,5.0,ЮЗАО,66.6,,31,34,2023,True,False,3.0,2,https://www.cian.ru/sale/flat/300761715/,False,439500.00000000006
17500000.0,20.0,ЮАО,39.6,22.8,15,24,2023,True,True,,2,https://www.cian.ru/sale/flat/292016280/,False,441919.1919191919
16541000.0,5.0,ЗАО,55.6,,3,25,2021,True,False,2.63,2,https://www.cian.ru/sale/flat/299449764/,False,297500.0
31525164.0,4.0,Неизвестно,73.4,,3,24,2023,True,False,3.15,2,https://www.cian.ru/sale/flat/300624681/,False,429498.14713896456
30095214.0,5.0,ЮЗАО,67.3,,19,25,2024,True,False,3.17,2,https://www.cian.ru/sale/flat/296330604/,False,447180.0
34504350.0,16.0,СЗАО,55.5,,18,24,2023,True,False,3.15,2,https://www.cian.ru/sale/flat/291506160/,False,621700.0
18432030.0,11.0,ЗАО,46.3,21.8,32,33,2023,True,False,2.62,2,https://www.cian.ru/sale/flat/293187689/,False,398100.0
41215500.0,13.0,ЮЗАО,64.5,,23,32,2021,True,False,3.1,2,https://www.cian.ru/sale/flat/264100710/,False,639000.0
20018048.0,30.0,ЗАО,48.6,,27,33,2023,True,False,2.62,2,https://www.cian.ru/sale/flat/300679492/,False,411893.99176954734
29705530.0,25.0,ЮАО,64.4,32.9,6,16,2022,True,False,3.15,2,https://www.cian.ru/sale/flat/293203840/,False,461265.9937888198
28500000.0,5.0,СЗАО,59.5,28.8,14,44,2023,True,False,,2,https://www.cian.ru/sale/flat/295291741/,False,478991.59663865546
68144365.0,12.0,ЦАО,68.7,32.4,3,17,2022,True,False,3.6,2,https://www.cian.ru/sale/flat/285243989/,False,991912.154294032
34561246.0,22.0,ЮАО,70.59,32.4,21,21,2023,True,False,3.0,2,https://www.cian.ru/sale/flat/289000790/,False,489605.41153137834
37252800.0,19.0,СВАО,93.6,,5,22,2023,True,False,3.0,2,https://www.cian.ru/sale/flat/299702715/,False,398000.0
37948000.0,11.0,СЗАО,71.6,,13,21,2023,True,False,3.1,2,https://www.cian.ru/sale/flat/299167972/,False,530000.0
16388393.0,5.0,ЗАО,55.1,,12,25,2021,True,False,2.63,2,https://www.cian.ru/sale/flat/300605467/,False,297430.0
14518035.0,16.0,САО,52.9,25.5,13,14,2023,True,False,2.84,2,https://www.cian.ru/sale/flat/297032963/,False,274443.0056710775
14550000.0,5.0,СЗАО,51.1,,4,20,2024,True,False,,2,https://www.cian.ru/sale/flat/299687178/,False,284735.8121330724
36841600.0,19.0,СВАО,92.8,,4,22,2023,True,False,3.0,2,https://www.cian.ru/sale/flat/299702711/,False,397000.0
37160243.0,15.0,ЮАО,73.6,,20,24,2023,True,False,3.15,2,https://www.cian.ru/sale/flat/300761665/,False,504894.6059782609
41305307.0,4.0,ЦАО,86.5,50.8,3,10,2024,True,True,3.0,2,https://www.cian.ru/sale/flat/295316278/,False,477518.0
26600000.0,11.0,ВАО,70.26,,6,20,2024,True,False,,2,https://www.cian.ru/sale/flat/287925648/,False,378593.7944776544
38150000.0,15.0,ЮАО,66.3,34.2,12,12,2023,True,False,,2,https://www.cian.ru/sale/flat/284150755/,False,575414.7812971342
28000000.0,16.0,ЮАО,55.8,,2,21,2024,True,False,2.87,2,https://www.cian.ru/sale/flat/299659728/,False,501792.1146953405
13050000.0,8.0,САО,34.1,,17,18,2022,True,False,,2,https://www.cian.ru/sale/flat/297049404/,False,382697.94721407624
26993838.0,9.0,ЗАО,45.8,20.1,4,15,2022,True,False,3.12,2,https://www.cian.ru/sale/flat/298334391/,False,589385.1091703057
14180992.0,10.0,ЗАО,47.6,,3,25,2022,True,False,2.7,2,https://www.cian.ru/sale/flat/300614605/,False,297920.0
38951100.0,13.0,ЮЗАО,76.6,45.8,2,32,2021,True,False,3.1,2,https://www.cian.ru/sale/flat/264099911/,False,508500.00000000006
36740000.0,27.0,ЗАО,68.8,24.6,8,14,2023,True,False,3.0,2,https://www.cian.ru/sale/flat/299262124/,False,534011.6279069767
31171960.0,19.0,ЮВАО,69.7,29.3,21,22,2023,True,False,3.0,2,https://www.cian.ru/sale/flat/300165822/,False,447230.41606886656
9500000.0,16.0,СЗАО,45.18,28.5,27,28,2023,True,True,,2,https://www.cian.ru/sale/flat/296787455/,False,210270.03098716246
20301398.0,27.0,ЮАО,71.6,29.1,2,33,2023,True,False,2.62,2,https://www.cian.ru/sale/flat/300725137/,False,283539.07821229054
36318342.0,5.0,ЗАО,61.6,,12,57,2024,True,False,2.9,2,https://www.cian.ru/sale/flat/282209287/,False,589583.474025974
20588673.0,16.0,СЗАО,61.7,,2,24,2024,True,False,3.0,2,https://www.cian.ru/sale/flat/300361489/,False,333690.0
29890248.0,6.0,ЮЗАО,62.6,,2,12,2024,True,False,3.17,2,https://www.cian.ru/sale/flat/294550025/,False,477480.0
469028980.0,8.0,ЦАО,126.2,63.6,2,5,2023,True,False,3.0,2,https://www.cian.ru/sale/flat/299858831/,False,3716552.9318541996
35158818.0,7.0,ЮАО,69.8,32.3,4,40,2023,True,False,3.15,2,https://www.cian.ru/sale/flat/293203914/,False,503707.994269341
35800000.0,5.0,ЗАО,79.5,38.8,3,20,2024,True,False,,2,https://www.cian.ru/sale/flat/293099912/,False,450314.46540880506
34371540.0,,СЗАО,56.7,29.4,14,29,2023,True,False,3.15,2,https://www.cian.ru/sale/flat/296524893/,False,606200.0
29600000.0,15.0,СЗАО,65.1,41.1,23,41,2024,True,False,3.2,2,https://www.cian.ru/sale/flat/298883973/,False,454685.0998463902
15621827.0,10.0,ЗАО,53.6,,2,25,2021,True,False,2.63,2,https://www.cian.ru/sale/flat/300605455/,False,291451.9962686567
19821352.0,6.0,САО,40.6,,3,33,2024,True,True,2.7,2,https://www.cian.ru/sale/flat/299401333/,False,488210.64039408864
38465513.0,13.0,СЗАО,85.8,36.6,22,25,2022,True,False,3.02,2,https://www.cian.ru/sale/flat/290752583/,False,448316.0023310023
23400000.0,17.0,ЮАО,66.02,,3,7,2024,True,False,,2,https://www.cian.ru/sale/flat/300304732/,False,354438.0490760376
32964420.0,19.0,СВАО,78.9,,2,22,2023,True,False,3.0,2,https://www.cian.ru/sale/flat/299702726/,False,417799.99999999994
32474550.0,19.0,СВАО,74.5,,19,22,2023,True,False,3.0,2,https://www.cian.ru/sale/flat/299702854/,False,435900.0
32587200.0,12.0,СВАО,74.4,55.8,4,37,2024,True,False,3.0,2,https://www.cian.ru/sale/flat/298828171/,False,437999.99999999994
101639382.0,11.0,ЦАО,105.2,,1,7,2022,True,True,3.4,2,https://www.cian.ru/sale/flat/288177339/,False,966153.8212927757
31350680.0,19.0,ЮВАО,70.1,32.7,16,21,2023,True,False,3.0,2,https://www.cian.ru/sale/flat/300165810/,False,447227.9600570614
13000000.0,14.0,СВАО,51.0,,11,18,2023,True,True,,2,https://www.cian.ru/sale/flat/289253686/,False,254901.96078431373
24520932.0,24.0,ЗАО,63.7,25.8,3,21,2023,True,False,2.74,2,https://www.cian.ru/sale/flat/284074576/,False,384943.9874411303
146630000.0,8.0,ЦАО,133.3,,9,13,2013,True,True,3.15,2,https://www.cian.ru/sale/flat/297286590/,False,1100000.0
20299959.0,5.0,СВАО,67.4,,2,33,2023,True,False,2.63,2,https://www.cian.ru/sale/flat/299449844/,False,301186.33531157265
37047354.0,4.0,ЮАО,74.0,,4,6,2023,True,False,3.15,2,https://www.cian.ru/sale/flat/300800420/,False,500639.91891891893
42606300.0,2.0,САО,77.8,,21,21,2023,True,True,3.15,2,https://www.cian.ru/sale/flat/298000720/,False,547638.8174807198
21225600.0,14.0,ЗАО,53.6,26.3,21,21,2023,True,False,2.62,2,https://www.cian.ru/sale/flat/270797354/,False,396000.0
50820000.0,28.0,ЗАО,72.9,27.9,12,13,2023,True,False,3.58,2,https://www.cian.ru/sale/flat/296277900/,False,697119.3415637859
12700000.0,20.0,СЗАО,41.5,,2,25,2024,True,True,3.0,2,https://www.cian.ru/sale/flat/298274092/,False,306024.0963855422
46855074.0,13.0,ЮЗАО,74.2,35.1,23,32,2021,True,False,3.1,2,https://www.cian.ru/sale/flat/294207287/,False,631470.0
15800000.0,19.0,СВАО,60.0,,19,25,2024,True,False,3.0,2,https://www.cian.ru/sale/flat/300601398/,False,263333.3333333333
29200000.0,14.0,СЗАО,65.3,28.6,36,41,2018,True,False,3.2,2,https://www.cian.ru/sale/flat/300702766/,False,447166.92189892806
34510079.0,6.0,ЗАО,63.0,31.3,11,28,2022,True,False,3.12,2,https://www.cian.ru/sale/flat/298334272/,False,547779.0317460317
31043096.0,4.0,ЮАО,59.1,,5,6,2023,True,False,3.15,2,https://www.cian.ru/sale/flat/300800419/,False,525263.8917089679
31073840.0,19.0,ЮВАО,63.2,29.7,22,22,2023,True,False,3.0,2,https://www.cian.ru/sale/flat/300165805/,False,491674.68354430376
15500000.0,10.0,СЗАО,53.0,,4,57,2025,True,False,,2,https://www.cian.ru/sale/flat/300232324/,False,292452.8301886792
31267474.0,5.0,ЗАО,58.48,,2,57,2024,True,False,2.9,2,https://www.cian.ru/sale/flat/290790439/,False,534669.5280437757
143796000.0,1.0,ЦАО,104.2,,5,9,2023,True,True,,2,https://www.cian.ru/sale/flat/286258299/,False,1380000.0
9200000.0,14.0,САО,32.83,20.7,8,11,2024,True,False,,2,https://www.cian.ru/sale/flat/290060320/,False,280231.495583308
15981280.0,10.0,ЗАО,53.2,,3,25,2021,True,False,2.63,2,https://www.cian.ru/sale/flat/299449819/,False,300400.0
28436974.0,17.0,СЗАО,60.0,29.5,16,16,2024,True,False,3.02,2,https://www.cian.ru/sale/flat/292809866/,False,473949.56666666665
18343212.0,9.0,ЗАО,44.79,30.1,18,30,2023,True,False,3.3,2,https://www.cian.ru/sale/flat/299583584/,False,409538.11118553247
19570315.0,10.0,ЮВАО,57.9,,6,33,2023,True,False,2.72,2,https://www.cian.ru/sale/flat/300362053/,False,338001.9861830743
85974000.0,1.0,ЦАО,62.3,,8,9,2023,True,True,,2,https://www.cian.ru/sale/flat/289484533/,False,1380000.0
14500000.0,17.0,ЮВАО,48.74,,11,19,2024,True,True,3.0,2,https://www.cian.ru/sale/flat/298297506/,False,297496.92244562984
21809958.0,30.0,ЗАО,52.6,20.8,11,34,2023,True,False,2.62,2,https://www.cian.ru/sale/flat/300679303/,False,414637.9847908745
30865030.0,19.0,СВАО,70.1,,12,22,2023,True,False,3.0,2,https://www.cian.ru/sale/flat/299702693/,False,440300.00000000006
20069280.0,12.0,ЗАО,54.3,20.2,20,21,2023,True,False,2.7,2,https://www.cian.ru/sale/flat/288566013/,False,369600.0
26978000.0,12.0,СВАО,57.4,43.1,11,37,2024,True,False,3.0,2,https://www.cian.ru/sale/flat/298603590/,False,470000.0
34001079.0,23.0,ЮАО,73.3,36.2,3,11,2024,True,False,3.1,2,https://www.cian.ru/sale/flat/299472253/,False,463861.9236016371
27000000.0,5.0,СЗАО,49.5,26.8,5,25,2023,True,False,,2,https://www.cian.ru/sale/flat/295279670/,False,545454.5454545454
42700000.0,27.0,ЗАО,68.2,25.9,11,13,2023,True,False,3.13,2,https://www.cian.ru/sale/flat/296278092/,False,626099.706744868
26990000.0,5.0,ЮВАО,64.0,28.0,16,21,2023,True,False,,2,https://www.cian.ru/sale/flat/298113963/,False,421718.75
29178803.0,6.0,ЮЗАО,51.9,,9,12,2024,True,False,3.17,2,https://www.cian.ru/sale/flat/300451840/,False,562212.0038535646
29501209.0,15.0,СЗАО,59.94,,3,54,2027,True,False,3.0,2,https://www.cian.ru/sale/flat/300397138/,False,492178.995662329
24520188.0,9.0,ЗАО,66.0,20.7,7,21,2023,True,False,2.74,2,https://www.cian.ru/sale/flat/297464730/,False,371518.0
38335900.0,12.0,СЗАО,73.3,32.6,13,21,2023,True,False,3.1,2,https://www.cian.ru/sale/flat/299168060/,False,523000.0
19601636.0,10.0,ЗАО,68.9,,4,25,2021,True,False,2.63,2,https://www.cian.ru/sale/flat/300889114/,False,284493.9912917271
27000000.0,8.0,ЮВАО,58.0,28.0,26,26,2023,True,False,,2,https://www.cian.ru/sale/flat/298461651/,False,465517.2413793103
22000000.0,18.0,ЮЗАО,45.7,15.5,21,56,2023,True,False,,2,https://www.cian.ru/sale/flat/295267133/,False,481400.43763676146
31729560.0,19.0,ЮВАО,69.7,29.3,22,22,2023,True,False,3.0,2,https://www.cian.ru/sale/flat/300165826/,False,455230.41606886656
27670000.0,5.0,СЗАО,48.3,25.3,17,30,2024,True,False,3.2,2,https://www.cian.ru/sale/flat/299150234/,False,572877.8467908903
37950043.0,7.0,ЮАО,59.3,25.7,18,22,2023,True,False,3.15,2,https://www.cian.ru/sale/flat/293356259/,False,639966.9983136593
15146733.0,6.0,ЗАО,50.1,,18,25,2021,True,False,2.63,2,https://www.cian.ru/sale/flat/299449835/,False,302330.0
26864572.0,4.0,СЗАО,64.52,33.1,45,52,2024,True,False,2.85,2,https://www.cian.ru/sale/flat/287511278/,False,416375.8834469932
19080360.0,11.0,ЗАО,48.6,21.7,28,33,2023,True,False,2.62,2,https://www.cian.ru/sale/flat/291512784/,False,392600.0
33000000.0,11.0,ЮВАО,61.5,,9,14,2023,True,False,,2,https://www.cian.ru/sale/flat/298918046/,False,536585.3658536585
20607312.0,30.0,ЗАО,51.3,20.7,25,33,2023,True,False,2.62,2,https://www.cian.ru/sale/flat/300679483/,False,401701.9883040936
16926240.0,10.0,ЗАО,59.1,,5,25,2021,True,False,2.63,2,https://www.cian.ru/sale/flat/299652496/,False,286400.0
24719029.0,8.0,СВАО,64.0,,7,22,2021,True,False,2.72,2,https://www.cian.ru/sale/flat/299527047/,False,386234.828125
32253218.0,5.0,ЗАО,58.58,,2,57,2024,True,False,2.9,2,https://www.cian.ru/sale/flat/282209330/,False,550584.1242744965
20398240.0,4.0,ВАО,55.43,27.2,19,29,2023,True,False,3.0,2,https://www.cian.ru/sale/flat/300687592/,False,368000.0
16562490.0,10.0,ЗАО,57.0,,4,25,2021,True,False,2.63,2,https://www.cian.ru/sale/flat/300605447/,False,290570.0
22236690.0,7.0,ЗАО,52.5,24.4,9,21,2023,True,False,2.74,2,https://www.cian.ru/sale/flat/276331298/,False,423556.0
106730000.0,5.0,СЗАО,94.2,30.4,2,3,2023,True,True,3.1,2,https://www.cian.ru/sale/flat/300415816/,False,1133014.8619957536
29481400.0,5.0,ЮЗАО,59.8,,32,34,2023,True,False,3.0,2,https://www.cian.ru/sale/flat/300800763/,False,493000.0
23654000.0,9.0,СВАО,62.7,,13,27,2022,True,False,,2,https://www.cian.ru/sale/flat/294033465/,False,377256.77830940986
37190220.0,16.0,СЗАО,60.6,32.4,16,24,2023,True,False,3.15,2,https://www.cian.ru/sale/flat/289497969/,False,613700.0
28500000.0,11.0,ЮВАО,69.8,29.3,13,22,2023,True,False,,2,https://www.cian.ru/sale/flat/297146596/,False,408309.45558739256
35026650.0,19.0,СВАО,84.3,,2,22,2023,True,False,3.0,2,https://www.cian.ru/sale/flat/299702862/,False,415500.0
36074830.0,7.0,ЮАО,68.3,31.9,11,40,2023,True,False,3.15,2,https://www.cian.ru/sale/flat/293203923/,False,528181.9912152269
15600000.0,4.0,ЮАО,50.9,20.7,7,33,2023,True,False,,2,https://www.cian.ru/sale/flat/297150148/,False,306483.300589391
36660947.0,23.0,ЮАО,73.5,36.2,5,11,2024,True,False,3.1,2,https://www.cian.ru/sale/flat/299226744/,False,498788.39455782314
23500000.0,17.0,ЮВАО,50.5,25.1,3,3,2023,True,False,5.05,2,https://www.cian.ru/sale/flat/295408788/,False,465346.5346534653
19999000.0,17.0,ЮАО,65.61,37.8,4,12,2024,True,False,,2,https://www.cian.ru/sale/flat/299855892/,False,304816.3389727176
16000000.0,9.0,ЮАО,82.2,41.8,13,20,2023,True,False,,2,https://www.cian.ru/sale/flat/293948906/,False,194647.20194647202
23551761.0,7.0,ЮАО,62.1,,11,15,2022,True,False,2.7,2,https://www.cian.ru/sale/flat/300289651/,False,379255.4106280193
70001652.0,1.0,ЦАО,80.6,49.6,59,85,2015,True,True,,2,https://www.cian.ru/sale/flat/288136857/,False,868506.8486352358
22233103.0,29.0,ЗАО,61.2,21.2,7,33,2023,True,False,2.62,2,https://www.cian.ru/sale/flat/300679410/,False,363285.9967320261
120000000.0,5.0,ЦАО,77.4,49.7,2,8,2023,True,False,,2,https://www.cian.ru/sale/flat/300526235/,False,1550387.5968992247
38144962.0,22.0,ЮАО,54.57,29.3,27,29,2023,True,False,3.0,2,https://www.cian.ru/sale/flat/292100453/,False,699009.7489463075
32930240.0,8.0,ЮЗАО,69.9,,18,25,2024,True,False,3.17,2,https://www.cian.ru/sale/flat/294650709/,False,471105.00715307577
22567636.0,7.0,ЗАО,52.1,24.4,13,21,2023,True,False,2.74,2,https://www.cian.ru/sale/flat/285060532/,False,433160.0
35235420.0,16.0,СЗАО,59.1,31.3,7,24,2023,True,False,3.15,2,https://www.cian.ru/sale/flat/296524861/,False,596200.0
34937106.0,25.0,ЮАО,71.19,34.4,4,9,2023,True,False,3.0,2,https://www.cian.ru/sale/flat/297102396/,False,490758.61778339656
16459884.0,10.0,ЗАО,55.8,,25,25,2021,True,False,2.63,2,https://www.cian.ru/sale/flat/299449801/,False,294980.0
17844459.0,17.0,ЮВАО,53.7,26.8,13,29,2024,True,True,2.87,2,https://www.cian.ru/sale/flat/300575206/,False,332299.0502793296
14976000.0,6.0,СЗАО,37.79,,11,18,2022,True,True,,2,https://www.cian.ru/sale/flat/292547823/,False,396295.3162212226
29142119.0,5.0,СЗАО,66.4,25.8,2,20,2023,True,False,2.85,2,https://www.cian.ru/sale/flat/287511286/,False,438887.33433734934
17750000.0,9.0,ВАО,49.0,20.8,23,33,2023,True,False,,2,https://www.cian.ru/sale/flat/297497038/,False,362244.89795918367
180468421.0,6.0,ЦАО,201.7,,3,5,2019,True,False,5.5,2,https://www.cian.ru/sale/flat/274788002/,False,894736.8418443233
25380160.0,21.0,ЮЗАО,41.6,,23,42,2023,True,False,3.0,2,https://www.cian.ru/sale/flat/300712642/,False,610100.0
117089718.0,11.0,ЦАО,123.5,,2,7,2022,True,True,3.4,2,https://www.cian.ru/sale/flat/288177343/,False,948094.8825910931
20000000.0,14.0,ЮЗАО,61.0,34.8,4,13,2023,True,False,,2,https://www.cian.ru/sale/flat/300006140/,False,327868.8524590164
62589000.0,2.0,САО,67.3,,3,15,2023,True,True,,2,https://www.cian.ru/sale/flat/300397913/,False,930000.0
48000000.0,17.0,ЗАО,64.4,19.3,10,34,2024,True,True,,2,https://www.cian.ru/sale/flat/299405481/,False,745341.6149068322
31000000.0,8.0,СЗАО,58.3,,4,12,2023,True,False,,2,https://www.cian.ru/sale/flat/297999260/,False,531732.4185248713
31945412.0,15.0,ЮАО,73.6,,4,24,2023,True,False,3.15,2,https://www.cian.ru/sale/flat/300761685/,False,434040.9239130435
25635150.0,9.0,СВАО,74.9,,21,27,2022,True,False,,2,https://www.cian.ru/sale/flat/296010083/,False,342258.34445927903
36413082.0,6.0,ЮАО,59.9,,6,6,2023,True,False,3.15,2,https://www.cian.ru/sale/flat/300712718/,False,607897.8631051753
24018796.0,9.0,ЗАО,40.3,14.9,9,15,2022,True,False,3.12,2,https://www.cian.ru/sale/flat/298334379/,False,595999.9007444169
144508000.0,10.0,ЦАО,158.8,48.6,5,6,2021,True,True,3.85,2,https://www.cian.ru/sale/flat/300430648/,False,909999.9999999999
21800000.0,4.0,ЮВАО,62.4,,17,19,2021,True,False,2.64,2,https://www.cian.ru/sale/flat/300752359/,False,349358.9743589744
15900000.0,19.0,ЮАО,44.35,,3,15,2024,True,False,2.7,2,https://www.cian.ru/sale/flat/298396891/,False,358511.8376550169
18065482.0,27.0,ЮАО,58.6,25.6,23,23,2023,True,False,2.62,2,https://www.cian.ru/sale/flat/300726033/,False,308284.67576791806
16105292.0,6.0,СЗАО,49.59,44.6,20,22,2022,True,True,3.0,2,https://www.cian.ru/sale/flat/292582406/,False,324768.94535188546
13100000.0,20.0,ЮВАО,50.0,31.0,9,21,2024,True,True,3.0,2,https://www.cian.ru/sale/flat/298268526/,False,262000.0
15471700.0,12.0,ЗАО,47.9,34.5,4,21,2020,True,True,3.3,2,https://www.cian.ru/sale/flat/299137381/,False,323000.0
38352000.0,6.0,ЗАО,75.2,51.8,33,41,2021,True,False,3.5,2,https://www.cian.ru/sale/flat/294196808/,False,510000.0
37656492.0,25.0,ЮАО,75.4,33.3,3,11,2024,True,False,3.1,2,https://www.cian.ru/sale/flat/299226757/,False,499422.97082228115
66500400.0,3.0,ЦАО,60.4,,65,66,2020,True,True,3.9,2,https://www.cian.ru/sale/flat/298051609/,False,1101000.0
31956600.0,5.0,ЮЗАО,66.3,,24,34,2023,True,False,3.0,2,https://www.cian.ru/sale/flat/300800773/,False,482000.0
22224665.0,30.0,ЗАО,52.9,20.9,21,33,2023,True,False,2.62,2,https://www.cian.ru/sale/flat/300679426/,False,420125.9924385633
30086103.0,7.0,ЮАО,61.2,29.8,26,40,2023,True,False,3.15,2,https://www.cian.ru/sale/flat/293736434/,False,491602.99019607843
49000000.0,8.0,ЗАО,77.4,27.4,12,14,2023,True,False,3.0,2,https://www.cian.ru/sale/flat/298893334/,False,633074.9354005167
20182750.0,9.0,СВАО,58.5,,3,27,2022,True,False,,2,https://www.cian.ru/sale/flat/294033761/,False,345004.2735042735
52040000.0,27.0,ЗАО,92.1,30.3,11,13,2023,True,False,3.13,2,https://www.cian.ru/sale/flat/296278125/,False,565038.0021715527
35900000.0,19.0,ЮВАО,75.4,,21,22,2023,True,False,3.1,2,https://www.cian.ru/sale/flat/298189600/,False,476127.3209549071
29909640.0,19.0,ЮВАО,66.8,30.3,20,22,2023,True,False,3.0,2,https://www.cian.ru/sale/flat/300165800/,False,447749.1017964072
19418339.0,6.0,СЗАО,64.54,43.9,22,22,2022,True,True,3.0,2,https://www.cian.ru/sale/flat/297552658/,False,300872.9315153393
44287025.0,4.0,СВАО,111.0,,11,15,2021,True,True,,2,https://www.cian.ru/sale/flat/292035481/,False,398982.2072072072
44999000.0,9.0,ЦАО,50.0,,1,6,2020,True,True,,2,https://www.cian.ru/sale/flat/299046325/,False,899980.0
30244500.0,,СЗАО,71.5,,40,47,2023,True,False,3.05,2,https://www.cian.ru/sale/flat/296745638/,False,423000.0
26242560.0,2.0,ВАО,65.28,,5,20,2024,True,False,,2,https://www.cian.ru/sale/flat/299859641/,False,402000.0
27663447.0,5.0,СЗАО,66.97,,39,52,2024,True,False,2.85,2,https://www.cian.ru/sale/flat/294936820/,False,413072.2263700164
20750600.0,8.0,СВАО,59.8,,6,22,2021,True,False,2.72,2,https://www.cian.ru/sale/flat/299527046/,False,347000.0
47550000.0,8.0,ЗАО,75.0,26.6,13,14,2023,True,False,3.0,2,https://www.cian.ru/sale/flat/296277850/,False,634000.0
23771000.0,9.0,СВАО,68.9,,4,27,2022,True,False,,2,https://www.cian.ru/sale/flat/294033454/,False,345007.2568940493
26400000.0,5.0,СЗАО,55.7,28.4,10,30,2023,True,False,,2,https://www.cian.ru/sale/flat/296062774/,False,473967.68402154394
12900000.0,14.0,САО,59.6,29.7,7,14,2024,True,False,2.75,2,https://www.cian.ru/sale/flat/300441906/,False,216442.9530201342
51142400.0,7.0,СЗАО,77.9,30.4,14,15,2023,True,False,3.23,2,https://www.cian.ru/sale/flat/295343738/,False,656513.4788189987
19748103.0,5.0,ЗАО,62.3,29.3,2,23,2023,True,False,2.73,2,https://www.cian.ru/sale/flat/298525426/,False,316983.9967897271
29412746.0,4.0,ЮАО,67.14,30.2,27,27,2023,True,False,2.87,2,https://www.cian.ru/sale/flat/292741946/,False,438080.8162049449
21278106.0,2.0,ВАО,53.84,35.1,3,20,2024,True,False,,2,https://www.cian.ru/sale/flat/300122389/,False,395209.99257057946
18211840.0,12.0,ЗАО,51.2,23.7,18,21,2023,True,False,2.7,2,https://www.cian.ru/sale/flat/299876157/,False,355700.0
29000000.0,7.0,ЮЗАО,60.5,,7,34,2023,True,False,,2,https://www.cian.ru/sale/flat/296529745/,False,479338.8429752066
53000000.0,27.0,ЗАО,92.0,30.3,12,13,2023,True,False,3.13,2,https://www.cian.ru/sale/flat/296278123/,False,576086.9565217391
25631045.0,6.0,САО,52.5,,3,33,2024,True,True,2.7,2,https://www.cian.ru/sale/flat/297684098/,False,488210.38095238095
29831481.0,11.0,СВАО,58.9,,21,22,2024,True,False,3.0,2,https://www.cian.ru/sale/flat/296222973/,False,506476.7572156197
19545610.0,10.0,ЮВАО,56.5,,29,33,2023,True,False,2.72,2,https://www.cian.ru/sale/flat/300362039/,False,345940.0
18770841.0,10.0,ЮВАО,51.6,,31,33,2023,True,False,2.72,2,https://www.cian.ru/sale/flat/300362081/,False,363775.988372093
13500000.0,20.0,СЗАО,43.0,,2,25,2024,True,True,3.0,2,https://www.cian.ru/sale/flat/298274091/,False,313953.488372093
51180000.0,,ЗАО,70.2,25.2,13,14,2023,True,False,3.0,2,https://www.cian.ru/sale/flat/299262043/,False,729059.829059829
23289218.0,12.0,СЗАО,40.9,,3,32,2023,True,False,3.0,2,https://www.cian.ru/sale/flat/300425223/,False,569418.533007335
20196286.0,8.0,СВАО,58.4,,2,22,2021,True,False,2.72,2,https://www.cian.ru/sale/flat/294768587/,False,345826.81506849313
45830000.0,15.0,ЗАО,68.7,25.1,12,14,2023,True,False,3.0,2,https://www.cian.ru/sale/flat/296277602/,False,667103.347889374
38220240.0,16.0,СЗАО,65.2,35.5,23,24,2023,True,False,3.15,2,https://www.cian.ru/sale/flat/288331709/,False,586200.0
37235850.0,13.0,ЮЗАО,75.3,35.8,24,32,2021,True,False,3.1,2,https://www.cian.ru/sale/flat/295063263/,False,494500.0
150400000.0,6.0,ЦАО,178.6,,3,5,2019,True,False,5.5,2,https://www.cian.ru/sale/flat/280427150/,False,842105.2631578947
34500000.0,16.0,СЗАО,64.4,31.9,15,20,2024,True,False,3.0,2,https://www.cian.ru/sale/flat/295449152/,False,535714.2857142857
29000000.0,18.0,ЮАО,59.96,44.8,37,40,2023,True,False,3.15,2,https://www.cian.ru/sale/flat/299411849/,False,483655.77051367576
42849350.0,19.0,ЮВАО,68.5,31.1,14,14,2023,True,False,3.0,2,https://www.cian.ru/sale/flat/300165814/,False,625537.9562043796
25500000.0,17.0,ЮАО,63.39,38.6,4,16,2024,True,False,2.5,2,https://www.cian.ru/sale/flat/298568717/,False,402271.65168007574
36202562.0,5.0,ЗАО,65.19,,24,57,2024,True,False,2.9,2,https://www.cian.ru/sale/flat/283161400/,False,555339.1931277803
64704000.0,3.0,ЦАО,67.4,,45,66,2020,True,True,3.9,2,https://www.cian.ru/sale/flat/300449722/,False,959999.9999999999
28000000.0,19.0,ЮВАО,72.3,38.7,9,20,2023,True,False,3.1,2,https://www.cian.ru/sale/flat/295408791/,False,387275.2420470263
38248472.0,22.0,ЮАО,53.57,29.3,26,29,2023,True,False,3.0,2,https://www.cian.ru/sale/flat/284859215/,False,713990.5170804554
35191800.0,16.0,СЗАО,68.6,24.3,4,6,2023,True,True,3.24,2,https://www.cian.ru/sale/flat/299370767/,False,513000.00000000006
24674179.0,4.0,ЦАО,36.8,21.9,12,22,2022,True,False,3.25,2,https://www.cian.ru/sale/flat/298576230/,False,670493.9945652174
30690920.0,19.0,ЮВАО,69.4,29.3,19,22,2023,True,False,3.0,2,https://www.cian.ru/sale/flat/300583049/,False,442232.2766570605
21990000.0,10.0,САО,66.7,34.4,18,32,2023,True,False,2.7,2,https://www.cian.ru/sale/flat/298338222/,False,329685.15742128936
21000000.0,17.0,ЮВАО,54.0,30.0,21,30,2024,True,False,,2,https://www.cian.ru/sale/flat/300528637/,False,388888.8888888889
143712000.0,1.0,ЦАО,99.8,,6,9,2023,True,True,,2,https://www.cian.ru/sale/flat/289484508/,False,1440000.0
33290901.0,7.0,ЮАО,64.5,31.4,12,40,2023,True,False,3.15,2,https://www.cian.ru/sale/flat/293203884/,False,516138.0
20087358.0,10.0,ЗАО,47.83,33.7,20,29,2023,True,False,3.3,2,https://www.cian.ru/sale/flat/297986195/,False,419974.0330336609
26428000.0,9.0,СВАО,76.6,,2,27,2022,True,False,,2,https://www.cian.ru/sale/flat/294033495/,False,345013.05483028723
28198410.0,26.0,СЗАО,71.8,31.2,3,25,2024,True,False,3.02,2,https://www.cian.ru/sale/flat/298401426/,False,392735.5153203343
35857780.0,16.0,СЗАО,57.4,31.1,20,24,2023,True,False,3.15,2,https://www.cian.ru/sale/flat/288376245/,False,624700.0
22634700.0,9.0,СВАО,60.3,,16,27,2022,True,False,,2,https://www.cian.ru/sale/flat/294033466/,False,375368.1592039801
31200000.0,2.0,СВАО,51.3,,6,25,2021,True,True,,2,https://www.cian.ru/sale/flat/291247009/,False,608187.134502924
22968534.0,24.0,ЗАО,59.2,27.5,18,21,2023,True,False,2.74,2,https://www.cian.ru/sale/flat/296139344/,False,387981.9932432432
23117099.0,10.0,ЗАО,58.98,33.5,29,30,2023,True,False,3.3,2,https://www.cian.ru/sale/flat/298589271/,False,391948.1010512038
19821140.0,10.0,ЗАО,43.68,30.6,29,30,2023,True,False,3.3,2,https://www.cian.ru/sale/flat/298589269/,False,453780.67765567766
34029996.0,19.0,ЮАО,67.3,,4,6,2023,True,False,3.15,2,https://www.cian.ru/sale/flat/300761672/,False,505646.30014858843
42304966.0,4.0,СВАО,77.7,,15,15,2021,True,True,,2,https://www.cian.ru/sale/flat/292035517/,False,544465.4568854569
33058064.0,19.0,ЮАО,57.1,,6,6,2023,True,False,3.15,2,https://www.cian.ru/sale/flat/300761675/,False,578950.3327495621
35711586.0,25.0,ЮАО,64.5,36.3,11,14,2023,True,False,3.15,2,https://www.cian.ru/sale/flat/293204284/,False,553668.0
29013160.0,20.0,ЮЗАО,46.6,,37,42,2023,True,False,3.0,2,https://www.cian.ru/sale/flat/300712651/,False,622600.0
143593800.0,14.0,ЦАО,125.3,,3,8,2023,True,False,3.2,2,https://www.cian.ru/sale/flat/294641838/,False,1146000.0
23475144.0,2.0,ВАО,61.6,,3,20,2024,True,False,,2,https://www.cian.ru/sale/flat/300122384/,False,381090.0
33404761.0,5.0,СЗАО,65.6,25.8,20,20,2023,True,False,2.85,2,https://www.cian.ru/sale/flat/285040949/,False,509218.91768292687
38392500.0,,ЦАО,82.43,30.6,22,30,2019,True,False,3.1,2,https://www.cian.ru/sale/flat/293376102/,False,465758.82567026565
26501689.0,24.0,ЗАО,65.1,43.2,1,21,2023,True,False,4.11,2,https://www.cian.ru/sale/flat/295487321/,False,407091.99692780344
30821708.0,22.0,ЮАО,52.48,28.7,3,29,2023,True,False,3.0,2,https://www.cian.ru/sale/flat/290542272/,False,587303.887195122
32417493.0,25.0,ЮАО,62.3,35.3,4,16,2023,True,False,3.15,2,https://www.cian.ru/sale/flat/293203993/,False,520344.9919743178
32929000.0,12.0,СВАО,74.5,55.9,6,37,2024,True,False,3.0,2,https://www.cian.ru/sale/flat/298828174/,False,442000.0
30439054.0,7.0,ЗАО,69.3,21.7,9,9,2023,True,False,2.74,2,https://www.cian.ru/sale/flat/289800707/,False,439235.98845598847
21890000.0,4.0,ВАО,55.91,40.6,24,29,2023,True,False,3.0,2,https://www.cian.ru/sale/flat/300523054/,False,391522.0890717224
32993222.0,15.0,ЮАО,73.7,,7,24,2023,True,False,3.15,2,https://www.cian.ru/sale/flat/300761655/,False,447669.22659430123
17466089.0,2.0,ВАО,44.05,22.7,2,20,2024,True,False,,2,https://www.cian.ru/sale/flat/297151000/,False,396505.99318955734
29928000.0,19.0,СВАО,68.8,,3,22,2023,True,False,3.0,2,https://www.cian.ru/sale/flat/299702680/,False,435000.0
19468778.0,30.0,ЗАО,51.4,22.7,4,33,2024,True,False,2.62,2,https://www.cian.ru/sale/flat/300679261/,False,378770.0
34434514.0,19.0,ЮАО,68.1,,4,6,2023,True,False,3.15,2,https://www.cian.ru/sale/flat/300672487/,False,505646.3142437592
32800000.0,14.0,ЮЗАО,48.73,,4,17,2024,True,False,3.05,2,https://www.cian.ru/sale/flat/298262006/,False,673096.6550379643
16000000.0,18.0,ЮВАО,48.8,20.3,21,25,2023,True,False,,2,https://www.cian.ru/sale/flat/300383611/,False,327868.85245901643
19559584.0,2.0,ВАО,47.09,18.6,2,20,2024,True,False,,2,https://www.cian.ru/sale/flat/297151036/,False,415365.98003822466
21600630.0,,ЗАО,50.3,22.1,33,33,2023,True,False,2.62,2,https://www.cian.ru/sale/flat/300679347/,False,429435.98409542744
20000000.0,4.0,СВАО,52.3,27.7,6,33,2023,True,False,,2,https://www.cian.ru/sale/flat/299601485/,False,382409.1778202677
25265285.0,9.0,ЗАО,56.99,35.5,29,29,2023,True,False,3.3,2,https://www.cian.ru/sale/flat/297986147/,False,443328.39094578
32786819.0,5.0,ЗАО,59.86,,25,57,2024,True,False,2.9,2,https://www.cian.ru/sale/flat/295099517/,False,547725.0083528232
24499999.0,20.0,СЗАО,48.3,25.3,17,30,2023,True,False,,2,https://www.cian.ru/sale/flat/297766869/,False,507246.3561076605
26051947.0,,ЗАО,59.9,23.6,32,33,2023,True,False,2.62,2,https://www.cian.ru/sale/flat/300679341/,False,434923.9899833055
15600000.0,20.0,ЗАО,65.4,39.2,19,21,2020,True,True,3.0,2,https://www.cian.ru/sale/flat/290875925/,False,238532.1100917431
29700000.0,5.0,ЦАО,50.0,33.3,11,13,2022,True,True,3.4,2,https://www.cian.ru/sale/flat/286886774/,False,594000.0
37352000.0,19.0,СВАО,81.2,60.9,11,32,2023,True,False,3.0,2,https://www.cian.ru/sale/flat/298828235/,False,460000.0
27500000.0,13.0,ЮАО,63.0,24.0,2,20,2024,True,False,3.9,2,https://www.cian.ru/sale/flat/299605376/,False,436507.9365079365
49000000.0,2.0,ЦАО,52.7,,5,8,2022,False,True,3.0,2,https://www.cian.ru/sale/flat/296060032/,False,929791.2713472486
121460000.0,6.0,СЗАО,107.2,32.9,3,3,2023,True,True,3.1,2,https://www.cian.ru/sale/flat/300415754/,False,1133022.3880597015
42399562.0,25.0,ЮАО,83.7,37.2,12,12,2023,True,False,3.0,2,https://www.cian.ru/sale/flat/291543571/,False,506565.8542413381
39597215.0,22.0,ЮАО,86.02,38.8,13,14,2023,True,False,3.0,2,https://www.cian.ru/sale/flat/291897545/,False,460325.6800744013
45335090.0,8.0,СЗАО,114.5,38.5,25,26,2024,True,False,3.02,2,https://www.cian.ru/sale/flat/290752475/,False,395939.65065502183
103787040.0,9.0,ЦАО,110.6,,5,21,2023,True,False,3.0,2,https://www.cian.ru/sale/flat/262519758/,False,938400.0
31701104.0,8.0,ЮЗАО,68.3,,16,25,2024,True,False,3.17,2,https://www.cian.ru/sale/flat/298403126/,False,464145.0073206442
29900000.0,19.0,ЮВАО,75.8,,5,22,2023,True,False,3.2,2,https://www.cian.ru/sale/flat/299998412/,False,394459.1029023747
77967850.0,12.0,ЗАО,86.5,37.1,2,12,2023,True,False,3.65,2,https://www.cian.ru/sale/flat/299121997/,False,901362.4277456647
19764973.0,30.0,ЗАО,51.9,23.1,6,33,2024,True,False,2.62,2,https://www.cian.ru/sale/flat/300679268/,False,380827.99614643544
20750050.0,4.0,ЗАО,61.3,38.8,19,29,2022,True,True,3.0,2,https://www.cian.ru/sale/flat/286250526/,False,338500.0
75018964.0,1.0,ЦАО,91.4,,48,85,2015,True,True,,2,https://www.cian.ru/sale/flat/291360122/,False,820776.4113785557
84370000.0,4.0,ЦАО,76.7,,42,78,2019,True,True,3.9,2,https://www.cian.ru/sale/flat/298855602/,False,1100000.0
147171200.0,14.0,ЦАО,124.3,,3,8,2023,True,False,3.2,2,https://www.cian.ru/sale/flat/294641860/,False,1184000.0
57630000.0,27.0,ЗАО,69.6,,14,14,2023,True,False,3.0,2,https://www.cian.ru/sale/flat/299262098/,False,828017.2413793104
23234767.0,19.0,ЮВАО,57.1,24.3,29,30,2024,True,False,2.87,2,https://www.cian.ru/sale/flat/300575590/,False,406913.6077057793
34000000.0,4.0,ЗАО,68.0,,21,21,2023,True,False,,2,https://www.cian.ru/sale/flat/300685589/,False,500000.0
19869852.0,5.0,ЗАО,68.8,,9,25,2021,True,False,2.63,2,https://www.cian.ru/sale/flat/299449787/,False,288805.988372093
26357000.0,9.0,СВАО,65.4,,27,27,2022,True,False,,2,https://www.cian.ru/sale/flat/294554070/,False,403012.2324159021
33359634.0,13.0,ЮЗАО,78.1,,28,32,2021,True,False,3.1,2,https://www.cian.ru/sale/flat/264100219/,False,427140.00000000006
21679509.0,20.0,СВАО,59.1,,5,22,2021,True,False,2.65,2,https://www.cian.ru/sale/flat/298401391/,False,366827.56345177663
17306100.0,6.0,ЗАО,57.4,,9,25,2021,True,False,2.63,2,https://www.cian.ru/sale/flat/300192000/,False,301500.0
38945280.0,,СЗАО,70.4,35.7,22,29,2023,True,False,3.15,2,https://www.cian.ru/sale/flat/272153501/,False,553200.0
19500000.0,7.0,ЗАО,51.0,20.3,16,17,2023,True,False,,2,https://www.cian.ru/sale/flat/300488768/,False,382352.9411764706
25900000.0,4.0,ЮАО,47.2,,12,43,2024,True,False,3.0,2,https://www.cian.ru/sale/flat/298057811/,False,548728.813559322
18688012.0,10.0,ЮВАО,51.4,,26,33,2023,True,False,2.72,2,https://www.cian.ru/sale/flat/300362060/,False,363580.0
25983419.0,4.0,ЮАО,62.97,30.2,27,27,2023,True,False,2.87,2,https://www.cian.ru/sale/flat/284858665/,False,412631.71351437195
120615000.0,1.0,ЦАО,93.5,,3,9,2023,True,True,,2,https://www.cian.ru/sale/flat/277035771/,False,1290000.0
29917125.0,8.0,ЮЗАО,65.5,,13,25,2024,True,False,3.17,2,https://www.cian.ru/sale/flat/294550051/,False,456750.0
31596373.0,10.0,САО,74.1,,35,43,2023,True,False,4.2,2,https://www.cian.ru/sale/flat/293391924/,False,426401.79487179493
33072000.0,17.0,СЗАО,62.4,,14,43,2023,True,False,3.15,2,https://www.cian.ru/sale/flat/295305506/,False,530000.0
46280000.0,8.0,ЗАО,75.0,26.6,10,14,2023,True,False,3.0,2,https://www.cian.ru/sale/flat/298893326/,False,617066.6666666666
51000000.0,17.0,ЗАО,51.3,,11,34,2024,True,True,,2,https://www.cian.ru/sale/flat/299744201/,False,994152.0467836257
23200000.0,10.0,СЗАО,45.9,12.9,12,41,2024,True,False,,2,https://www.cian.ru/sale/flat/297369080/,False,505446.62309368193
73998843.0,1.0,ЦАО,92.1,61.3,43,85,2015,True,True,,2,https://www.cian.ru/sale/flat/291360124/,False,803461.9218241043
75607525.0,12.0,ЦАО,88.7,57.8,7,9,2021,True,True,3.6,2,https://www.cian.ru/sale/flat/300835887/,False,852395.9977452086
20708100.0,20.0,СВАО,63.0,,3,22,2021,True,False,2.79,2,https://www.cian.ru/sale/flat/295442241/,False,328700.0
30879200.0,12.0,СВАО,63.8,47.9,11,37,2024,True,False,3.0,2,https://www.cian.ru/sale/flat/298603585/,False,484000.0
24133872.0,24.0,ЗАО,62.0,24.3,2,21,2023,True,False,2.74,2,https://www.cian.ru/sale/flat/297464716/,False,389256.0
37080000.0,12.0,СЗАО,72.0,28.5,17,21,2023,True,False,3.1,2,https://www.cian.ru/sale/flat/299168058/,False,515000.0
19113240.0,4.0,ЗАО,66.4,31.5,2,29,2022,True,True,3.0,2,https://www.cian.ru/sale/flat/286713661/,False,287850.0
31137876.0,,СЗАО,69.3,,34,47,2023,True,False,3.05,2,https://www.cian.ru/sale/flat/296745557/,False,449320.0
36130440.0,16.0,СЗАО,59.7,31.9,11,24,2023,True,False,3.15,2,https://www.cian.ru/sale/flat/289786100/,False,605200.0
65470000.0,15.0,ЗАО,92.2,30.3,13,14,2023,True,False,3.0,2,https://www.cian.ru/sale/flat/296277489/,False,710086.7678958785
85244381.0,1.0,ЦАО,76.65,,4,17,2025,True,False,3.28,2,https://www.cian.ru/sale/flat/299928834/,False,1112124.9967384213
18700000.0,7.0,ЮВАО,48.4,21.4,15,27,2023,True,False,,2,https://www.cian.ru/sale/flat/296856934/,False,386363.63636363635
32685120.0,19.0,СВАО,77.6,,7,22,2023,True,False,3.0,2,https://www.cian.ru/sale/flat/299702838/,False,421200.00000000006
28266000.0,18.0,ЗАО,47.0,,27,41,2024,True,False,3.25,2,https://www.cian.ru/sale/flat/300867229/,False,601404.2553191489
43157704.0,3.0,СВАО,109.7,82.3,37,58,2015,True,False,,2,https://www.cian.ru/sale/flat/299129928/,False,393415.7155879672
18199000.0,11.0,СВАО,51.6,,5,32,2023,True,False,,2,https://www.cian.ru/sale/flat/299873243/,False,352693.7984496124
20115950.0,12.0,ЗАО,54.5,20.2,15,21,2023,True,False,2.7,2,https://www.cian.ru/sale/flat/274414262/,False,369100.0
42495024.0,27.0,ЮАО,88.0,53.0,3,15,2023,True,False,3.15,2,https://www.cian.ru/sale/flat/293204334/,False,482898.0
78990850.0,6.0,СЗАО,81.1,37.4,4,9,2023,True,False,3.25,2,https://www.cian.ru/sale/flat/299261524/,False,973993.2182490752
15382197.0,5.0,ЗАО,51.7,,24,25,2021,True,False,2.63,2,https://www.cian.ru/sale/flat/299508962/,False,297527.9883945841
29603232.0,,СЗАО,64.8,16.2,45,47,2023,True,False,3.05,2,https://www.cian.ru/sale/flat/296745609/,False,456840.0
18437040.0,14.0,ЗАО,52.2,20.8,22,33,2023,True,False,2.7,2,https://www.cian.ru/sale/flat/286155220/,False,353200.0
42665922.0,27.0,ЮАО,82.7,,5,15,2023,True,False,3.15,2,https://www.cian.ru/sale/flat/293356235/,False,515911.9951632406
18627000.0,14.0,ЗАО,52.5,20.8,28,33,2023,True,False,2.7,2,https://www.cian.ru/sale/flat/289149353/,False,354800.0
29925769.0,11.0,СЗАО,64.7,30.1,3,20,2023,True,False,2.85,2,https://www.cian.ru/sale/flat/285041283/,False,462531.20556414215
31900000.0,10.0,ЮВАО,69.0,32.0,3,14,2023,True,False,,2,https://www.cian.ru/sale/flat/300487108/,False,462318.84057971014
154578600.0,14.0,ЦАО,122.1,,5,8,2023,True,False,3.2,2,https://www.cian.ru/sale/flat/299319262/,False,1266000.0
28773800.0,16.0,СЗАО,63.8,,2,6,2023,True,True,3.24,2,https://www.cian.ru/sale/flat/299370739/,False,451000.0
77058760.0,6.0,СЗАО,81.9,37.3,3,9,2023,True,False,3.25,2,https://www.cian.ru/sale/flat/299261530/,False,940888.4004884004
29765148.0,7.0,ЗАО,68.1,21.7,4,9,2023,True,False,2.74,2,https://www.cian.ru/sale/flat/290077041/,False,437080.00000000006
22800000.0,11.0,ВАО,60.16,,6,20,2024,True,False,,2,https://www.cian.ru/sale/flat/287925540/,False,378989.3617021277
20500000.0,13.0,ЮАО,47.0,13.0,7,20,2024,True,False,3.9,2,https://www.cian.ru/sale/flat/299287253/,False,436170.21276595746
12500000.0,14.0,СВАО,52.8,28.5,12,26,2024,True,False,2.66,2,https://www.cian.ru/sale/flat/298664411/,False,236742.42424242425
31000000.0,9.0,СЗАО,72.0,29.0,3,21,2023,True,False,,2,https://www.cian.ru/sale/flat/300836686/,False,430555.55555555556
35189400.0,19.0,СВАО,78.9,59.2,3,32,2023,True,False,3.0,2,https://www.cian.ru/sale/flat/298828204/,False,445999.99999999994
18800000.0,8.0,САО,47.6,30.8,10,35,2023,True,False,,2,https://www.cian.ru/sale/flat/300251772/,False,394957.9831932773
29519672.0,19.0,ЮАО,60.9,,5,10,2024,True,False,2.97,2,https://www.cian.ru/sale/flat/297791449/,False,484723.6781609196
11400000.0,16.0,ЮАО,36.0,,6,20,2023,True,False,2.8,2,https://www.cian.ru/sale/flat/300351570/,False,316666.6666666667
35562728.0,27.0,ЮАО,71.3,43.8,11,15,2023,True,False,3.15,2,https://www.cian.ru/sale/flat/298084416/,False,498775.9887798037
48740000.0,8.0,ЗАО,77.6,,13,14,2023,True,False,3.0,2,https://www.cian.ru/sale/flat/296277857/,False,628092.7835051547
132661182.0,14.0,ЦАО,116.2,93.8,67,67,2023,True,False,3.05,2,https://www.cian.ru/sale/flat/287868739/,False,1141662.4956970739
20682606.0,11.0,СЗАО,68.3,,1,24,2022,True,False,3.0,2,https://www.cian.ru/sale/flat/300361491/,False,302820.0
27599663.0,2.0,ЮЗАО,61.9,,7,25,2024,True,False,3.65,2,https://www.cian.ru/sale/flat/294886677/,False,445875.00807754445
20754949.0,25.0,ЗАО,50.8,22.5,2,33,2023,True,False,2.62,2,https://www.cian.ru/sale/flat/300679635/,False,408561.9881889764
29438644.0,22.0,ЮАО,47.76,24.9,21,21,2023,True,False,3.0,2,https://www.cian.ru/sale/flat/291942937/,False,616387.0184254607
33140040.0,5.0,ЮЗАО,71.2,,23,25,2024,True,False,3.17,2,https://www.cian.ru/sale/flat/294550017/,False,465450.0
32563200.0,19.0,СВАО,76.8,57.6,2,32,2023,True,False,3.0,2,https://www.cian.ru/sale/flat/298828200/,False,424000.0
12100000.0,7.0,ЮВАО,35.6,10.7,3,23,2022,True,False,2.8,2,https://www.cian.ru/sale/flat/295371840/,False,339887.6404494382
36334000.0,11.0,СЗАО,74.0,31.5,8,21,2023,True,False,3.1,2,https://www.cian.ru/sale/flat/299168022/,False,491000.0
23270466.0,10.0,ЗАО,56.04,37.2,23,29,2023,True,False,3.3,2,https://www.cian.ru/sale/flat/297984100/,False,415247.4304068523
22617059.0,17.0,ЮВАО,52.6,24.2,27,29,2024,True,False,2.87,2,https://www.cian.ru/sale/flat/300575236/,False,429982.1102661597
220620000.0,5.0,ЦАО,120.3,35.8,3,6,2025,True,False,3.91,2,https://www.cian.ru/sale/flat/294328854/,False,1833915.2119700748
31935265.0,5.0,ЗАО,57.97,,2,57,2024,True,False,2.9,2,https://www.cian.ru/sale/flat/282209334/,False,550892.9618768329
33376136.0,7.0,ЮАО,72.5,,19,24,2023,True,False,2.97,2,https://www.cian.ru/sale/flat/299606669/,False,460360.49655172415
17028119.0,22.0,ЮАО,50.8,20.7,19,33,2023,True,False,2.62,2,https://www.cian.ru/sale/flat/300725238/,False,335199.19291338586
35625000.0,11.0,СЗАО,75.0,33.0,12,21,2023,True,False,3.1,2,https://www.cian.ru/sale/flat/299167971/,False,475000.0
106945102.0,11.0,ЦАО,112.8,,2,7,2022,True,True,3.4,2,https://www.cian.ru/sale/flat/288177346/,False,948094.8758865248
35800250.0,19.0,ЮВАО,71.9,,21,21,2023,True,False,3.0,2,https://www.cian.ru/sale/flat/300165821/,False,497917.24617524334
30410378.0,7.0,ЮАО,61.3,29.8,31,40,2023,True,False,3.15,2,https://www.cian.ru/sale/flat/293203849/,False,496090.9951060359
16959780.0,20.0,СВАО,51.3,,11,22,2021,True,False,2.79,2,https://www.cian.ru/sale/flat/296754079/,False,330600.0
16900000.0,20.0,ЗАО,72.5,43.5,6,21,2020,True,True,3.0,2,https://www.cian.ru/sale/flat/283700420/,False,233103.44827586206
35500000.0,15.0,ЮАО,88.1,,2,14,2023,True,False,,2,https://www.cian.ru/sale/flat/297131672/,False,402951.1918274688
26723894.0,9.0,ЗАО,69.6,,7,21,2023,True,False,2.74,2,https://www.cian.ru/sale/flat/292213557/,False,383963.9942528736
39007217.0,22.0,ЮАО,66.86,35.5,21,21,2023,True,False,3.0,2,https://www.cian.ru/sale/flat/291543572/,False,583416.3475919833
12304450.0,9.0,ВАО,32.71,21.2,19,25,2024,True,True,2.8,2,https://www.cian.ru/sale/flat/300556155/,False,376167.83858147357
23500000.0,5.0,СЗАО,52.3,29.4,13,25,2023,True,False,,2,https://www.cian.ru/sale/flat/298473301/,False,449330.78393881454
31500000.0,17.0,СЗАО,60.3,35.3,17,44,2023,True,False,,2,https://www.cian.ru/sale/flat/295416267/,False,522388.05970149254
31968800.0,12.0,СВАО,71.2,53.4,3,37,2024,True,False,3.0,2,https://www.cian.ru/sale/flat/298781520/,False,449000.0
37590000.0,11.0,СЗАО,71.6,,12,21,2023,True,False,3.1,2,https://www.cian.ru/sale/flat/299167968/,False,525000.0
31500000.0,4.0,ЮАО,63.1,,7,42,2024,True,False,3.0,2,https://www.cian.ru/sale/flat/291004661/,False,499207.6069730586
20606706.0,17.0,ЮВАО,58.2,21.8,2,29,2024,True,False,2.87,2,https://www.cian.ru/sale/flat/300575195/,False,354067.11340206186
20154060.0,12.0,ЗАО,49.8,35.6,20,21,2020,True,True,3.3,2,https://www.cian.ru/sale/flat/291690425/,False,404700.0
28302558.0,5.0,СЗАО,58.39,,52,52,2024,True,False,2.85,2,https://www.cian.ru/sale/flat/285041610/,False,484715.84175372496
32900524.0,4.0,ЮАО,73.6,,5,24,2023,True,False,3.15,2,https://www.cian.ru/sale/flat/300712729/,False,447017.9891304348
12500000.0,17.0,САО,59.6,,12,14,2023,True,False,2.8,2,https://www.cian.ru/sale/flat/298664454/,False,209731.54362416107
19458439.0,5.0,ЗАО,71.5,,7,25,2021,True,False,2.63,2,https://www.cian.ru/sale/flat/300605473/,False,272146.0
70740000.0,12.0,ЗАО,87.5,31.9,3,12,2023,True,False,3.65,2,https://www.cian.ru/sale/flat/300311955/,False,808457.1428571428
38610969.0,22.0,ЮАО,53.57,29.3,28,29,2023,True,False,3.0,2,https://www.cian.ru/sale/flat/292100457/,False,720757.3081948851
18650000.0,20.0,ЮАО,44.3,,5,16,2023,True,False,3.15,2,https://www.cian.ru/sale/flat/300567987/,False,420993.22799097066
33469130.0,7.0,ЮАО,64.4,31.4,16,40,2023,True,False,3.15,2,https://www.cian.ru/sale/flat/293203934/,False,519706.9875776397
28100000.0,8.0,ЮВАО,60.6,27.7,8,24,2019,True,False,,2,https://www.cian.ru/sale/flat/295669650/,False,463696.3696369637
17250000.0,9.0,ВАО,49.62,21.1,28,33,2023,True,False,,2,https://www.cian.ru/sale/flat/296526099/,False,347642.0798065296
84480213.0,12.0,ЦАО,87.6,54.7,4,9,2021,True,True,3.6,2,https://www.cian.ru/sale/flat/298329476/,False,964385.993150685
29078320.0,5.0,ЮЗАО,63.2,,22,34,2023,True,False,3.0,2,https://www.cian.ru/sale/flat/300783447/,False,460100.0
24500000.0,17.0,СЗАО,49.0,25.7,12,29,2023,True,False,,2,https://www.cian.ru/sale/flat/293665844/,False,500000.0
74709308.0,12.0,ЦАО,84.8,59.4,5,9,2021,True,True,3.6,2,https://www.cian.ru/sale/flat/298329491/,False,881005.9905660377
16200000.0,18.0,ЮВАО,50.6,,25,25,2023,True,False,,2,https://www.cian.ru/sale/flat/300189850/,False,320158.1027667984
24276515.0,7.0,ЮАО,61.3,,13,15,2022,True,False,2.7,2,https://www.cian.ru/sale/flat/300289672/,False,396027.97716150084
25000000.0,4.0,ЗАО,57.2,,23,30,2022,True,False,,2,https://www.cian.ru/sale/flat/296451009/,False,437062.93706293707
29638482.0,,СЗАО,68.1,,23,47,2023,True,False,3.05,2,https://www.cian.ru/sale/flat/296745563/,False,435220.00000000006
16473000.0,7.0,ЮАО,57.8,,25,26,2023,True,False,2.6,2,https://www.cian.ru/sale/flat/298061099/,False,285000.0
34102720.0,17.0,СЗАО,63.2,33.8,24,43,2023,True,False,3.15,2,https://www.cian.ru/sale/flat/293914112/,False,539600.0
23229662.0,2.0,ВАО,55.21,38.3,10,20,2024,True,False,,2,https://www.cian.ru/sale/flat/297151021/,False,420750.98714001087
45140000.0,15.0,ЗАО,68.7,25.1,11,14,2023,True,False,3.0,2,https://www.cian.ru/sale/flat/296277589/,False,657059.6797671033
30454394.0,25.0,ЮАО,53.3,28.4,16,16,2023,True,False,3.15,2,https://www.cian.ru/sale/flat/293203988/,False,571376.9981238274
39580323.0,6.0,ЗАО,73.5,,9,28,2022,True,False,3.12,2,https://www.cian.ru/sale/flat/298334214/,False,538507.7959183673
20849617.0,5.0,ЮВАО,58.4,,2,33,2023,True,False,2.72,2,https://www.cian.ru/sale/flat/300439849/,False,357013.9897260274
11713000.0,12.0,САО,53.0,,2,10,2024,True,True,3.0,2,https://www.cian.ru/sale/flat/293041439/,False,221000.0
40110707.0,25.0,ЮАО,70.28,35.3,16,16,2023,True,False,3.0,2,https://www.cian.ru/sale/flat/294939307/,False,570727.1912350598
33900000.0,7.0,ЦАО,82.01,,41,51,2024,True,False,3.1,2,https://www.cian.ru/sale/flat/299320399/,False,413364.22387513716
31324200.0,,СЗАО,49.8,25.2,6,29,2023,True,False,3.15,2,https://www.cian.ru/sale/flat/289786200/,False,629000.0
37305032.0,4.0,ЦАО,71.1,,8,10,2024,True,True,3.0,2,https://www.cian.ru/sale/flat/295316285/,False,524683.994374121
19081776.0,10.0,ЮВАО,56.0,,2,33,2023,True,False,2.72,2,https://www.cian.ru/sale/flat/300362033/,False,340746.0
25543874.0,6.0,ЮЗАО,47.6,,11,12,2024,True,False,3.17,2,https://www.cian.ru/sale/flat/294550031/,False,536636.0084033613
15410798.0,16.0,САО,59.5,29.7,13,13,2023,True,False,2.84,2,https://www.cian.ru/sale/flat/297032975/,False,259005.00840336134
31000000.0,21.0,ЮАО,78.48,37.3,6,14,2024,True,False,,2,https://www.cian.ru/sale/flat/296389966/,False,395005.0968399592
33281500.0,19.0,ЮВАО,73.0,35.7,6,11,2023,True,False,3.1,2,https://www.cian.ru/sale/flat/289428339/,False,455910.9589041096
25482646.0,24.0,ЗАО,67.0,26.9,8,21,2023,True,False,2.74,2,https://www.cian.ru/sale/flat/286829755/,False,380338.0
44444000.0,17.0,СЗАО,65.6,34.1,34,43,2023,True,False,3.15,2,https://www.cian.ru/sale/flat/295745235/,False,677500.0000000001
19882837.0,29.0,ЗАО,48.9,21.1,29,33,2023,True,False,2.62,2,https://www.cian.ru/sale/flat/300679360/,False,406601.98364008183
65234000.0,6.0,ЦАО,50.18,,10,21,2023,True,False,,2,https://www.cian.ru/sale/flat/298468511/,False,1300000.0
16000000.0,15.0,ЮЗАО,54.2,24.4,6,21,2023,True,False,,2,https://www.cian.ru/sale/flat/298735725/,False,295202.9520295203
20500000.0,4.0,САО,61.0,24.2,11,17,2022,True,False,,2,https://www.cian.ru/sale/flat/259968915/,False,336065.5737704918
37389096.0,22.0,ЮАО,66.86,35.5,19,21,2023,True,False,3.0,2,https://www.cian.ru/sale/flat/297102397/,False,559214.7173197727
14375962.0,16.0,САО,52.8,25.5,10,14,2023,True,False,2.84,2,https://www.cian.ru/sale/flat/297033536/,False,272272.00757575757
69134455.0,12.0,ЦАО,69.9,18.3,7,9,2021,True,True,3.6,2,https://www.cian.ru/sale/flat/298329474/,False,989047.9971387696
128803339.0,8.0,ЦАО,111.3,,8,13,2013,True,True,3.15,2,https://www.cian.ru/sale/flat/297286584/,False,1157262.7044025157
17063118.0,5.0,СВАО,60.2,,1,33,2023,True,False,2.63,2,https://www.cian.ru/sale/flat/299449843/,False,283440.4983388704
42355106.0,4.0,ЦАО,81.4,37.7,9,10,2024,True,True,3.0,2,https://www.cian.ru/sale/flat/300483962/,False,520332.99754299753
18424313.0,10.0,ЮВАО,53.9,,30,33,2023,True,False,2.72,2,https://www.cian.ru/sale/flat/300362073/,False,341823.9888682746
35500000.0,3.0,СЗАО,65.7,,4,21,2023,True,False,,2,https://www.cian.ru/sale/flat/296272028/,False,540334.8554033486
23003481.0,7.0,ЗАО,53.8,24.4,5,21,2023,True,False,2.74,2,https://www.cian.ru/sale/flat/296577508/,False,427573.9962825279
23232000.0,16.0,СЗАО,44.0,23.8,3,6,2023,True,True,3.24,2,https://www.cian.ru/sale/flat/299370748/,False,528000.0
31866943.0,4.0,ЮАО,63.86,40.5,26,26,2023,True,False,2.87,2,https://www.cian.ru/sale/flat/297878514/,False,499012.57438145945
24492960.0,11.0,ЮЗАО,46.6,,30,34,2023,True,False,3.0,2,https://www.cian.ru/sale/flat/300761742/,False,525600.0
43700000.0,27.0,ЗАО,71.4,25.9,12,14,2023,True,False,3.0,2,https://www.cian.ru/sale/flat/299262101/,False,612044.8179271708
30999000.0,17.0,ЗАО,56.4,,27,41,2024,True,False,,2,https://www.cian.ru/sale/flat/300728987/,False,549627.6595744682
15333570.0,5.0,ЗАО,51.3,,3,25,2021,True,False,2.63,2,https://www.cian.ru/sale/flat/299449765/,False,298900.0
30057960.0,16.0,СЗАО,46.3,,21,24,2023,True,False,3.15,2,https://www.cian.ru/sale/flat/270815678/,False,649200.0
44568079.0,25.0,ЮАО,67.3,26.4,9,16,2023,True,False,3.15,2,https://www.cian.ru/sale/flat/293204012/,False,662230.0
15731763.0,10.0,ЗАО,51.8,,13,25,2021,True,False,2.63,2,https://www.cian.ru/sale/flat/299449809/,False,303701.98841698846
45000000.0,13.0,ЦАО,62.0,25.0,33,44,2018,False,False,,2,https://www.cian.ru/sale/flat/300020020/,False,725806.4516129033
10200000.0,13.0,САО,41.8,,5,14,2024,True,False,3.0,2,https://www.cian.ru/sale/flat/300657098/,False,244019.13875598088
35059500.0,19.0,СВАО,79.5,59.6,2,32,2023,True,False,3.0,2,https://www.cian.ru/sale/flat/298828208/,False,441000.0
33644405.0,4.0,ЦАО,45.8,22.7,15,22,2022,True,False,3.25,2,https://www.cian.ru/sale/flat/298576270/,False,734593.9956331878
32921279.0,2.0,ЮЗАО,64.3,,25,25,2024,True,False,3.65,2,https://www.cian.ru/sale/flat/296747296/,False,511995.0077760498
25616800.0,5.0,ЮЗАО,41.0,,22,42,2024,True,False,3.0,2,https://www.cian.ru/sale/flat/300672629/,False,624800.0
19870358.0,8.0,СВАО,57.4,,3,22,2021,True,False,2.72,2,https://www.cian.ru/sale/flat/294768589/,False,346173.4843205575
35907200.0,19.0,СВАО,78.4,58.8,9,32,2023,True,False,3.0,2,https://www.cian.ru/sale/flat/298828231/,False,457999.99999999994
27344041.0,26.0,ЮАО,69.6,,9,13,2024,True,False,2.97,2,https://www.cian.ru/sale/flat/297055267/,False,392874.1522988506
32286900.0,19.0,ЮВАО,70.2,32.7,19,21,2023,True,False,3.0,2,https://www.cian.ru/sale/flat/300165808/,False,459927.35042735044
39640000.0,28.0,ЗАО,67.3,24.8,13,14,2021,True,False,3.0,2,https://www.cian.ru/sale/flat/296277988/,False,589004.4576523032
39428650.0,22.0,ЮАО,68.44,32.5,20,21,2023,True,False,3.0,2,https://www.cian.ru/sale/flat/289909097/,False,576105.3477498539
26100000.0,10.0,ЮВАО,64.0,24.6,20,22,2023,True,False,,2,https://www.cian.ru/sale/flat/279714404/,False,407812.5
28335216.0,13.0,САО,53.5,36.2,23,27,2022,True,False,3.0,2,https://www.cian.ru/sale/flat/271319286/,False,529630.2056074766
33629740.0,19.0,ЮВАО,75.1,31.6,22,22,2023,True,False,3.0,2,https://www.cian.ru/sale/flat/300165806/,False,447799.46737683093
29905514.0,7.0,ЮАО,62.0,27.8,13,40,2023,True,False,3.15,2,https://www.cian.ru/sale/flat/293203927/,False,482347.0
42600618.0,6.0,ЮАО,73.1,,6,6,2023,True,False,3.15,2,https://www.cian.ru/sale/flat/300783106/,False,582771.7920656635
167500000.0,14.0,ЗАО,167.5,,6,8,2019,True,False,,2,https://www.cian.ru/sale/flat/268870129/,False,1000000.0
44040000.0,,ЗАО,68.8,24.6,13,14,2023,True,False,3.0,2,https://www.cian.ru/sale/flat/299262055/,False,640116.2790697674
18328700.0,16.0,САО,61.3,29.6,13,13,2023,True,False,2.84,2,https://www.cian.ru/sale/flat/297032833/,False,299000.0
52000000.0,20.0,ЦАО,85.0,,6,22,2004,False,False,,2,https://www.cian.ru/sale/flat/294267190/,False,611764.7058823529
45800000.0,10.0,ЗАО,78.0,32.0,36,53,,False,False,,2,https://www.cian.ru/sale/flat/297716380/,False,587179.4871794871
10299000.0,4.0,ВАО,44.5,29.4,7,9,,False,False,,2,https://www.cian.ru/sale/flat/300024381/,False,231438.20224719102
22500000.0,8.0,ЮВАО,64.1,,6,25,2018,False,False,3.0,2,https://www.cian.ru/sale/flat/300826022/,False,351014.0405616225
88000000.0,15.0,ЦАО,73.0,,7,21,,False,False,3.3,2,https://www.cian.ru/sale/flat/297673737/,False,1205479.4520547944
21565260.0,6.0,СВАО,65.4,29.6,8,23,2021,False,False,2.8,2,https://www.cian.ru/sale/flat/300723349/,False,329744.0366972477
11950000.0,15.0,СВАО,48.2,,7,11,2015,False,True,3.3,2,https://www.cian.ru/sale/flat/295806744/,False,247925.3112033195
15000000.0,9.0,ЗАО,47.3,33.5,6,12,,False,False,,2,https://www.cian.ru/sale/flat/300849139/,False,317124.7357293869
23800000.0,10.0,САО,50.0,35.0,4,5,1952,False,False,2.95,2,https://www.cian.ru/sale/flat/299297359/,False,476000.0
14500000.0,10.0,ЮВАО,38.2,,8,9,1969,False,False,2.6,2,https://www.cian.ru/sale/flat/298501611/,False,379581.1518324607
16300000.0,4.0,СЗАО,37.8,,4,9,1964,False,False,2.57,2,https://www.cian.ru/sale/flat/300256139/,False,431216.93121693126
13200000.0,7.0,ЦАО,49.0,,8,8,2021,False,True,4.0,2,https://www.cian.ru/sale/flat/297171871/,False,269387.7551020408
44700000.0,12.0,САО,81.9,41.5,6,12,2005,False,False,3.0,2,https://www.cian.ru/sale/flat/300705607/,False,545787.5457875457
11500000.0,5.0,САО,52.2,30.8,3,16,,False,False,,2,https://www.cian.ru/sale/flat/293078878/,False,220306.51340996168
38000000.0,5.0,ЗАО,67.0,40.0,9,14,2021,False,False,,2,https://www.cian.ru/sale/flat/295773203/,False,567164.1791044776
46500000.0,13.0,САО,74.7,,4,37,2021,False,False,,2,https://www.cian.ru/sale/flat/300670564/,False,622489.9598393574
11999999.0,17.0,ВАО,35.3,,4,5,1958,False,False,3.5,2,https://www.cian.ru/sale/flat/294510839/,False,339943.31444759207
48000000.0,17.0,ЗАО,64.4,41.7,10,34,2023,False,True,3.2,2,https://www.cian.ru/sale/flat/299341036/,False,745341.6149068322
27000000.0,12.0,СЗАО,54.0,,21,24,2012,False,False,3.1,2,https://www.cian.ru/sale/flat/300142098/,False,500000.0
18000000.0,19.0,САО,61.6,32.6,4,25,2023,False,False,2.7,2,https://www.cian.ru/sale/flat/300724209/,False,292207.7922077922
27970000.0,18.0,ЗАО,54.6,,15,41,2024,False,False,3.3,2,https://www.cian.ru/sale/flat/300016363/,False,512271.0622710623
21660000.0,13.0,ЦАО,38.0,23.0,2,10,,False,False,2.6,2,https://www.cian.ru/sale/flat/292808866/,False,570000.0
44700000.0,16.0,СЗАО,61.2,,35,37,,False,False,3.1,2,https://www.cian.ru/sale/flat/297210375/,False,730392.1568627451
17800000.0,5.0,СЗАО,58.0,33.0,11,25,2022,False,True,3.1,2,https://www.cian.ru/sale/flat/300172066/,False,306896.5517241379
19999000.0,10.0,ЮЗАО,48.2,,8,8,1960,False,False,2.8,2,https://www.cian.ru/sale/flat/299293831/,False,414917.01244813274
39990000.0,8.0,ЦАО,66.5,,2,7,,False,False,3.0,2,https://www.cian.ru/sale/flat/300653804/,False,601353.3834586466
36900000.0,10.0,ЗАО,60.3,,27,31,2007,False,False,,2,https://www.cian.ru/sale/flat/300748311/,False,611940.2985074627
12950000.0,18.0,ЮАО,46.2,29.4,4,12,1977,False,False,,2,https://www.cian.ru/sale/flat/299070675/,False,280303.0303030303
14500000.0,17.0,ЮЗАО,44.0,30.0,2,5,1963,False,False,2.5,2,https://www.cian.ru/sale/flat/300210689/,False,329545.45454545453
39900000.0,13.0,СЗАО,63.5,,13,36,,False,False,3.0,2,https://www.cian.ru/sale/flat/299528147/,False,628346.4566929134
67675000.0,6.0,ЦАО,66.2,51.2,5,7,,False,True,,2,https://www.cian.ru/sale/flat/300702719/,False,1022280.9667673715
12700000.0,6.0,СЗАО,41.4,25.7,4,5,1961,False,False,2.48,2,https://www.cian.ru/sale/flat/300248641/,False,306763.2850241546
26000000.0,3.0,ЦАО,64.4,,8,8,1908,False,False,3.1,2,https://www.cian.ru/sale/flat/298874180/,False,403726.70807453414
17500000.0,13.0,СВАО,49.1,23.2,12,18,2023,False,True,3.2,2,https://www.cian.ru/sale/flat/299849082/,False,356415.4786150713
19500000.0,19.0,ЮВАО,57.4,,10,11,2021,False,True,3.0,2,https://www.cian.ru/sale/flat/295669985/,False,339721.2543554007
24900000.0,15.0,ЮАО,55.0,30.0,5,24,2024,False,True,3.0,2,https://www.cian.ru/sale/flat/300614009/,False,452727.2727272727
30000000.0,1.0,САО,57.0,43.8,31,59,2021,False,False,2.8,2,https://www.cian.ru/sale/flat/300392335/,False,526315.7894736842
12600000.0,7.0,ЮВАО,43.9,27.6,6,9,1972,False,False,2.64,2,https://www.cian.ru/sale/flat/299480517/,False,287015.9453302961
10900000.0,10.0,ВАО,38.0,26.8,1,9,1970,False,False,2.64,2,https://www.cian.ru/sale/flat/299556246/,False,286842.1052631579
41000000.0,3.0,ЦАО,62.0,,22,78,2020,False,True,3.9,2,https://www.cian.ru/sale/flat/298073324/,False,661290.3225806452
16600000.0,10.0,ЮЗАО,54.0,35.0,6,16,,False,False,,2,https://www.cian.ru/sale/flat/299894310/,False,307407.4074074074
16900000.0,8.0,ЗАО,41.4,,2,5,1960,False,False,,2,https://www.cian.ru/sale/flat/300828564/,False,408212.56038647343
19200000.0,2.0,САО,42.3,32.2,2,8,1960,False,False,2.65,2,https://www.cian.ru/sale/flat/299389518/,False,453900.70921985817
55000000.0,8.0,ЦАО,41.0,27.0,7,21,,False,False,3.2,2,https://www.cian.ru/sale/flat/298842309/,False,1341463.4146341463
92690000.0,6.0,ЦАО,72.0,40.0,3,6,2017,False,True,3.4,2,https://www.cian.ru/sale/flat/283063995/,False,1287361.111111111
13500000.0,8.0,ЗАО,37.5,,2,12,1974,False,False,2.7,2,https://www.cian.ru/sale/flat/286114857/,False,360000.0
11500000.0,18.0,СВАО,46.7,,5,9,1982,False,False,2.6,2,https://www.cian.ru/sale/flat/298158945/,False,246252.6766595289
11700000.0,3.0,ЮАО,39.4,24.3,4,12,1967,False,False,2.5,2,https://www.cian.ru/sale/flat/299033803/,False,296954.3147208122
27499900.0,20.0,ЮАО,57.7,23.2,8,46,2023,False,False,3.0,2,https://www.cian.ru/sale/flat/300662395/,False,476601.3864818024
11990000.0,13.0,ЦАО,37.4,,1,5,1960,False,True,2.8,2,https://www.cian.ru/sale/flat/296080680/,False,320588.23529411765
101999000.0,6.0,ЦАО,99.71,44.2,9,14,,False,False,,2,https://www.cian.ru/sale/flat/300509440/,False,1022956.574064788
14825000.0,13.0,ЗАО,52.0,,7,17,2006,False,False,2.5,2,https://www.cian.ru/sale/flat/299856718/,False,285096.1538461539
81980000.0,4.0,ЗАО,66.2,,3,12,2020,False,False,3.5,2,https://www.cian.ru/sale/flat/300421777/,False,1238368.580060423
33000000.0,16.0,СЗАО,67.1,,11,41,,False,False,,2,https://www.cian.ru/sale/flat/300701528/,False,491803.2786885246
47500000.0,,ЦАО,70.8,35.2,3,5,,False,False,3.0,2,https://www.cian.ru/sale/flat/299948643/,False,670903.9548022599
16900000.0,2.0,ЗАО,43.0,28.0,5,9,1966,False,False,,2,https://www.cian.ru/sale/flat/300770138/,False,393023.25581395347
16200000.0,7.0,СВАО,45.0,20.0,4,5,1961,False,False,2.6,2,https://www.cian.ru/sale/flat/300781800/,False,360000.0
70800000.0,5.0,ЗАО,59.0,,6,8,2020,False,False,,2,https://www.cian.ru/sale/flat/282550588/,False,1200000.0
16790000.0,7.0,ВАО,53.1,32.5,6,16,1966,False,False,2.5,2,https://www.cian.ru/sale/flat/293033843/,False,316195.856873823
30000000.0,16.0,ЗАО,68.0,,12,21,2015,False,True,,2,https://www.cian.ru/sale/flat/282810221/,False,441176.4705882353
57000000.0,7.0,ЦАО,131.6,,9,9,,False,True,,2,https://www.cian.ru/sale/flat/293612862/,False,433130.6990881459
23997000.0,5.0,ЮЗАО,58.0,,7,8,1956,False,False,3.0,2,https://www.cian.ru/sale/flat/298905490/,False,413741.3793103448
11300000.0,8.0,ЮАО,47.0,31.0,3,12,1973,False,False,2.6,2,https://www.cian.ru/sale/flat/300116941/,False,240425.53191489363
31800000.0,4.0,СЗАО,56.0,,25,47,2021,False,False,3.1,2,https://www.cian.ru/sale/flat/297561369/,False,567857.1428571428
20000000.0,5.0,ЗАО,45.5,,5,6,1961,False,False,2.7,2,https://www.cian.ru/sale/flat/300605744/,False,439560.43956043955
20000000.0,5.0,ЦАО,41.0,25.3,5,5,1961,False,False,2.7,2,https://www.cian.ru/sale/flat/300844237/,False,487804.8780487805
26500000.0,6.0,ЦАО,65.0,25.8,2,12,1975,False,False,2.75,2,https://www.cian.ru/sale/flat/279246223/,False,407692.3076923077
147800000.0,10.0,ЦАО,129.5,38.7,5,14,,False,False,,2,https://www.cian.ru/sale/flat/300508743/,False,1141312.7413127413
96000000.0,2.0,ЦАО,85.0,48.0,63,65,2020,False,True,3.5,2,https://www.cian.ru/sale/flat/299112798/,False,1129411.7647058824
25500000.0,5.0,СЗАО,56.0,29.6,2,23,2023,False,False,,2,https://www.cian.ru/sale/flat/299141046/,False,455357.14285714284
23300000.0,7.0,ЗАО,69.8,,6,25,2006,False,False,2.7,2,https://www.cian.ru/sale/flat/300034883/,False,333810.888252149
15500000.0,20.0,ЗАО,58.0,30.0,1,5,1957,False,False,3.0,2,https://www.cian.ru/sale/flat/300895376/,False,267241.3793103448
25778469.0,9.0,ВАО,52.9,,3,16,2021,False,False,,2,https://www.cian.ru/sale/flat/296189151/,False,487305.6521739131
15290000.0,12.0,ВАО,45.0,,6,12,1968,False,False,2.64,2,https://www.cian.ru/sale/flat/298925476/,False,339777.77777777775
17800000.0,4.0,СЗАО,57.6,,4,25,2002,False,False,2.6,2,https://www.cian.ru/sale/flat/299790654/,False,309027.77777777775
30300000.0,16.0,СЗАО,67.8,,29,43,2022,False,False,3.2,2,https://www.cian.ru/sale/flat/290883236/,False,446902.65486725664
12000000.0,7.0,ВАО,42.4,,4,5,,False,False,,2,https://www.cian.ru/sale/flat/296028455/,False,283018.8679245283
38500000.0,28.0,ЗАО,68.7,35.5,3,14,,False,False,,2,https://www.cian.ru/sale/flat/300509121/,False,560407.5691411935
82500000.0,4.0,ЗАО,66.0,,3,8,2020,False,False,3.2,2,https://www.cian.ru/sale/flat/292243588/,False,1250000.0
15100000.0,5.0,САО,50.0,32.4,6,31,2022,False,False,2.85,2,https://www.cian.ru/sale/flat/299447787/,False,302000.0
65000000.0,10.0,ЦАО,49.0,,3,6,2022,False,True,,2,https://www.cian.ru/sale/flat/292267406/,False,1326530.612244898
11500000.0,20.0,ЮЗАО,44.8,27.5,9,9,1977,False,False,2.64,2,https://www.cian.ru/sale/flat/300706081/,False,256696.42857142858
12950000.0,9.0,СВАО,44.7,26.8,4,14,1971,False,False,2.64,2,https://www.cian.ru/sale/flat/297842232/,False,289709.1722595078
125740000.0,14.0,ЦАО,97.25,,9,15,,False,False,,2,https://www.cian.ru/sale/flat/300509296/,False,1292956.2982005142
43600000.0,1.0,ЗАО,80.0,58.3,12,25,2014,False,False,3.0,2,https://www.cian.ru/sale/flat/300346168/,False,545000.0
54900000.0,8.0,ЦАО,65.0,,3,9,,False,False,3.8,2,https://www.cian.ru/sale/flat/296673873/,False,844615.3846153846
29500000.0,18.0,САО,52.0,35.0,11,15,2019,False,True,3.2,2,https://www.cian.ru/sale/flat/297535832/,False,567307.6923076923
31900000.0,2.0,ЗАО,52.3,,5,9,1968,False,False,2.8,2,https://www.cian.ru/sale/flat/300338512/,False,609942.638623327
35000000.0,12.0,САО,67.6,26.2,12,27,2022,False,False,3.0,2,https://www.cian.ru/sale/flat/300074947/,False,517751.47928994085
23900000.0,4.0,САО,47.0,,10,15,2016,False,True,3.0,2,https://www.cian.ru/sale/flat/300029184/,False,508510.6382978723
34990000.0,17.0,ЦАО,74.5,,7,7,1956,False,True,3.45,2,https://www.cian.ru/sale/flat/300331950/,False,469664.42953020136
12000000.0,12.0,СВАО,46.8,,7,12,,False,False,,2,https://www.cian.ru/sale/flat/300017664/,False,256410.25641025644
21900000.0,5.0,САО,54.7,,4,8,1958,False,False,3.2,2,https://www.cian.ru/sale/flat/300503865/,False,400365.6307129799
130000000.0,15.0,ЦАО,95.0,50.0,6,7,2014,False,False,3.1,2,https://www.cian.ru/sale/flat/297894351/,False,1368421.0526315789
119000000.0,10.0,ЦАО,113.91,,11,12,,False,False,,2,https://www.cian.ru/sale/flat/300509284/,False,1044684.3999648846
14100000.0,8.0,ВАО,45.0,28.0,2,9,1962,False,False,2.64,2,https://www.cian.ru/sale/flat/300427699/,False,313333.3333333333
15850000.0,11.0,ВАО,45.0,,2,17,2023,False,False,,2,https://www.cian.ru/sale/flat/299104201/,False,352222.22222222225
14499000.0,16.0,ВАО,52.0,,1,16,1993,False,False,2.48,2,https://www.cian.ru/sale/flat/300601402/,False,278826.92307692306
34900000.0,10.0,ЦАО,63.5,37.5,8,9,1963,False,False,2.85,2,https://www.cian.ru/sale/flat/300836718/,False,549606.2992125985
20500000.0,1.0,ЮЗАО,57.8,33.2,3,25,2012,False,False,2.78,2,https://www.cian.ru/sale/flat/300622649/,False,354671.28027681663
18600000.0,7.0,СЗАО,56.6,,2,25,2014,False,False,2.75,2,https://www.cian.ru/sale/flat/291104285/,False,328621.9081272085
39500000.0,9.0,ЦАО,55.7,,22,22,,False,False,3.45,2,https://www.cian.ru/sale/flat/293069620/,False,709156.1938958707
15000000.0,20.0,СЗАО,60.0,,1,16,1977,False,False,2.64,2,https://www.cian.ru/sale/flat/300213900/,False,250000.0
19990000.0,12.0,ЦАО,45.2,,4,8,1959,False,False,2.8,2,https://www.cian.ru/sale/flat/299595089/,False,442256.63716814155
13300000.0,9.0,СЗАО,53.5,32.5,1,17,1993,False,False,,2,https://www.cian.ru/sale/flat/300749835/,False,248598.13084112148
45900000.0,2.0,ЦАО,65.0,42.0,4,8,1902,False,False,3.0,2,https://www.cian.ru/sale/flat/296565916/,False,706153.8461538461
82000000.0,4.0,ЗАО,66.0,44.8,3,12,,False,False,,2,https://www.cian.ru/sale/flat/284054915/,False,1242424.2424242424
13999999.0,19.0,СВАО,58.3,33.7,6,22,2007,False,False,2.64,2,https://www.cian.ru/sale/flat/300033276/,False,240137.20411663808
14000000.0,17.0,ЮЗАО,47.0,,14,14,1969,False,False,2.64,2,https://www.cian.ru/sale/flat/300795780/,False,297872.3404255319
48800000.0,13.0,САО,72.0,42.0,16,40,2021,False,False,3.1,2,https://www.cian.ru/sale/flat/300445049/,False,677777.7777777778
24500000.0,8.0,САО,58.2,,2,8,1953,False,False,3.0,2,https://www.cian.ru/sale/flat/299421104/,False,420962.19931271474
12000000.0,14.0,ЮАО,46.0,30.0,1,9,1975,False,False,2.64,2,https://www.cian.ru/sale/flat/300622194/,False,260869.5652173913
80000000.0,7.0,ЦАО,73.0,,8,32,1952,False,False,,2,https://www.cian.ru/sale/flat/299462745/,False,1095890.410958904
10200000.0,13.0,ЮАО,45.0,35.0,2,9,1975,False,False,2.64,2,https://www.cian.ru/sale/flat/300895600/,False,226666.66666666666
26999000.0,6.0,СЗАО,57.0,30.0,15,16,2022,False,False,3.0,2,https://www.cian.ru/sale/flat/300693850/,False,473666.6666666667
34500000.0,7.0,ЗАО,57.5,,13,20,2021,False,False,2.9,2,https://www.cian.ru/sale/flat/297957053/,False,600000.0
18300000.0,5.0,СЗАО,53.5,,9,22,2022,False,True,,2,https://www.cian.ru/sale/flat/297423245/,False,342056.07476635516
45000000.0,9.0,ЦАО,50.0,,1,6,,False,True,3.5,2,https://www.cian.ru/sale/flat/299369805/,False,900000.0
24700000.0,6.0,ЦАО,58.8,,1,6,1928,False,True,3.0,2,https://www.cian.ru/sale/flat/300590984/,False,420068.0272108844
84750000.0,9.0,ЦАО,75.0,58.0,2,6,,False,True,,2,https://www.cian.ru/sale/flat/290001136/,False,1130000.0
15500000.0,19.0,СЗАО,53.3,31.9,11,16,,False,False,2.6,2,https://www.cian.ru/sale/flat/299591930/,False,290806.7542213884
118850000.0,10.0,ЦАО,113.91,,11,12,,False,False,,2,https://www.cian.ru/sale/flat/300509424/,False,1043367.5708892986
14990000.0,14.0,СВАО,51.1,,5,17,2023,False,True,3.0,2,https://www.cian.ru/sale/flat/299059276/,False,293346.3796477495
39000000.0,16.0,ЮАО,52.0,29.0,3,5,1956,False,False,3.1,2,https://www.cian.ru/sale/flat/297935793/,False,750000.0
14400000.0,14.0,САО,44.5,,3,9,1972,False,False,2.64,2,https://www.cian.ru/sale/flat/300793238/,False,323595.5056179775
30900000.0,2.0,СВАО,63.3,,7,15,2021,False,True,3.0,2,https://www.cian.ru/sale/flat/289970462/,False,488151.65876777255
12000000.0,4.0,ВАО,52.3,30.4,9,12,1975,False,False,2.6,2,https://www.cian.ru/sale/flat/299744949/,False,229445.50669216062
39859000.0,28.0,ЗАО,68.9,35.5,7,12,,False,False,,2,https://www.cian.ru/sale/flat/295131192/,False,578505.0798258345
13750000.0,4.0,ЮВАО,67.0,40.0,1,6,,False,True,3.2,2,https://www.cian.ru/sale/flat/300865618/,False,205223.8805970149
11800000.0,15.0,ВАО,46.7,30.6,8,9,1973,False,False,2.5,2,https://www.cian.ru/sale/flat/297917379/,False,252676.6595289079
14100000.0,3.0,САО,45.0,30.0,2,5,1963,False,False,,2,https://www.cian.ru/sale/flat/300411529/,False,313333.3333333333
55300000.0,9.0,ЦАО,82.2,,3,18,2006,False,False,3.1,2,https://www.cian.ru/sale/flat/294035690/,False,672749.3917274938
18300000.0,19.0,СЗАО,42.0,28.0,9,18,2022,False,True,3.0,2,https://www.cian.ru/sale/flat/300747383/,False,435714.28571428574
16900000.0,12.0,ЮВАО,59.0,33.0,18,22,,False,False,,2,https://www.cian.ru/sale/flat/300484955/,False,286440.6779661017
37700000.0,18.0,ЗАО,57.7,21.3,23,29,2020,False,False,3.2,2,https://www.cian.ru/sale/flat/300530825/,False,653379.5493934142
20700000.0,10.0,ЮВАО,68.0,,5,14,1998,False,False,,2,https://www.cian.ru/sale/flat/288702404/,False,304411.76470588235
19890000.0,14.0,ЗАО,92.0,48.0,25,25,2007,False,False,2.7,2,https://www.cian.ru/sale/flat/296709126/,False,216195.65217391305
42000000.0,3.0,ЦАО,62.0,,16,78,2020,False,True,3.9,2,https://www.cian.ru/sale/flat/294452835/,False,677419.3548387097
56000000.0,3.0,ЦАО,86.0,66.0,27,85,,False,True,,2,https://www.cian.ru/sale/flat/300862090/,False,651162.7906976744
12990000.0,7.0,ЮВАО,50.0,35.0,4,19,2014,False,False,,2,https://www.cian.ru/sale/flat/300550054/,False,259800.0
54250000.0,6.0,ЦАО,85.4,35.4,13,14,2023,False,True,4.1,2,https://www.cian.ru/sale/flat/286431969/,False,635245.9016393442
105000000.0,1.0,ЦАО,83.0,,11,13,2022,False,False,3.2,2,https://www.cian.ru/sale/flat/298050415/,False,1265060.2409638555
17990000.0,8.0,ЗАО,41.1,,27,41,,False,False,,2,https://www.cian.ru/sale/flat/298002960/,False,437712.89537712897
33000000.0,17.0,ЗАО,73.3,29.9,22,25,2021,False,False,3.1,2,https://www.cian.ru/sale/flat/299898801/,False,450204.63847203273
12000000.0,17.0,СЗАО,43.0,28.0,2,9,,False,False,,2,https://www.cian.ru/sale/flat/296083968/,False,279069.76744186046
52000000.0,5.0,ЦАО,60.0,47.0,45,78,2020,False,True,3.5,2,https://www.cian.ru/sale/flat/299990588/,False,866666.6666666666
47000000.0,11.0,ЮЗАО,95.0,47.0,11,24,2018,False,False,3.08,2,https://www.cian.ru/sale/flat/297552348/,False,494736.84210526315
19900000.0,4.0,ЮАО,49.0,32.0,7,17,2020,False,False,3.0,2,https://www.cian.ru/sale/flat/297994423/,False,406122.44897959183
24300000.0,17.0,САО,56.0,28.5,3,27,2022,False,False,3.0,2,https://www.cian.ru/sale/flat/300770612/,False,433928.5714285714
13200000.0,15.0,СЗАО,53.5,32.7,1,4,1958,False,False,3.1,2,https://www.cian.ru/sale/flat/299437447/,False,246728.9719626168
95000000.0,9.0,ЦАО,56.0,40.0,3,4,2016,False,True,,2,https://www.cian.ru/sale/flat/279918609/,False,1696428.5714285714
150000000.0,1.0,ЦАО,104.0,60.0,3,5,2015,False,True,3.8,2,https://www.cian.ru/sale/flat/297469657/,False,1442307.6923076923
12600000.0,5.0,ЮАО,42.9,,8,9,,False,False,,2,https://www.cian.ru/sale/flat/296206157/,False,293706.29370629374
59000000.0,8.0,САО,90.6,,2,27,2018,False,False,3.2,2,https://www.cian.ru/sale/flat/293729302/,False,651214.1280353201
17990000.0,18.0,ЮВАО,65.1,,24,25,2022,False,False,2.62,2,https://www.cian.ru/sale/flat/300402728/,False,276344.0860215054
36500000.0,6.0,ЗАО,67.0,27.7,7,28,2022,False,False,3.12,2,https://www.cian.ru/sale/flat/297510568/,False,544776.1194029851
18105100.0,6.0,СЗАО,53.3,32.2,12,16,1982,False,False,2.64,2,https://www.cian.ru/sale/flat/300398287/,False,339682.9268292683
10000000.0,12.0,ЮВАО,44.3,,4,9,1980,False,False,2.6,2,https://www.cian.ru/sale/flat/297115546/,False,225733.63431151243
67500000.0,12.0,САО,75.0,40.0,37,41,2020,False,False,,2,https://www.cian.ru/sale/flat/300393603/,False,900000.0
15500000.0,12.0,ЮЗАО,38.0,,7,9,1962,False,False,2.64,2,https://www.cian.ru/sale/flat/299496399/,False,407894.7368421053
18800000.0,4.0,ВАО,56.8,,2,12,1979,False,False,,2,https://www.cian.ru/sale/flat/294716867/,False,330985.91549295775
38000000.0,9.0,ЦАО,60.0,,1,9,1969,False,False,2.75,2,https://www.cian.ru/sale/flat/300270099/,False,633333.3333333334
13990000.0,7.0,САО,53.9,32.3,11,16,1980,False,False,2.64,2,https://www.cian.ru/sale/flat/300043414/,False,259554.7309833024
31500000.0,1.0,САО,47.0,,2,8,,False,True,3.28,2,https://www.cian.ru/sale/flat/297734703/,False,670212.7659574468
24800000.0,16.0,ЗАО,70.0,30.0,6,21,2016,False,True,3.0,2,https://www.cian.ru/sale/flat/297901346/,False,354285.71428571426
16600000.0,11.0,ЮВАО,59.0,,5,25,,False,False,2.8,2,https://www.cian.ru/sale/flat/300309528/,False,281355.9322033898
12700000.0,19.0,ЮЗАО,44.2,27.7,2,9,,False,False,2.7,2,https://www.cian.ru/sale/flat/300440179/,False,287330.3167420814
18500000.0,14.0,ЗАО,43.2,,3,25,2015,False,True,,2,https://www.cian.ru/sale/flat/289779311/,False,428240.74074074073
21300000.0,7.0,САО,53.5,21.3,20,33,,False,False,,2,https://www.cian.ru/sale/flat/298223339/,False,398130.84112149535
18999999.0,8.0,ЗАО,60.0,32.0,2,23,,False,False,,2,https://www.cian.ru/sale/flat/298382931/,False,316666.65
30979903.0,5.0,ЦАО,69.0,35.0,10,14,1981,False,False,,2,https://www.cian.ru/sale/flat/295069648/,False,448984.1014492754
11800000.0,6.0,ЮАО,48.2,,7,12,1973,False,False,2.48,2,https://www.cian.ru/sale/flat/300804494/,False,244813.27800829874
23300000.0,11.0,ЮВАО,56.1,,8,27,2023,False,False,,2,https://www.cian.ru/sale/flat/286258865/,False,415329.7682709447
26700000.0,16.0,СЗАО,50.3,15.2,11,20,2015,False,False,2.7,2,https://www.cian.ru/sale/flat/300506281/,False,530815.1093439364
28000000.0,5.0,СЗАО,60.9,,10,43,2023,False,False,,2,https://www.cian.ru/sale/flat/298003416/,False,459770.1149425288
10500000.0,5.0,ВАО,44.0,28.0,8,9,1972,False,False,2.64,2,https://www.cian.ru/sale/flat/298847321/,False,238636.36363636365
25800000.0,5.0,СЗАО,49.3,,5,43,2023,False,False,3.1,2,https://www.cian.ru/sale/flat/296325203/,False,523326.5720081136
12200000.0,4.0,ЮВАО,55.4,30.4,5,8,2003,False,False,2.64,2,https://www.cian.ru/sale/flat/300792177/,False,220216.60649819495
63000000.0,6.0,ЦАО,83.0,49.0,35,78,,False,True,,2,https://www.cian.ru/sale/flat/300577056/,False,759036.1445783132
118450000.0,11.0,ЦАО,99.71,44.2,9,14,,False,False,,2,https://www.cian.ru/sale/flat/300509041/,False,1187945.0406177917
37500000.0,15.0,ЗАО,45.0,,11,14,2023,False,False,3.0,2,https://www.cian.ru/sale/flat/299847046/,False,833333.3333333334
7499999.0,12.0,ЮАО,40.0,,3,5,2017,False,True,2.64,2,https://www.cian.ru/sale/flat/293054575/,False,187499.975
14900000.0,4.0,СВАО,44.5,,5,9,1975,False,False,2.64,2,https://www.cian.ru/sale/flat/299871569/,False,334831.4606741573
12400000.0,11.0,САО,54.0,32.0,5,12,1977,False,False,2.6,2,https://www.cian.ru/sale/flat/294302985/,False,229629.62962962964
29990000.0,20.0,ЮАО,59.4,24.1,23,28,2023,False,False,,2,https://www.cian.ru/sale/flat/300464106/,False,504882.1548821549
17000000.0,11.0,САО,55.0,38.0,5,16,1974,False,False,,2,https://www.cian.ru/sale/flat/293250714/,False,309090.9090909091
11200000.0,13.0,ЗАО,47.8,31.5,4,14,1978,False,False,,2,https://www.cian.ru/sale/flat/300057103/,False,234309.62343096235
15900000.0,4.0,ЮЗАО,55.0,14.0,23,23,,False,True,6.5,2,https://www.cian.ru/sale/flat/299523719/,False,289090.9090909091
44000000.0,15.0,ЗАО,87.5,,15,22,2012,False,False,,2,https://www.cian.ru/sale/flat/300842155/,False,502857.14285714284
13750000.0,9.0,ЗАО,44.3,,3,9,1970,False,False,2.65,2,https://www.cian.ru/sale/flat/299853557/,False,310383.74717832956
68000000.0,6.0,ЦАО,64.0,40.0,4,5,,False,True,,2,https://www.cian.ru/sale/flat/294624973/,False,1062500.0
20000000.0,2.0,ЮВАО,52.5,30.5,8,14,1985,False,False,2.64,2,https://www.cian.ru/sale/flat/292659494/,False,380952.38095238095
23250000.0,18.0,ЗАО,56.7,28.7,30,30,,False,False,3.3,2,https://www.cian.ru/sale/flat/299963315/,False,410052.91005291004
54000000.0,8.0,ЦАО,41.0,27.0,6,21,,False,False,3.2,2,https://www.cian.ru/sale/flat/298842311/,False,1317073.1707317072
9950000.0,5.0,ВАО,45.0,29.0,9,9,1970,False,False,2.64,2,https://www.cian.ru/sale/flat/294453097/,False,221111.11111111112
15680000.0,11.0,ЮАО,46.1,28.7,8,9,1974,False,False,2.64,2,https://www.cian.ru/sale/flat/298942262/,False,340130.1518438178
18480000.0,7.0,СЗАО,44.2,,6,11,2012,False,True,3.0,2,https://www.cian.ru/sale/flat/299984457/,False,418099.5475113122
22500000.0,8.0,САО,60.0,32.0,10,17,2015,False,False,2.74,2,https://www.cian.ru/sale/flat/297684810/,False,375000.0
44000000.0,11.0,ЦАО,53.6,,28,29,2022,False,False,,2,https://www.cian.ru/sale/flat/300660827/,False,820895.5223880596
23900000.0,5.0,ЮАО,80.0,,3,24,2001,False,False,2.8,2,https://www.cian.ru/sale/flat/298090813/,False,298750.0
12700000.0,4.0,СЗАО,42.4,,3,5,,False,False,2.7,2,https://www.cian.ru/sale/flat/299101609/,False,299528.30188679247
21950000.0,7.0,ЮЗАО,47.5,14.8,4,34,2023,False,False,3.2,2,https://www.cian.ru/sale/flat/299187970/,False,462105.2631578947
16600000.0,13.0,СВАО,56.6,31.8,15,19,2016,False,False,2.7,2,https://www.cian.ru/sale/flat/299905470/,False,293286.2190812721
21900000.0,5.0,САО,46.5,,11,24,,False,False,,2,https://www.cian.ru/sale/flat/272186797/,False,470967.7419354839
24500000.0,14.0,ЮАО,66.0,,4,15,2022,False,False,3.1,2,https://www.cian.ru/sale/flat/299110408/,False,371212.1212121212
33900000.0,7.0,ЦАО,42.0,30.0,2,5,1935,False,False,2.8,2,https://www.cian.ru/sale/flat/300639293/,False,807142.8571428572
45000000.0,3.0,ЦАО,61.0,,15,78,2020,False,True,3.9,2,https://www.cian.ru/sale/flat/298560309/,False,737704.9180327869
44900000.0,9.0,ЦАО,50.0,,1,5,2020,False,True,3.4,2,https://www.cian.ru/sale/flat/296575726/,False,898000.0
11690000.0,10.0,ЮЗАО,35.5,,6,15,1973,False,False,2.6,2,https://www.cian.ru/sale/flat/299440062/,False,329295.77464788733
35990000.0,2.0,ЦАО,70.0,45.0,7,7,1917,False,False,3.0,2,https://www.cian.ru/sale/flat/298576741/,False,514142.85714285716
45000000.0,7.0,САО,90.6,,4,23,2007,False,False,3.0,2,https://www.cian.ru/sale/flat/294511036/,False,496688.7417218543
14500000.0,8.0,СЗАО,61.7,,8,24,2023,False,False,2.75,2,https://www.cian.ru/sale/flat/294473072/,False,235008.10372771474
42700000.0,6.0,ЗАО,82.9,36.5,11,13,2022,False,False,3.1,2,https://www.cian.ru/sale/flat/300113796/,False,515078.4077201447
14000000.0,19.0,ЗАО,55.3,,4,4,1949,False,False,3.0,2,https://www.cian.ru/sale/flat/300853753/,False,253164.55696202532
30000000.0,8.0,САО,52.0,32.0,6,12,,False,True,3.0,2,https://www.cian.ru/sale/flat/296711017/,False,576923.0769230769
38900000.0,19.0,ЮАО,72.49,,13,29,2022,False,False,2.64,2,https://www.cian.ru/sale/flat/298734321/,False,536625.7414815837
87312000.0,2.0,ЦАО,64.2,,8,9,2023,False,True,3.6,2,https://www.cian.ru/sale/flat/297469215/,False,1360000.0
43500000.0,11.0,ЮЗАО,66.7,,6,18,2011,False,False,3.0,2,https://www.cian.ru/sale/flat/298381829/,False,652173.9130434783
31000000.0,7.0,ЗАО,46.0,26.0,14,24,2021,False,False,3.1,2,https://www.cian.ru/sale/flat/299655879/,False,673913.0434782609
40000000.0,5.0,ЦАО,55.7,,8,9,1954,False,False,3.2,2,https://www.cian.ru/sale/flat/300884456/,False,718132.8545780969
16000000.0,8.0,ЮВАО,45.0,,4,9,1969,False,False,2.64,2,https://www.cian.ru/sale/flat/300621745/,False,355555.55555555556
18000000.0,12.0,САО,48.8,,5,6,1952,False,True,3.2,2,https://www.cian.ru/sale/flat/299520754/,False,368852.45901639346
30000000.0,8.0,САО,54.0,30.0,5,24,,False,False,,2,https://www.cian.ru/sale/flat/297833437/,False,555555.5555555555
9900000.0,10.0,ЮВАО,37.4,,7,9,1964,False,False,2.64,2,https://www.cian.ru/sale/flat/299432268/,False,264705.8823529412
28000000.0,11.0,СЗАО,60.1,,2,17,2014,False,False,,2,https://www.cian.ru/sale/flat/299942097/,False,465890.1830282862
158220000.0,10.0,ЦАО,87.9,,4,9,2023,False,False,,2,https://www.cian.ru/sale/flat/285924533/,False,1800000.0
16799999.0,11.0,ЮВАО,38.7,25.6,26,27,2023,False,False,3.0,2,https://www.cian.ru/sale/flat/297957070/,False,434108.50129198964
41000000.0,7.0,ЗАО,68.4,47.5,2,16,2006,False,False,,2,https://www.cian.ru/sale/flat/300810444/,False,599415.2046783625
18000000.0,5.0,СВАО,58.0,34.0,10,21,2023,False,False,2.75,2,https://www.cian.ru/sale/flat/299382631/,False,310344.8275862069
40000000.0,12.0,ЦАО,44.5,,4,17,2023,False,False,3.8,2,https://www.cian.ru/sale/flat/295800676/,False,898876.404494382
33000000.0,16.0,СЗАО,56.0,,10,25,2015,False,False,3.1,2,https://www.cian.ru/sale/flat/299138346/,False,589285.7142857143
13000000.0,12.0,ВАО,37.0,22.6,4,9,1966,False,False,2.5,2,https://www.cian.ru/sale/flat/299115293/,False,351351.35135135136
16590000.0,10.0,ЮЗАО,47.3,,8,14,2023,False,True,2.9,2,https://www.cian.ru/sale/flat/297798583/,False,350739.9577167019
52000000.0,9.0,ЦАО,50.75,,3,21,2023,False,False,,2,https://www.cian.ru/sale/flat/299812154/,False,1024630.5418719212
29500000.0,18.0,ЮАО,63.0,30.0,14,22,,False,False,,2,https://www.cian.ru/sale/flat/298157721/,False,468253.9682539682
53000000.0,7.0,ЦАО,55.1,,7,9,1964,False,False,2.7,2,https://www.cian.ru/sale/flat/295451385/,False,961887.4773139745
40000000.0,12.0,ЗАО,69.0,36.0,7,14,2022,False,False,3.13,2,https://www.cian.ru/sale/flat/298973366/,False,579710.1449275363
46100000.0,13.0,ЦАО,61.5,36.5,2,8,2021,False,True,,2,https://www.cian.ru/sale/flat/289806244/,False,749593.4959349594
13950000.0,7.0,ЮЗАО,46.0,30.0,3,9,1976,False,False,2.64,2,https://www.cian.ru/sale/flat/300499469/,False,303260.8695652174
21900000.0,10.0,САО,39.0,23.0,17,17,2022,False,False,3.0,2,https://www.cian.ru/sale/flat/299652366/,False,561538.4615384615
12200000.0,12.0,ВАО,38.0,23.0,3,12,1968,False,False,2.64,2,https://www.cian.ru/sale/flat/300053925/,False,321052.63157894736
14999000.0,20.0,СЗАО,51.0,28.0,4,25,,False,False,,2,https://www.cian.ru/sale/flat/299293091/,False,294098.03921568627
10890000.0,7.0,СЗАО,44.3,27.9,1,9,,False,False,,2,https://www.cian.ru/sale/flat/300108535/,False,245823.92776523702
35000000.0,11.0,ЦАО,50.0,30.0,10,14,1978,False,False,2.7,2,https://www.cian.ru/sale/flat/291451402/,False,700000.0
20500000.0,8.0,ЗАО,46.3,,22,31,2022,False,False,,2,https://www.cian.ru/sale/flat/300662643/,False,442764.57883369335
75145000.0,8.0,ЦАО,79.1,,2,5,1886,False,True,3.3,2,https://www.cian.ru/sale/flat/280660461/,False,950000.0000000001
24700000.0,10.0,СЗАО,73.2,33.7,18,22,2022,False,False,3.1,2,https://www.cian.ru/sale/flat/292772892/,False,337431.693989071
135540000.0,10.0,ЦАО,75.3,,4,9,2023,False,False,,2,https://www.cian.ru/sale/flat/285925205/,False,1800000.0
70000000.0,2.0,ЦАО,105.0,70.0,25,73,,False,True,,2,https://www.cian.ru/sale/flat/294226335/,False,666666.6666666666
50000000.0,11.0,ЦАО,77.0,56.0,2,3,1895,False,False,3.8,2,https://www.cian.ru/sale/flat/300812063/,False,649350.6493506493
17900000.0,7.0,ЮАО,53.4,32.5,12,17,2002,False,False,2.64,2,https://www.cian.ru/sale/flat/295298480/,False,335205.9925093633
12300000.0,5.0,СВАО,46.1,,1,12,1978,False,False,2.64,2,https://www.cian.ru/sale/flat/298605362/,False,266811.2798264642
52500000.0,17.0,ЗАО,64.0,32.0,15,32,2023,False,True,3.0,2,https://www.cian.ru/sale/flat/300555057/,False,820312.5
26000000.0,11.0,СВАО,45.0,34.0,13,17,2020,False,True,3.1,2,https://www.cian.ru/sale/flat/300858461/,False,577777.7777777778
75000000.0,6.0,ЦАО,82.0,,55,78,2020,False,True,3.9,2,https://www.cian.ru/sale/flat/300447237/,False,914634.1463414634
12550000.0,18.0,ЮЗАО,45.0,28.0,4,12,1974,False,False,,2,https://www.cian.ru/sale/flat/297004181/,False,278888.8888888889
13500000.0,10.0,САО,43.2,,4,5,1962,False,False,2.5,2,https://www.cian.ru/sale/flat/299596557/,False,312500.0
15000000.0,8.0,СЗАО,55.5,,1,4,,False,False,3.0,2,https://www.cian.ru/sale/flat/299765157/,False,270270.2702702703
15800000.0,3.0,САО,43.0,31.3,4,8,,False,False,,2,https://www.cian.ru/sale/flat/285616997/,False,367441.8604651163
38500000.0,12.0,ЮЗАО,120.3,,2,18,2005,False,False,3.0,2,https://www.cian.ru/sale/flat/270457452/,False,320033.2502078138
25512000.0,10.0,СВАО,42.7,31.7,3,35,2022,False,False,3.0,2,https://www.cian.ru/sale/flat/299962045/,False,597470.7259953162
13900000.0,18.0,ЗАО,44.9,31.6,3,16,1971,False,False,2.7,2,https://www.cian.ru/sale/flat/298298500/,False,309576.83741648105
20500000.0,20.0,СВАО,57.7,,2,22,2021,False,False,2.7,2,https://www.cian.ru/sale/flat/300569317/,False,355285.9618717504
26000000.0,5.0,ЦАО,48.0,,8,12,2018,False,True,,2,https://www.cian.ru/sale/flat/297244904/,False,541666.6666666666
51000000.0,5.0,САО,70.1,,23,24,2023,False,False,3.0,2,https://www.cian.ru/sale/flat/300512095/,False,727532.0970042796
10700000.0,7.0,ВАО,48.0,31.5,8,12,1968,False,False,2.64,2,https://www.cian.ru/sale/flat/294746939/,False,222916.66666666666
86000000.0,12.0,ЦАО,69.0,,14,17,2017,False,False,3.3,2,https://www.cian.ru/sale/flat/299250886/,False,1246376.8115942029
16800000.0,6.0,СВАО,54.0,31.0,7,7,,False,False,3.1,2,https://www.cian.ru/sale/flat/299111468/,False,311111.1111111111
26500000.0,12.0,СЗАО,42.7,,11,21,2018,False,False,3.0,2,https://www.cian.ru/sale/flat/293044967/,False,620608.8992974239
11200000.0,6.0,ВАО,50.4,,9,12,1978,False,False,2.5,2,https://www.cian.ru/sale/flat/298668459/,False,222222.22222222222
31500000.0,9.0,ЦАО,75.0,35.0,9,10,1933,False,False,,2,https://www.cian.ru/sale/flat/300539774/,False,420000.0
17500000.0,8.0,СВАО,57.0,28.0,5,17,2022,False,False,,2,https://www.cian.ru/sale/flat/297877542/,False,307017.5438596491
11000000.0,7.0,ВАО,45.0,28.4,5,9,1971,False,False,2.6,2,https://www.cian.ru/sale/flat/299361979/,False,244444.44444444444
15550000.0,19.0,ЮВАО,50.1,28.2,3,16,1986,False,False,2.48,2,https://www.cian.ru/sale/flat/300552142/,False,310379.2415169661
10600000.0,16.0,СВАО,44.2,27.9,4,9,1974,False,False,2.64,2,https://www.cian.ru/sale/flat/299594980/,False,239819.00452488687
14990000.0,5.0,САО,43.0,28.0,5,5,1959,False,False,2.5,2,https://www.cian.ru/sale/flat/300057821/,False,348604.6511627907
115000000.0,4.0,ЦАО,117.0,90.0,5,6,2007,False,False,,2,https://www.cian.ru/sale/flat/300539780/,False,982905.9829059829
11699000.0,6.0,САО,41.0,29.0,7,9,1963,False,False,2.64,2,https://www.cian.ru/sale/flat/300334511/,False,285341.46341463417
10500000.0,17.0,ЮВАО,42.8,28.4,6,9,,False,False,,2,https://www.cian.ru/sale/flat/291049452/,False,245327.10280373832
11500000.0,18.0,ЮЗАО,50.8,,9,17,2023,False,False,2.8,2,https://www.cian.ru/sale/flat/299849732/,False,226377.9527559055
13050000.0,17.0,САО,35.0,22.0,17,18,2023,False,False,2.7,2,https://www.cian.ru/sale/flat/300160212/,False,372857.14285714284
28500000.0,13.0,ЮЗАО,122.7,42.1,7,8,2000,False,False,,2,https://www.cian.ru/sale/flat/298375248/,False,232273.83863080683
62990000.0,2.0,ЦАО,53.0,38.0,3,8,2022,False,True,3.0,2,https://www.cian.ru/sale/flat/300645726/,False,1188490.566037736
11400000.0,13.0,ЗАО,45.7,29.8,8,9,1970,False,False,2.64,2,https://www.cian.ru/sale/flat/298336498/,False,249452.95404814003
24900000.0,12.0,СВАО,53.3,,19,48,2017,False,False,3.0,2,https://www.cian.ru/sale/flat/297733145/,False,467166.97936210135
12400000.0,13.0,СВАО,53.3,30.2,11,12,1983,False,False,2.64,2,https://www.cian.ru/sale/flat/299283687/,False,232645.40337711072
12900000.0,10.0,ЮВАО,44.0,26.4,9,9,1962,False,False,2.65,2,https://www.cian.ru/sale/flat/294469100/,False,293181.8181818182
21800000.0,5.0,САО,58.4,,2,23,2022,False,False,3.1,2,https://www.cian.ru/sale/flat/298943436/,False,373287.6712328767
26500000.0,20.0,ЮЗАО,42.0,,12,42,2023,False,False,2.8,2,https://www.cian.ru/sale/flat/300822078/,False,630952.380952381
54000000.0,3.0,ЦАО,91.0,,21,85,2016,False,True,3.0,2,https://www.cian.ru/sale/flat/293372855/,False,593406.5934065934
37000000.0,7.0,ВАО,79.0,33.0,4,11,2016,False,False,3.0,2,https://www.cian.ru/sale/flat/300484470/,False,468354.43037974683
10800000.0,15.0,ВАО,37.2,23.3,9,12,,False,False,,2,https://www.cian.ru/sale/flat/299021060/,False,290322.5806451613
42500000.0,1.0,САО,83.6,32.5,7,7,1953,False,False,,2,https://www.cian.ru/sale/flat/300321398/,False,508373.20574162685
28500000.0,3.0,ЗАО,44.0,,14,28,2020,False,False,3.0,2,https://www.cian.ru/sale/flat/300617338/,False,647727.2727272727
86000000.0,5.0,ЦАО,114.2,,46,75,2012,False,True,3.0,2,https://www.cian.ru/sale/flat/288552689/,False,753064.7985989492
48000000.0,3.0,ЗАО,65.0,,7,14,1955,False,False,3.2,2,https://www.cian.ru/sale/flat/298754084/,False,738461.5384615385
43000000.0,3.0,ЦАО,61.0,,4,10,2019,False,True,3.2,2,https://www.cian.ru/sale/flat/299504834/,False,704918.0327868853
28700000.0,20.0,ЮЗАО,63.0,30.0,20,42,,False,False,,2,https://www.cian.ru/sale/flat/296594564/,False,455555.55555555556
34000000.0,2.0,ЦАО,87.0,40.0,35,35,,False,False,,2,https://www.cian.ru/sale/flat/293521736/,False,390804.5977011494
115000000.0,5.0,ЦАО,123.0,,51,75,2012,False,True,3.2,2,https://www.cian.ru/sale/flat/259427417/,False,934959.349593496
18300000.0,19.0,ЮЗАО,45.4,,5,9,,False,False,,2,https://www.cian.ru/sale/flat/300476400/,False,403083.7004405286
23000000.0,5.0,ЗАО,61.9,,2,24,2004,False,False,2.78,2,https://www.cian.ru/sale/flat/298732812/,False,371567.04361873993
15350000.0,4.0,ЗАО,57.0,37.0,3,5,1957,False,False,3.0,2,https://www.cian.ru/sale/flat/300707466/,False,269298.2456140351
52000000.0,13.0,САО,69.3,,3,5,2021,False,False,,2,https://www.cian.ru/sale/flat/300861926/,False,750360.7503607504
12800000.0,14.0,САО,39.0,25.0,6,12,1967,False,False,,2,https://www.cian.ru/sale/flat/297560669/,False,328205.1282051282
81940000.0,21.0,ЗАО,67.5,,3,8,,False,False,3.2,2,https://www.cian.ru/sale/flat/300393459/,False,1213925.9259259258
15990000.0,7.0,ЮЗАО,45.0,,8,9,1971,False,False,2.5,2,https://www.cian.ru/sale/flat/300807361/,False,355333.3333333333
23490000.0,18.0,ЮЗАО,69.0,46.1,7,8,1958,False,False,3.1,2,https://www.cian.ru/sale/flat/295719676/,False,340434.7826086957
126490000.0,14.0,ЦАО,97.25,,9,15,,False,False,,2,https://www.cian.ru/sale/flat/300509135/,False,1300668.380462725
189000000.0,5.0,ЦАО,127.4,,3,6,,False,False,,2,https://www.cian.ru/sale/flat/300509419/,False,1483516.4835164833
70000000.0,9.0,ЦАО,106.2,,5,10,,False,False,3.15,2,https://www.cian.ru/sale/flat/295467334/,False,659133.7099811676
39980000.0,28.0,ЗАО,70.6,48.9,8,14,,False,False,,2,https://www.cian.ru/sale/flat/299879107/,False,566288.9518413598
10500000.0,4.0,СЗАО,40.0,25.0,4,9,1963,False,False,2.5,2,https://www.cian.ru/sale/flat/300732921/,False,262500.0
22400000.0,17.0,СЗАО,64.3,41.1,6,8,1960,False,False,2.8,2,https://www.cian.ru/sale/flat/299482281/,False,348367.02954898914
43000000.0,13.0,САО,69.0,45.0,2,5,,False,False,3.1,2,https://www.cian.ru/sale/flat/300742961/,False,623188.4057971014
75000000.0,4.0,ЦАО,90.0,,57,88,2020,False,True,,2,https://www.cian.ru/sale/flat/300445967/,False,833333.3333333334
149000000.0,6.0,ЦАО,111.0,70.0,62,77,,False,True,,2,https://www.cian.ru/sale/flat/280116651/,False,1342342.3423423423
120000000.0,3.0,ЦАО,111.0,,2,7,2015,False,True,3.2,2,https://www.cian.ru/sale/flat/294069323/,False,1081081.0810810812
13999000.0,3.0,САО,36.7,22.9,2,9,1964,False,False,,2,https://www.cian.ru/sale/flat/300781629/,False,381444.14168937324
10000000.0,9.0,ВАО,44.1,,1,9,1968,False,False,2.64,2,https://www.cian.ru/sale/flat/300814829/,False,226757.36961451246
18900000.0,20.0,ЮЗАО,42.6,26.7,10,42,2023,False,False,3.0,2,https://www.cian.ru/sale/flat/300368305/,False,443661.9718309859
39000000.0,18.0,ЗАО,74.0,43.0,7,16,,False,False,,2,https://www.cian.ru/sale/flat/290825191/,False,527027.027027027
11800000.0,15.0,ЮЗАО,45.0,30.0,1,9,,False,False,,2,https://www.cian.ru/sale/flat/299186950/,False,262222.22222222225
17990000.0,4.0,ЗАО,42.8,,4,5,1960,False,False,2.8,2,https://www.cian.ru/sale/flat/298783896/,False,420327.1028037383
52000000.0,19.0,ЦАО,85.0,50.0,6,22,,False,False,,2,https://www.cian.ru/sale/flat/293949943/,False,611764.7058823529
32990000.0,5.0,СЗАО,65.0,39.4,40,44,2023,False,False,3.4,2,https://www.cian.ru/sale/flat/300192215/,False,507538.46153846156
50894634.0,6.0,ЦАО,60.4,,2,7,1914,False,False,3.0,2,https://www.cian.ru/sale/flat/277370296/,False,842626.3907284768
14300000.0,17.0,ВАО,45.0,30.0,2,9,1966,False,False,2.65,2,https://www.cian.ru/sale/flat/300293083/,False,317777.77777777775
10420000.0,11.0,ЮВАО,39.3,23.7,1,9,1977,False,False,2.64,2,https://www.cian.ru/sale/flat/300400550/,False,265139.94910941477
16500000.0,12.0,ЮАО,58.7,34.6,4,22,1991,False,False,2.66,2,https://www.cian.ru/sale/flat/298905862/,False,281090.28960817715
19980000.0,20.0,СЗАО,39.0,16.0,5,25,2022,False,False,3.0,2,https://www.cian.ru/sale/flat/299615213/,False,512307.6923076923
60000000.0,6.0,ЦАО,78.2,,69,78,2020,False,True,3.9,2,https://www.cian.ru/sale/flat/300754142/,False,767263.4271099744
13500000.0,7.0,САО,39.0,23.0,10,12,1965,False,False,2.64,2,https://www.cian.ru/sale/flat/300653839/,False,346153.8461538461
30000000.0,18.0,ЗАО,61.1,,7,29,2020,False,False,3.0,2,https://www.cian.ru/sale/flat/300587382/,False,490998.36333878885
24800000.0,5.0,СЗАО,58.0,,7,25,2022,False,True,,2,https://www.cian.ru/sale/flat/300664612/,False,427586.2068965517
14000000.0,15.0,ЮВАО,51.0,28.4,5,17,1992,False,False,2.64,2,https://www.cian.ru/sale/flat/300831273/,False,274509.8039215686
31000000.0,18.0,ЗАО,49.6,,6,23,2020,False,False,3.0,2,https://www.cian.ru/sale/flat/300520944/,False,625000.0
63040000.0,6.0,ЦАО,67.0,40.0,4,7,2017,False,True,2.9,2,https://www.cian.ru/sale/flat/300421853/,False,940895.5223880596
13870000.0,12.0,САО,57.3,,5,10,2024,False,True,3.3,2,https://www.cian.ru/sale/flat/300426960/,False,242059.33682373475
56000000.0,2.0,ЦАО,105.9,,7,10,1998,False,False,3.1,2,https://www.cian.ru/sale/flat/292930320/,False,528800.7554296505
15200000.0,18.0,ЗАО,43.7,,26,30,,False,False,3.02,2,https://www.cian.ru/sale/flat/294213944/,False,347826.0869565217
21286000.0,5.0,ЗАО,70.6,37.7,9,25,2017,False,False,2.9,2,https://www.cian.ru/sale/flat/295931215/,False,301501.4164305949
52000000.0,9.0,ЦАО,51.0,,3,20,,False,False,3.1,2,https://www.cian.ru/sale/flat/300661218/,False,1019607.8431372549
27500000.0,19.0,СВАО,66.0,30.9,7,35,2023,False,False,3.1,2,https://www.cian.ru/sale/flat/300590078/,False,416666.6666666667
11900000.0,7.0,САО,37.2,,2,12,1967,False,False,2.64,2,https://www.cian.ru/sale/flat/298139887/,False,319892.47311827954
17200000.0,10.0,ВАО,54.9,30.4,8,10,2004,False,False,2.64,2,https://www.cian.ru/sale/flat/300127453/,False,313296.9034608379
29000000.0,12.0,СВАО,63.0,35.0,31,47,2017,False,False,3.0,2,https://www.cian.ru/sale/flat/294868860/,False,460317.4603174603
29200000.0,12.0,СЗАО,65.5,,32,41,,False,False,3.2,2,https://www.cian.ru/sale/flat/296284624/,False,445801.5267175573
58300000.0,7.0,ЦАО,56.6,,3,21,2023,False,False,3.0,2,https://www.cian.ru/sale/flat/300194618/,False,1030035.335689046
70000000.0,17.0,СЗАО,107.8,,3,3,2017,False,True,3.2,2,https://www.cian.ru/sale/flat/300133660/,False,649350.6493506493
11800000.0,6.0,САО,37.0,22.6,5,9,1962,False,False,2.64,2,https://www.cian.ru/sale/flat/293166750/,False,318918.91891891893
115000000.0,9.0,ЦАО,91.2,,3,7,,False,True,,2,https://www.cian.ru/sale/flat/298969634/,False,1260964.9122807018
32000000.0,9.0,ЗАО,48.0,30.0,3,9,2021,False,False,,2,https://www.cian.ru/sale/flat/300453414/,False,666666.6666666666
12700000.0,7.0,ЮЗАО,48.0,,9,12,1972,False,False,2.64,2,https://www.cian.ru/sale/flat/295463619/,False,264583.3333333333
160000000.0,15.0,ЦАО,144.0,,14,21,2017,False,False,3.2,2,https://www.cian.ru/sale/flat/299939830/,False,1111111.111111111
17400000.0,1.0,СЗАО,38.0,,4,9,1965,False,False,2.64,2,https://www.cian.ru/sale/flat/300734140/,False,457894.7368421053
11300000.0,15.0,САО,62.0,35.3,6,15,2023,False,False,,2,https://www.cian.ru/sale/flat/297843866/,False,182258.06451612903
24900000.0,17.0,САО,55.0,27.0,17,29,2022,False,False,3.1,2,https://www.cian.ru/sale/flat/300116445/,False,452727.2727272727
29990000.0,6.0,САО,40.1,,2,6,2016,False,True,3.3,2,https://www.cian.ru/sale/flat/295663037/,False,747880.2992518703
25000000.0,8.0,ЦАО,40.0,,6,12,1965,False,False,2.95,2,https://www.cian.ru/sale/flat/299520473/,False,625000.0
11850000.0,10.0,ЮВАО,42.3,,3,5,1964,False,False,2.64,2,https://www.cian.ru/sale/flat/300190999/,False,280141.8439716312
44000000.0,11.0,ЦАО,66.7,,12,23,2021,False,False,3.2,2,https://www.cian.ru/sale/flat/300337781/,False,659670.1649175412
32000000.0,4.0,ЗАО,72.0,36.3,3,28,2021,False,False,3.0,2,https://www.cian.ru/sale/flat/300676856/,False,444444.44444444444
13990000.0,8.0,СВАО,35.0,,3,9,1966,False,False,2.65,2,https://www.cian.ru/sale/flat/300663312/,False,399714.28571428574
48000000.0,16.0,СЗАО,73.4,,8,19,,False,False,,2,https://www.cian.ru/sale/flat/300439382/,False,653950.9536784741
32500000.0,15.0,САО,87.9,,2,34,2008,False,False,3.0,2,https://www.cian.ru/sale/flat/300643127/,False,369738.33902161545
22100000.0,6.0,СЗАО,53.0,25.0,2,8,,False,True,,2,https://www.cian.ru/sale/flat/298794336/,False,416981.1320754717
12500000.0,,ЮАО,52.5,,12,16,1982,False,False,,2,https://www.cian.ru/sale/flat/298796724/,False,238095.2380952381
32500000.0,12.0,ЗАО,57.0,,6,23,2009,False,False,3.0,2,https://www.cian.ru/sale/flat/297407466/,False,570175.4385964912
29000000.0,20.0,ЮАО,66.3,39.2,11,17,2019,False,False,2.8,2,https://www.cian.ru/sale/flat/299349779/,False,437405.7315233786
38894000.0,5.0,ЗАО,68.9,35.5,7,14,,False,False,,2,https://www.cian.ru/sale/flat/300509136/,False,564499.274310595
20900000.0,10.0,САО,46.1,,18,22,2022,False,True,2.8,2,https://www.cian.ru/sale/flat/300104948/,False,453362.2559652928
21500000.0,14.0,ЮВАО,68.7,26.3,10,16,2001,False,False,,2,https://www.cian.ru/sale/flat/300597303/,False,312954.8762736535
23000000.0,12.0,ЗАО,56.8,,12,22,2007,False,False,2.64,2,https://www.cian.ru/sale/flat/300698129/,False,404929.57746478874
66000000.0,10.0,САО,110.0,70.0,4,57,,False,False,,2,https://www.cian.ru/sale/flat/299914021/,False,600000.0
11700000.0,10.0,ЮВАО,42.0,,7,9,1970,False,False,2.64,2,https://www.cian.ru/sale/flat/299430799/,False,278571.4285714286
16000000.0,,СЗАО,50.8,,13,16,,False,False,2.6,2,https://www.cian.ru/sale/flat/299325584/,False,314960.6299212599
45000000.0,1.0,ЦАО,51.0,,8,21,2016,False,True,,2,https://www.cian.ru/sale/flat/298381402/,False,882352.9411764706
48000000.0,8.0,ЦАО,65.0,,7,14,1939,False,False,3.2,2,https://www.cian.ru/sale/flat/294645886/,False,738461.5384615385
12800000.0,3.0,ЗАО,45.0,30.0,1,9,1970,False,False,2.7,2,https://www.cian.ru/sale/flat/294302599/,False,284444.44444444444
13000000.0,20.0,СЗАО,39.6,,2,28,2023,False,False,2.85,2,https://www.cian.ru/sale/flat/288417350/,False,328282.82828282827
129124882.0,4.0,ЦАО,218.9,,23,73,2009,False,True,3.0,2,https://www.cian.ru/sale/flat/297454391/,False,589880.6852444038
70000000.0,17.0,СЗАО,107.8,,3,3,,False,True,3.2,2,https://www.cian.ru/sale/flat/300120368/,False,649350.6493506493
68000000.0,16.0,ЦАО,65.1,48.1,4,20,,False,False,,2,https://www.cian.ru/sale/flat/299722529/,False,1044546.850998464
31500000.0,7.0,ЦАО,54.0,34.0,3,5,1926,False,False,3.2,2,https://www.cian.ru/sale/flat/299673217/,False,583333.3333333334
36700000.0,5.0,ЗАО,53.0,34.3,20,22,2021,False,False,,2,https://www.cian.ru/sale/flat/297078194/,False,692452.8301886793
19990000.0,5.0,СВАО,54.8,,3,8,1960,False,False,3.0,2,https://www.cian.ru/sale/flat/299501793/,False,364781.0218978102
12200000.0,18.0,ВАО,45.0,32.5,4,9,1965,False,False,2.7,2,https://www.cian.ru/sale/flat/299466286/,False,271111.1111111111
38000000.0,,ЗАО,70.0,35.0,25,52,2020,False,False,3.1,2,https://www.cian.ru/sale/flat/297264053/,False,542857.1428571428
25910000.0,10.0,СВАО,42.7,,9,11,2022,False,False,3.0,2,https://www.cian.ru/sale/flat/298839555/,False,606791.569086651
149600000.0,9.0,ЦАО,116.0,50.0,2,21,,False,False,,2,https://www.cian.ru/sale/flat/300033762/,False,1289655.1724137932
26500000.0,4.0,ЗАО,45.67,,3,5,1962,False,False,2.8,2,https://www.cian.ru/sale/flat/298503716/,False,580249.6168162908
23500000.0,4.0,ЦАО,70.8,24.7,9,19,2018,False,True,3.0,2,https://www.cian.ru/sale/flat/296600526/,False,331920.90395480226
20400000.0,10.0,ЦАО,53.6,30.5,7,12,2001,False,False,2.75,2,https://www.cian.ru/sale/flat/298598845/,False,380597.01492537314
24900000.0,10.0,СЗАО,73.2,33.7,20,22,2022,False,False,3.1,2,https://www.cian.ru/sale/flat/292730319/,False,340163.9344262295
30000000.0,20.0,ЮАО,54.9,,2,24,2023,False,True,3.0,2,https://www.cian.ru/sale/flat/300321051/,False,546448.087431694
10300000.0,4.0,СЗАО,37.0,22.0,6,9,1963,False,False,2.6,2,https://www.cian.ru/sale/flat/300815687/,False,278378.3783783784
15700000.0,5.0,СЗАО,48.2,14.1,8,19,2023,False,False,3.0,2,https://www.cian.ru/sale/flat/299117210/,False,325726.14107883815
20700000.0,16.0,ЗАО,62.2,32.6,19,25,2018,False,False,2.8,2,https://www.cian.ru/sale/flat/299270701/,False,332797.4276527331
17899000.0,2.0,ЦАО,41.7,32.3,2,9,1964,False,False,2.5,2,https://www.cian.ru/sale/flat/300792289/,False,429232.6139088729
28900000.0,20.0,ЮАО,42.4,,19,48,2023,False,False,3.0,2,https://www.cian.ru/sale/flat/300165837/,False,681603.7735849057
37000000.0,8.0,ЦАО,49.0,,9,9,1964,False,False,2.7,2,https://www.cian.ru/sale/flat/296723055/,False,755102.0408163265
61000000.0,7.0,ЦАО,58.54,,3,15,,False,False,,2,https://www.cian.ru/sale/flat/300650872/,False,1042022.5486846601
28000000.0,9.0,ЦАО,52.5,31.2,10,12,,False,False,,2,https://www.cian.ru/sale/flat/300477880/,False,533333.3333333334
16820000.0,11.0,СВАО,41.0,27.0,9,9,1970,False,False,,2,https://www.cian.ru/sale/flat/299107562/,False,410243.9024390244
10500000.0,19.0,ВАО,44.2,,6,9,,False,False,,2,https://www.cian.ru/sale/flat/299737835/,False,237556.56108597285
18462000.0,15.0,ЗАО,52.0,27.0,10,29,2022,False,False,2.9,2,https://www.cian.ru/sale/flat/299762508/,False,355038.46153846156
16100000.0,4.0,ЦАО,47.2,28.4,8,12,1968,False,False,2.6,2,https://www.cian.ru/sale/flat/300684401/,False,341101.6949152542
62000000.0,3.0,ЦАО,76.1,,34,78,2020,False,False,3.9,2,https://www.cian.ru/sale/flat/294212104/,False,814717.4770039422
25000000.0,10.0,САО,46.0,22.0,11,22,2023,False,True,2.8,2,https://www.cian.ru/sale/flat/300158363/,False,543478.2608695652
43500000.0,9.0,ЦАО,57.2,,4,12,1970,False,False,,2,https://www.cian.ru/sale/flat/300542646/,False,760489.5104895105
21000000.0,16.0,СВАО,60.2,,14,58,2014,False,False,3.1,2,https://www.cian.ru/sale/flat/300199357/,False,348837.20930232556
14490000.0,11.0,ЮЗАО,41.0,21.1,5,12,1968,False,False,2.48,2,https://www.cian.ru/sale/flat/299961362/,False,353414.6341463415
13400000.0,8.0,ЮАО,52.0,27.9,14,16,,False,False,,2,https://www.cian.ru/sale/flat/299183582/,False,257692.3076923077
13000000.0,19.0,ВАО,43.0,,4,4,2014,False,True,3.3,2,https://www.cian.ru/sale/flat/300491067/,False,302325.5813953488
87500000.0,7.0,ЮЗАО,115.4,,38,40,2013,False,False,3.5,2,https://www.cian.ru/sale/flat/300667260/,False,758232.2357019064
37000000.0,12.0,ЮЗАО,122.4,,1,18,2005,False,False,3.0,2,https://www.cian.ru/sale/flat/298795838/,False,302287.58169934637
23800000.0,9.0,Неизвестно,56.5,38.9,6,8,2022,False,True,5.0,2,https://www.cian.ru/sale/flat/299847408/,False,421238.93805309734
36500000.0,13.0,ЦАО,56.2,,3,7,2018,False,True,,2,https://www.cian.ru/sale/flat/300705208/,False,649466.1921708185
21950000.0,19.0,ЮЗАО,61.7,38.9,3,9,1958,False,False,3.0,2,https://www.cian.ru/sale/flat/293428779/,False,355753.64667747164
18200000.0,7.0,СВАО,54.0,35.0,3,5,1957,False,False,3.0,2,https://www.cian.ru/sale/flat/292565452/,False,337037.037037037
33000000.0,8.0,ЗАО,83.4,,21,30,,False,False,3.0,2,https://www.cian.ru/sale/flat/299714730/,False,395683.45323741005
31900000.0,12.0,СВАО,63.1,,2,22,2019,False,False,2.8,2,https://www.cian.ru/sale/flat/300061309/,False,505546.75118858955
18500000.0,10.0,САО,45.0,,5,5,1962,False,False,2.48,2,https://www.cian.ru/sale/flat/300427642/,False,411111.1111111111
74100000.0,6.0,ЦАО,78.0,,37,78,2020,False,True,3.9,2,https://www.cian.ru/sale/flat/300447621/,False,950000.0
17000000.0,20.0,ЗАО,53.0,27.0,18,23,2007,False,False,3.1,2,https://www.cian.ru/sale/flat/290909841/,False,320754.71698113205
30800000.0,7.0,ЗАО,67.0,,33,41,2021,False,False,3.1,2,https://www.cian.ru/sale/flat/293892011/,False,459701.49253731343
52000000.0,7.0,ЦАО,53.35,,4,21,,False,False,,2,https://www.cian.ru/sale/flat/300571814/,False,974695.4076850984
27000000.0,15.0,ЮЗАО,50.0,35.0,5,14,,False,True,,2,https://www.cian.ru/sale/flat/300421968/,False,540000.0
17500000.0,12.0,ЗАО,71.0,47.0,4,5,1961,False,False,2.65,2,https://www.cian.ru/sale/flat/300545017/,False,246478.87323943662
16500000.0,3.0,ЮАО,58.6,,7,8,,False,False,,2,https://www.cian.ru/sale/flat/297928971/,False,281569.9658703072
87700000.0,5.0,ЗАО,73.5,,10,13,,False,True,2.9,2,https://www.cian.ru/sale/flat/298162050/,False,1193197.2789115647
51500000.0,13.0,ЦАО,69.4,,39,44,2018,False,True,3.0,2,https://www.cian.ru/sale/flat/300768152/,False,742074.9279538904
60000000.0,9.0,ЦАО,64.5,36.4,4,21,2023,False,False,3.2,2,https://www.cian.ru/sale/flat/299519415/,False,930232.5581395349
15650000.0,8.0,ЗАО,35.6,,30,32,2022,False,False,2.62,2,https://www.cian.ru/sale/flat/286524902/,False,439606.7415730337
160000000.0,1.0,ЦАО,105.0,50.0,2,5,2015,False,True,3.0,2,https://www.cian.ru/sale/flat/299018185/,False,1523809.5238095238
28999000.0,5.0,ЦАО,43.4,,5,7,1933,False,False,3.2,2,https://www.cian.ru/sale/flat/300542685/,False,668179.7235023042
86000000.0,10.0,ЦАО,93.0,69.0,11,17,2013,False,False,3.3,2,https://www.cian.ru/sale/flat/292278816/,False,924731.1827956989
1300000.0,11.0,ВАО,36.7,,1,9,,False,False,,2,https://www.cian.ru/sale/flat/295919515/,False,35422.34332425068
28800000.0,18.0,ЮАО,60.0,32.0,38,40,2023,False,False,3.2,2,https://www.cian.ru/sale/flat/299324414/,False,480000.0
10600000.0,7.0,САО,40.47,27.5,10,17,2024,False,False,2.8,2,https://www.cian.ru/sale/flat/300310205/,False,261922.41166296022
19850000.0,8.0,ЮВАО,59.3,,30,33,2021,False,False,2.72,2,https://www.cian.ru/sale/flat/299184528/,False,334738.61720067455
29999000.0,6.0,ЮАО,57.8,,3,14,1945,False,False,3.0,2,https://www.cian.ru/sale/flat/300155324/,False,519013.84083044983
40900000.0,6.0,ЦАО,41.0,,3,5,2021,False,True,3.4,2,https://www.cian.ru/sale/flat/292133929/,False,997560.9756097561
93589100.0,10.0,ЦАО,77.2,43.7,4,8,2019,False,True,,2,https://www.cian.ru/sale/flat/284611342/,False,1212294.041450777
14490000.0,13.0,СЗАО,40.0,18.0,8,9,,False,False,,2,https://www.cian.ru/sale/flat/300102336/,False,362250.0
107000000.0,18.0,ЦАО,90.0,,4,9,2019,False,False,3.2,2,https://www.cian.ru/sale/flat/300534105/,False,1188888.888888889
40000000.0,15.0,ЗАО,75.0,35.0,7,22,,False,False,,2,https://www.cian.ru/sale/flat/287929947/,False,533333.3333333334
43000000.0,2.0,САО,68.0,40.0,4,14,,False,True,,2,https://www.cian.ru/sale/flat/298881471/,False,632352.9411764706
28000000.0,10.0,САО,61.4,,6,24,2007,False,False,3.1,2,https://www.cian.ru/sale/flat/297839099/,False,456026.0586319218
6950000.0,20.0,САО,30.0,20.0,5,5,2023,False,True,5.5,2,https://www.cian.ru/sale/flat/299828426/,False,231666.66666666666
13000000.0,13.0,САО,37.2,22.8,5,9,1962,False,False,,2,https://www.cian.ru/sale/flat/299561140/,False,349462.3655913978
54000000.0,4.0,САО,75.3,,13,16,2022,False,True,3.2,2,https://www.cian.ru/sale/flat/296351713/,False,717131.4741035857
37450000.0,5.0,ЦАО,78.0,40.0,10,12,2019,False,True,3.2,2,https://www.cian.ru/sale/flat/299640966/,False,480128.2051282051
26000000.0,11.0,ЮАО,73.0,,13,15,2022,False,False,3.1,2,https://www.cian.ru/sale/flat/295409684/,False,356164.38356164383
18600000.0,10.0,ЮАО,37.7,22.8,8,9,1964,False,False,2.6,2,https://www.cian.ru/sale/flat/297903197/,False,493368.700265252
18000000.0,7.0,ЦАО,34.9,26.2,2,5,1941,False,False,2.9,2,https://www.cian.ru/sale/flat/296209444/,False,515759.3123209169
16300000.0,17.0,ЮЗАО,46.7,28.5,8,8,1960,False,False,2.7,2,https://www.cian.ru/sale/flat/297418762/,False,349036.4025695931
13400000.0,16.0,ЮАО,44.5,,6,8,1962,False,False,2.6,2,https://www.cian.ru/sale/flat/296570382/,False,301123.59550561797
32000000.0,14.0,ЦАО,43.3,,16,51,,False,False,,2,https://www.cian.ru/sale/flat/299460337/,False,739030.0230946883
12950000.0,18.0,ЮВАО,52.1,,13,18,2022,False,False,2.6,2,https://www.cian.ru/sale/flat/299917593/,False,248560.46065259117
41500000.0,14.0,ЦАО,68.0,30.7,4,6,2023,False,False,3.1,2,https://www.cian.ru/sale/flat/298723575/,False,610294.1176470588
27450000.0,7.0,ЦАО,54.8,35.7,2,8,,False,False,3.2,2,https://www.cian.ru/sale/flat/285582701/,False,500912.4087591241
48000000.0,18.0,ЗАО,80.0,42.0,19,28,2011,False,False,3.0,2,https://www.cian.ru/sale/flat/300305064/,False,600000.0
26700000.0,5.0,ЦАО,55.6,,2,6,,False,False,,2,https://www.cian.ru/sale/flat/300551119/,False,480215.82733812946
20900000.0,3.0,ЗАО,44.0,24.0,2,8,2020,False,False,,2,https://www.cian.ru/sale/flat/300539822/,False,475000.0
23700000.0,11.0,САО,43.0,25.0,3,41,2021,False,False,3.0,2,https://www.cian.ru/sale/flat/297874677/,False,551162.7906976744
15550000.0,19.0,ЮВАО,50.1,,3,16,1986,False,False,,2,https://www.cian.ru/sale/flat/297903439/,False,310379.2415169661
24800000.0,6.0,ЦАО,56.1,,7,8,1959,False,False,2.8,2,https://www.cian.ru/sale/flat/299368217/,False,442067.7361853832
82000000.0,4.0,ЗАО,100.0,,42,42,2021,False,False,3.5,2,https://www.cian.ru/sale/flat/300504325/,False,820000.0
11800000.0,5.0,СВАО,45.0,28.5,3,14,1969,False,False,2.64,2,https://www.cian.ru/sale/flat/292354057/,False,262222.22222222225
57000000.0,6.0,ЦАО,118.8,,3,9,2012,False,True,3.0,2,https://www.cian.ru/sale/flat/286046754/,False,479797.9797979798
6890000.0,3.0,ЮЗАО,37.0,30.0,6,7,,False,True,3.2,2,https://www.cian.ru/sale/flat/298036394/,False,186216.2162162162
20000000.0,7.0,ЦАО,45.0,31.4,5,9,,False,False,,2,https://www.cian.ru/sale/flat/300112199/,False,444444.44444444444
30000000.0,7.0,ЦАО,50.0,35.0,9,9,1962,False,False,2.5,2,https://www.cian.ru/sale/flat/300558907/,False,600000.0
90551232.0,11.0,ЦАО,65.0,,4,7,2013,False,True,2.9,2,https://www.cian.ru/sale/flat/283680381/,False,1393095.8769230768
25500000.0,7.0,ЗАО,60.0,35.0,20,37,2021,False,False,3.1,2,https://www.cian.ru/sale/flat/300742288/,False,425000.0
52000000.0,5.0,ЗАО,69.23,,3,13,,False,False,3.0,2,https://www.cian.ru/sale/flat/297131630/,False,751119.4568828542
80000000.0,5.0,ЦАО,92.0,,16,78,2020,False,True,3.0,2,https://www.cian.ru/sale/flat/299573102/,False,869565.2173913043
39300000.0,11.0,СЗАО,57.4,,24,24,,False,False,,2,https://www.cian.ru/sale/flat/299509241/,False,684668.9895470383
12800000.0,10.0,СВАО,45.5,28.4,7,14,1974,False,False,2.65,2,https://www.cian.ru/sale/flat/296327043/,False,281318.68131868134
40000000.0,12.0,СЗАО,69.5,,30,37,2018,False,True,3.2,2,https://www.cian.ru/sale/flat/289779246/,False,575539.5683453238
14500000.0,6.0,САО,47.2,32.7,12,33,,False,False,,2,https://www.cian.ru/sale/flat/299611996/,False,307203.38983050844
15100000.0,3.0,ЗАО,55.1,33.7,2,5,1959,False,False,3.0,2,https://www.cian.ru/sale/flat/298195728/,False,274047.18693284935
32200000.0,5.0,СЗАО,57.0,37.0,3,29,,False,False,3.2,2,https://www.cian.ru/sale/flat/300709110/,False,564912.2807017544
17500000.0,8.0,ЮВАО,55.4,34.1,19,31,,False,False,,2,https://www.cian.ru/sale/flat/300832241/,False,315884.47653429606
16700000.0,16.0,ЮВАО,64.0,34.0,11,17,2020,False,False,,2,https://www.cian.ru/sale/flat/299167474/,False,260937.5
11100000.0,17.0,САО,47.0,30.2,8,9,1971,False,False,2.7,2,https://www.cian.ru/sale/flat/300609062/,False,236170.21276595743
37000000.0,10.0,ЮАО,63.0,41.9,12,20,2020,False,False,3.15,2,https://www.cian.ru/sale/flat/298792032/,False,587301.5873015873
31000000.0,5.0,САО,55.6,,16,24,2017,False,False,3.1,2,https://www.cian.ru/sale/flat/300007514/,False,557553.9568345323
11090000.0,5.0,СВАО,42.7,27.8,2,5,1967,False,False,2.64,2,https://www.cian.ru/sale/flat/298282165/,False,259718.96955503512
45000000.0,11.0,СЗАО,71.0,36.0,8,36,,False,False,,2,https://www.cian.ru/sale/flat/299414368/,False,633802.8169014085
23500000.0,14.0,СЗАО,43.1,18.8,22,41,,False,False,,2,https://www.cian.ru/sale/flat/300663253/,False,545243.6194895591
25000000.0,7.0,ЦАО,40.1,,6,9,,False,False,2.6,2,https://www.cian.ru/sale/flat/300866936/,False,623441.3965087282
4000000.0,7.0,СЗАО,50.3,,15,16,,False,False,,2,https://www.cian.ru/sale/flat/300892118/,False,79522.86282306163
12500000.0,7.0,ЮВАО,55.0,32.8,8,19,2014,False,False,2.78,2,https://www.cian.ru/sale/flat/298665303/,False,227272.72727272726
105000000.0,10.0,ЦАО,71.3,,7,12,2019,False,False,3.6,2,https://www.cian.ru/sale/flat/300593035/,False,1472650.7713884993
13000000.0,7.0,СЗАО,33.2,,9,9,1966,False,False,,2,https://www.cian.ru/sale/flat/300753621/,False,391566.2650602409
19500000.0,10.0,СВАО,50.0,33.9,18,27,2022,False,False,3.2,2,https://www.cian.ru/sale/flat/299068142/,False,390000.0
14700000.0,7.0,ЮАО,45.0,28.0,4,9,1970,False,False,2.55,2,https://www.cian.ru/sale/flat/300282463/,False,326666.6666666667
33100000.0,10.0,ЗАО,62.7,30.1,4,11,,False,False,3.1,2,https://www.cian.ru/sale/flat/300593020/,False,527910.6858054226
12590000.0,8.0,САО,44.3,,9,9,1971,False,False,2.64,2,https://www.cian.ru/sale/flat/297444092/,False,284198.64559819415
77805400.0,8.0,ЦАО,81.9,,3,5,1886,False,True,3.1,2,https://www.cian.ru/sale/flat/284287625/,False,950004.8840048839
17500000.0,9.0,ЦАО,60.0,38.0,1,5,1954,False,False,4.0,2,https://www.cian.ru/sale/flat/300389524/,False,291666.6666666667
22500000.0,4.0,САО,53.0,,22,24,2021,False,False,2.78,2,https://www.cian.ru/sale/flat/300316259/,False,424528.30188679247
11290000.0,15.0,ВАО,55.0,,1,5,,False,False,,2,https://www.cian.ru/sale/flat/300830031/,False,205272.72727272726
13500000.0,5.0,ЮВАО,50.8,30.3,7,14,1997,False,False,2.64,2,https://www.cian.ru/sale/flat/300737220/,False,265748.031496063
15870000.0,9.0,САО,45.0,27.0,5,5,1960,False,False,2.75,2,https://www.cian.ru/sale/flat/300900545/,False,352666.6666666667
226800000.0,7.0,ЗАО,165.0,,50,53,,False,False,,2,https://www.cian.ru/sale/flat/285245614/,False,1374545.4545454546
19700000.0,7.0,ЗАО,50.2,30.3,3,17,1985,False,False,2.64,2,https://www.cian.ru/sale/flat/297303391/,False,392430.27888446214
13200000.0,17.0,СЗАО,44.7,,8,9,1974,False,False,2.64,2,https://www.cian.ru/sale/flat/300525950/,False,295302.0134228188
73000000.0,7.0,САО,89.0,,4,10,,False,True,,2,https://www.cian.ru/sale/flat/292187076/,False,820224.7191011236
196537110.0,5.0,ЦАО,150.8,,3,6,2009,False,False,3.8,2,https://www.cian.ru/sale/flat/265207233/,False,1303296.4854111404
18600000.0,16.0,ЗАО,43.5,,13,21,2015,False,True,3.0,2,https://www.cian.ru/sale/flat/299757372/,False,427586.2068965517
33200000.0,9.0,СЗАО,52.0,,28,58,,False,False,,2,https://www.cian.ru/sale/flat/299151784/,False,638461.5384615385
22990000.0,5.0,ВАО,61.0,47.0,3,29,,False,False,,2,https://www.cian.ru/sale/flat/300393332/,False,376885.24590163934
37000000.0,7.0,САО,83.0,45.0,9,11,2019,False,True,,2,https://www.cian.ru/sale/flat/300742336/,False,445783.1325301205
24450000.0,9.0,САО,65.0,34.0,2,9,1953,False,False,2.5,2,https://www.cian.ru/sale/flat/300682308/,False,376153.8461538461
21600000.0,7.0,САО,52.0,35.0,26,32,2023,False,False,,2,https://www.cian.ru/sale/flat/297477069/,False,415384.6153846154
11900000.0,4.0,ВАО,40.6,,3,9,1966,False,False,2.64,2,https://www.cian.ru/sale/flat/300273588/,False,293103.4482758621
9900000.0,10.0,ВАО,43.8,,7,9,1970,False,False,2.64,2,https://www.cian.ru/sale/flat/293658515/,False,226027.39726027398
34000000.0,8.0,САО,69.0,30.0,10,35,2021,False,False,3.0,2,https://www.cian.ru/sale/flat/300783591/,False,492753.6231884058
12500000.0,15.0,ЮАО,45.5,,7,9,1969,False,False,2.64,2,https://www.cian.ru/sale/flat/280344676/,False,274725.2747252747
16500000.0,3.0,СВАО,58.0,34.0,2,17,1989,False,False,2.64,2,https://www.cian.ru/sale/flat/299937672/,False,284482.7586206897
55000000.0,5.0,ЦАО,61.0,38.0,3,13,,False,True,3.0,2,https://www.cian.ru/sale/flat/293598385/,False,901639.344262295
14000000.0,13.0,САО,37.1,22.6,3,9,1964,False,False,2.64,2,https://www.cian.ru/sale/flat/300754029/,False,377358.4905660377
14850000.0,11.0,ЮВАО,51.5,,16,17,2001,False,False,2.7,2,https://www.cian.ru/sale/flat/300512221/,False,288349.5145631068
11400000.0,5.0,СВАО,46.1,,1,12,1974,False,False,,2,https://www.cian.ru/sale/flat/295895327/,False,247288.50325379608
22000000.0,9.0,САО,46.0,,5,29,2022,False,False,3.0,2,https://www.cian.ru/sale/flat/299248131/,False,478260.8695652174
17499000.0,20.0,СЗАО,36.0,22.0,12,36,2020,False,False,3.08,2,https://www.cian.ru/sale/flat/296310724/,False,486083.3333333333
21900000.0,20.0,СЗАО,67.2,,1,5,,False,False,3.0,2,https://www.cian.ru/sale/flat/298554181/,False,325892.8571428571
17100000.0,16.0,САО,46.7,,6,12,1969,False,False,2.64,2,https://www.cian.ru/sale/flat/300841155/,False,366167.02355460386
9990000.0,9.0,ЦАО,40.0,35.0,1,5,1907,False,True,,2,https://www.cian.ru/sale/flat/300580991/,False,249750.0
41000000.0,12.0,САО,64.0,,5,6,2015,False,True,3.4,2,https://www.cian.ru/sale/flat/300868989/,False,640625.0
22900000.0,5.0,СЗАО,46.2,24.9,18,24,2023,False,False,,2,https://www.cian.ru/sale/flat/292945698/,False,495670.9956709956
12300000.0,10.0,САО,41.0,25.0,1,5,,False,False,,2,https://www.cian.ru/sale/flat/294502101/,False,300000.0
18900000.0,2.0,СВАО,49.1,,17,18,,False,True,,2,https://www.cian.ru/sale/flat/300528739/,False,384928.716904277
29000000.0,13.0,ЦАО,51.8,33.8,2,14,,False,False,,2,https://www.cian.ru/sale/flat/291596233/,False,559845.5598455599
33000000.0,12.0,СЗАО,73.7,,13,23,,False,True,,2,https://www.cian.ru/sale/flat/299302048/,False,447761.1940298507
18500000.0,15.0,ЮАО,40.6,,11,16,2023,False,False,,2,https://www.cian.ru/sale/flat/300032408/,False,455665.02463054186
11800000.0,10.0,СЗАО,38.0,22.6,3,5,1960,False,False,2.48,2,https://www.cian.ru/sale/flat/298654353/,False,310526.3157894737
39900000.0,10.0,ЗАО,84.0,,5,28,2022,False,False,3.12,2,https://www.cian.ru/sale/flat/299465756/,False,475000.0
99000000.0,11.0,ЦАО,90.4,,5,12,,False,False,,2,https://www.cian.ru/sale/flat/300509137/,False,1095132.7433628319
27700000.0,7.0,ЦАО,48.1,,10,10,,False,False,,2,https://www.cian.ru/sale/flat/300440370/,False,575883.5758835758
14000000.0,9.0,ЮВАО,58.6,31.6,19,25,2016,False,False,2.7,2,https://www.cian.ru/sale/flat/300654085/,False,238907.84982935153
21900000.0,16.0,ЗАО,70.0,35.0,2,21,2016,False,True,3.0,2,https://www.cian.ru/sale/flat/298945993/,False,312857.14285714284
14650000.0,14.0,СВАО,58.0,,5,17,2016,False,False,2.64,2,https://www.cian.ru/sale/flat/298324638/,False,252586.2068965517
22900000.0,10.0,Неизвестно,43.1,,25,26,2022,False,False,3.0,2,https://www.cian.ru/sale/flat/300439091/,False,531322.5058004641
12000000.0,2.0,ЮВАО,52.0,30.5,6,18,2013,False,False,2.75,2,https://www.cian.ru/sale/flat/288377596/,False,230769.23076923078
29000000.0,5.0,ЮАО,65.5,,12,27,,False,False,,2,https://www.cian.ru/sale/flat/296476464/,False,442748.09160305344
22700000.0,12.0,САО,59.4,,3,7,1952,False,False,,2,https://www.cian.ru/sale/flat/300024861/,False,382154.8821548822
53500000.0,6.0,ЦАО,62.0,43.0,10,79,,False,True,,2,https://www.cian.ru/sale/flat/297875183/,False,862903.2258064516
40000000.0,5.0,ЗАО,69.0,35.6,7,14,2021,False,False,,2,https://www.cian.ru/sale/flat/291104201/,False,579710.1449275363
71000000.0,13.0,САО,82.0,55.0,16,40,,False,False,,2,https://www.cian.ru/sale/flat/300118798/,False,865853.6585365854
30000000.0,10.0,ЮВАО,50.0,,4,13,2019,False,False,3.1,2,https://www.cian.ru/sale/flat/300811659/,False,600000.0
53000000.0,8.0,ЦАО,41.0,27.0,4,21,,False,False,3.2,2,https://www.cian.ru/sale/flat/293905913/,False,1292682.9268292682
46500000.0,7.0,ЦАО,44.27,,3,5,2021,False,True,3.0,2,https://www.cian.ru/sale/flat/289462347/,False,1050372.7128981252
28000000.0,8.0,ЦАО,45.0,35.0,6,12,1970,False,False,2.5,2,https://www.cian.ru/sale/flat/300300975/,False,622222.2222222222
12850000.0,8.0,ЮВАО,61.0,34.0,2,25,2013,False,False,,2,https://www.cian.ru/sale/flat/248190016/,False,210655.73770491802
35000000.0,5.0,ЗАО,72.5,29.6,18,25,2021,False,False,3.1,2,https://www.cian.ru/sale/flat/279618463/,False,482758.6206896552
11713000.0,12.0,САО,53.0,37.0,2,10,2024,False,True,3.3,2,https://www.cian.ru/sale/flat/300867426/,False,221000.0
20450000.0,5.0,ВАО,76.1,55.1,4,14,2003,False,False,2.7,2,https://www.cian.ru/sale/flat/299034172/,False,268725.3613666229
15000000.0,13.0,ЗАО,53.6,,7,16,1979,False,False,2.64,2,https://www.cian.ru/sale/flat/299561244/,False,279850.7462686567
14400000.0,5.0,ЮАО,52.0,32.0,2,17,1997,False,False,2.64,2,https://www.cian.ru/sale/flat/291641709/,False,276923.07692307694
14000000.0,13.0,ЮВАО,54.0,32.5,1,14,1997,False,False,2.64,2,https://www.cian.ru/sale/flat/295295281/,False,259259.25925925927
15000000.0,11.0,САО,35.0,,4,9,2021,False,False,2.95,2,https://www.cian.ru/sale/flat/300001735/,False,428571.4285714286
12800000.0,15.0,ВАО,42.7,27.8,1,5,1958,False,False,2.7,2,https://www.cian.ru/sale/flat/299693763/,False,299765.80796252924
40900000.0,4.0,САО,65.9,43.8,4,10,2022,False,True,3.3,2,https://www.cian.ru/sale/flat/299694108/,False,620637.3292867981
64108534.0,9.0,ЦАО,69.8,,4,8,1941,False,False,3.2,2,https://www.cian.ru/sale/flat/286620187/,False,918460.3724928367
23900000.0,10.0,САО,46.8,,6,15,,False,True,,2,https://www.cian.ru/sale/flat/292809109/,False,510683.7606837607
57000000.0,3.0,ЦАО,46.3,,2,3,1917,False,True,3.2,2,https://www.cian.ru/sale/flat/297947020/,False,1231101.5118790497
35500000.0,5.0,ЦАО,45.5,,2,7,,False,True,3.4,2,https://www.cian.ru/sale/flat/282592114/,False,780219.7802197802
85900000.0,9.0,ЦАО,61.8,,3,4,1860,False,False,4.0,2,https://www.cian.ru/sale/flat/297753284/,False,1389967.637540453
15490000.0,6.0,ЮВАО,40.9,10.5,14,25,2018,False,False,2.8,2,https://www.cian.ru/sale/flat/299322359/,False,378728.60635696823
68000000.0,4.0,ЦАО,107.6,,50,75,2013,False,True,,2,https://www.cian.ru/sale/flat/297675248/,False,631970.2602230484
16990000.0,14.0,СЗАО,51.4,,7,25,2016,False,False,3.1,2,https://www.cian.ru/sale/flat/299467046/,False,330544.74708171206
29200000.0,7.0,ЗАО,72.2,,25,25,2023,False,False,,2,https://www.cian.ru/sale/flat/300109520/,False,404432.13296398893
12000000.0,5.0,САО,37.0,24.0,8,12,1967,False,False,2.64,2,https://www.cian.ru/sale/flat/299652999/,False,324324.3243243243
82000000.0,10.0,ЦАО,73.8,,4,6,2024,False,True,,2,https://www.cian.ru/sale/flat/300759739/,False,1111111.1111111112
10950000.0,4.0,ЮАО,38.2,22.3,5,12,1967,False,False,2.5,2,https://www.cian.ru/sale/flat/300464296/,False,286649.21465968585
29900000.0,12.0,ЮЗАО,54.0,,8,8,1958,False,False,3.0,2,https://www.cian.ru/sale/flat/299370562/,False,553703.7037037037
11000000.0,12.0,ЮАО,45.0,30.0,1,9,1968,False,False,2.64,2,https://www.cian.ru/sale/flat/300136505/,False,244444.44444444444
13800000.0,5.0,ЮАО,46.8,30.5,4,12,,False,False,,2,https://www.cian.ru/sale/flat/300236165/,False,294871.7948717949
35000000.0,6.0,ЦАО,70.8,,2,14,1998,False,False,2.8,2,https://www.cian.ru/sale/flat/300553173/,False,494350.2824858757
51000000.0,3.0,ЦАО,105.3,58.7,4,5,,False,False,,2,https://www.cian.ru/sale/flat/298908021/,False,484330.48433048435
36000000.0,4.0,ЦАО,63.0,30.0,38,52,2019,False,False,3.0,2,https://www.cian.ru/sale/flat/300143306/,False,571428.5714285715
16500000.0,11.0,ЗАО,60.5,,11,15,2022,False,False,2.6,2,https://www.cian.ru/sale/flat/298570903/,False,272727.2727272727
28335216.0,17.0,САО,53.5,36.2,23,27,2022,False,False,3.0,2,https://www.cian.ru/sale/flat/294739592/,False,529630.2056074766
11700000.0,11.0,ЮВАО,45.0,28.0,1,5,1964,False,False,2.7,2,https://www.cian.ru/sale/flat/300145214/,False,260000.0
16400000.0,14.0,ЗАО,45.0,29.3,19,29,2022,False,False,,2,https://www.cian.ru/sale/flat/298799627/,False,364444.44444444444
12400000.0,5.0,ВАО,44.8,30.4,1,5,1963,False,False,2.5,2,https://www.cian.ru/sale/flat/300486607/,False,276785.7142857143
149000000.0,6.0,ЦАО,111.0,,62,77,,False,True,,2,https://www.cian.ru/sale/flat/288080150/,False,1342342.3423423423
22700000.0,6.0,ЮАО,63.4,35.3,5,9,1958,False,False,3.15,2,https://www.cian.ru/sale/flat/287930198/,False,358044.1640378549
9190000.0,4.0,ВАО,37.4,22.5,6,9,1965,False,False,2.5,2,https://www.cian.ru/sale/flat/299175943/,False,245721.92513368986
11450000.0,18.0,СВАО,47.0,28.7,9,18,,False,True,,2,https://www.cian.ru/sale/flat/300269965/,False,243617.02127659574
27000000.0,5.0,СЗАО,49.8,30.5,9,30,,False,False,,2,https://www.cian.ru/sale/flat/300843513/,False,542168.6746987952
39000000.0,11.0,СЗАО,84.0,,11,38,2015,False,False,3.13,2,https://www.cian.ru/sale/flat/299461628/,False,464285.71428571426
11600000.0,5.0,ЮВАО,45.0,28.8,8,9,,False,False,,2,https://www.cian.ru/sale/flat/300640759/,False,257777.77777777778
34000000.0,26.0,ЗАО,51.0,26.0,12,25,,False,False,,2,https://www.cian.ru/sale/flat/299954766/,False,666666.6666666666
5250000.0,12.0,ЮАО,31.7,,2,6,1986,False,True,4.5,2,https://www.cian.ru/sale/flat/297949797/,False,165615.14195583598
10999000.0,10.0,ЮАО,48.6,31.2,8,14,1972,False,False,2.64,2,https://www.cian.ru/sale/flat/300211144/,False,226316.87242798353
56000000.0,2.0,ЦАО,72.0,,54,95,2017,False,True,,2,https://www.cian.ru/sale/flat/299326657/,False,777777.7777777778
17115000.0,4.0,САО,44.7,,2,15,2016,False,True,3.0,2,https://www.cian.ru/sale/flat/297914652/,False,382885.9060402684
39000000.0,1.0,САО,74.0,52.0,2,15,,False,True,3.0,2,https://www.cian.ru/sale/flat/296485274/,False,527027.027027027
12800000.0,14.0,ВАО,45.1,30.6,5,5,1964,False,False,2.6,2,https://www.cian.ru/sale/flat/299940717/,False,283813.74722838134
21500000.0,12.0,ЦАО,45.5,,5,8,1959,False,False,,2,https://www.cian.ru/sale/flat/298707597/,False,472527.47252747254
11550000.0,17.0,ЮЗАО,47.0,30.3,2,9,1972,False,False,2.64,2,https://www.cian.ru/sale/flat/300424622/,False,245744.68085106384
18700000.0,12.0,ЮАО,46.0,,13,24,2022,False,False,2.8,2,https://www.cian.ru/sale/flat/300445688/,False,406521.73913043475
12500000.0,3.0,ЮВАО,57.9,37.7,18,22,2007,False,False,2.64,2,https://www.cian.ru/sale/flat/298714960/,False,215889.4645941278
9950000.0,4.0,САО,44.0,27.0,8,9,1968,False,False,,2,https://www.cian.ru/sale/flat/299402447/,False,226136.36363636365
24900000.0,1.0,САО,64.0,35.0,24,37,2010,False,False,3.0,2,https://www.cian.ru/sale/flat/300058666/,False,389062.5
15500000.0,14.0,ЮАО,60.5,,2,17,2000,False,False,2.7,2,https://www.cian.ru/sale/flat/300888953/,False,256198.34710743802
10900000.0,8.0,САО,34.9,20.8,9,9,1964,False,False,2.64,2,https://www.cian.ru/sale/flat/300619659/,False,312320.9169054441
21000000.0,13.0,ЮАО,60.9,,1,5,1910,False,False,,2,https://www.cian.ru/sale/flat/299715030/,False,344827.5862068966
136770090.0,7.0,ЦАО,91.0,,5,8,2004,False,False,3.4,2,https://www.cian.ru/sale/flat/295350545/,False,1502968.021978022
12000000.0,4.0,САО,47.0,28.0,2,12,,False,False,,2,https://www.cian.ru/sale/flat/300197570/,False,255319.1489361702
43000000.0,14.0,ЗАО,86.7,,5,28,2019,False,True,3.0,2,https://www.cian.ru/sale/flat/297044865/,False,495963.09111880045
30000000.0,5.0,ЦАО,55.7,,5,9,1966,False,False,2.7,2,https://www.cian.ru/sale/flat/300787917/,False,538599.6409335727
12000000.0,19.0,ЮЗАО,38.0,23.0,6,9,1964,False,False,2.64,2,https://www.cian.ru/sale/flat/300576385/,False,315789.4736842105
35500000.0,4.0,ЗАО,67.0,35.0,23,27,2008,False,False,3.0,2,https://www.cian.ru/sale/flat/294517249/,False,529850.7462686567
19500000.0,7.0,СЗАО,60.9,,15,28,,False,False,3.0,2,https://www.cian.ru/sale/flat/300499251/,False,320197.04433497536
13800000.0,14.0,ЮЗАО,38.1,,2,12,1965,False,False,2.64,2,https://www.cian.ru/sale/flat/295978318/,False,362204.7244094488
14599000.0,11.0,СВАО,50.3,,14,16,1976,False,False,2.5,2,https://www.cian.ru/sale/flat/299108145/,False,290238.5685884692
113400000.0,8.0,ЦАО,126.0,80.0,6,13,2013,False,True,,2,https://www.cian.ru/sale/flat/299249180/,False,900000.0
27990000.0,12.0,СЗАО,58.0,,7,21,,False,True,,2,https://www.cian.ru/sale/flat/300457892/,False,482586.2068965517
14600000.0,9.0,ЮАО,50.5,30.4,5,17,1985,False,False,2.64,2,https://www.cian.ru/sale/flat/300867236/,False,289108.9108910891
120000000.0,4.0,ЗАО,63.8,,3,12,2020,False,False,,2,https://www.cian.ru/sale/flat/300472283/,False,1880877.7429467086
23000000.0,11.0,ЮЗАО,60.7,33.7,9,17,1999,False,False,2.64,2,https://www.cian.ru/sale/flat/300298593/,False,378912.6853377265
12100000.0,3.0,ЮВАО,52.0,31.0,17,18,2013,False,False,2.7,2,https://www.cian.ru/sale/flat/298136780/,False,232692.3076923077
167000000.0,6.0,ЦАО,95.0,56.8,7,14,,False,False,,2,https://www.cian.ru/sale/flat/300509289/,False,1757894.7368421052
25700000.0,5.0,ЮВАО,56.0,33.0,14,19,2012,False,False,3.1,2,https://www.cian.ru/sale/flat/300119880/,False,458928.5714285714
75000000.0,6.0,ЦАО,82.0,53.0,54,67,,False,True,,2,https://www.cian.ru/sale/flat/283627992/,False,914634.1463414634
15200000.0,19.0,СВАО,48.0,,1,12,1973,False,False,2.64,2,https://www.cian.ru/sale/flat/300253528/,False,316666.6666666667
28250000.0,4.0,ЗАО,63.9,38.8,20,28,2021,False,False,3.0,2,https://www.cian.ru/sale/flat/299941236/,False,442097.0266040689
25000000.0,10.0,СЗАО,45.3,,12,26,2022,False,False,3.0,2,https://www.cian.ru/sale/flat/300479650/,False,551876.3796909492
35000000.0,10.0,ЮЗАО,77.9,43.2,14,14,2009,False,False,3.0,2,https://www.cian.ru/sale/flat/299205698/,False,449293.9666238767
18500000.0,9.0,СВАО,53.2,,8,25,2022,False,False,,2,https://www.cian.ru/sale/flat/299461037/,False,347744.36090225563
26500000.0,8.0,ЦАО,54.0,31.0,6,9,2006,False,False,2.7,2,https://www.cian.ru/sale/flat/300598940/,False,490740.74074074073
14900000.0,4.0,ЮВАО,55.0,30.4,5,12,2002,False,False,2.64,2,https://www.cian.ru/sale/flat/298228405/,False,270909.0909090909
15199980.0,13.0,ЗАО,49.7,,3,9,1970,False,False,2.64,2,https://www.cian.ru/sale/flat/300691649/,False,305834.60764587525
16499000.0,10.0,СЗАО,43.0,,1,5,1962,False,False,,2,https://www.cian.ru/sale/flat/300230411/,False,383697.67441860464
13000000.0,20.0,ЗАО,40.0,23.7,10,12,,False,False,,2,https://www.cian.ru/sale/flat/293819595/,False,325000.0
13900000.0,13.0,ВАО,50.3,29.5,4,14,1990,False,False,2.64,2,https://www.cian.ru/sale/flat/300563845/,False,276341.9483101392
145000000.0,3.0,ЦАО,135.4,,3,9,2007,False,False,3.2,2,https://www.cian.ru/sale/flat/295368581/,False,1070901.0339734121
11990000.0,18.0,СВАО,52.3,,5,18,2023,False,True,3.0,2,https://www.cian.ru/sale/flat/298007996/,False,229254.3021032505
34500000.0,8.0,САО,51.3,,6,12,,False,True,3.15,2,https://www.cian.ru/sale/flat/300423966/,False,672514.619883041
22000000.0,10.0,САО,46.0,,20,22,,False,True,2.7,2,https://www.cian.ru/sale/flat/298802622/,False,478260.8695652174
130000000.0,10.0,ЦАО,94.0,,6,7,,False,False,,2,https://www.cian.ru/sale/flat/300509397/,False,1382978.7234042552
14800000.0,13.0,ЗАО,44.0,28.0,1,9,1970,False,False,2.64,2,https://www.cian.ru/sale/flat/297130856/,False,336363.63636363635
17500000.0,9.0,ЮВАО,42.4,,4,5,1961,False,False,,2,https://www.cian.ru/sale/flat/299901814/,False,412735.8490566038
48500000.0,6.0,ЦАО,53.5,,51,78,2020,False,True,3.9,2,https://www.cian.ru/sale/flat/300606832/,False,906542.0560747663
13990000.0,10.0,ЮВАО,47.0,,6,9,1972,False,False,2.5,2,https://www.cian.ru/sale/flat/300503142/,False,297659.57446808513
12000000.0,5.0,СВАО,52.4,30.4,6,12,1981,False,False,2.7,2,https://www.cian.ru/sale/flat/297265680/,False,229007.63358778626
51100000.0,3.0,ЦАО,73.0,,37,78,2019,False,True,3.9,2,https://www.cian.ru/sale/flat/296702605/,False,700000.0
21800000.0,15.0,ЦАО,96.9,64.9,1,4,1917,False,False,4.0,2,https://www.cian.ru/sale/flat/295320468/,False,224974.20020639832
37900000.0,9.0,ЦАО,42.9,25.2,2,4,1894,False,False,,2,https://www.cian.ru/sale/flat/299932467/,False,883449.8834498834
99000000.0,10.0,ЦАО,75.1,,4,6,2023,False,True,3.0,2,https://www.cian.ru/sale/flat/300101163/,False,1318242.3435419442
23000000.0,14.0,ЗАО,61.2,,3,21,2016,False,True,3.0,2,https://www.cian.ru/sale/flat/300162555/,False,375816.99346405227
58400000.0,9.0,САО,54.4,,4,9,2019,False,False,3.2,2,https://www.cian.ru/sale/flat/300018901/,False,1073529.411764706
23900000.0,11.0,СВАО,65.0,40.0,4,38,2015,False,False,3.0,2,https://www.cian.ru/sale/flat/293704749/,False,367692.3076923077
18500000.0,6.0,СВАО,57.3,,18,22,,False,False,,2,https://www.cian.ru/sale/flat/299856835/,False,322862.1291448517
39000000.0,,САО,74.0,52.0,2,15,,False,True,,2,https://www.cian.ru/sale/flat/300539841/,False,527027.027027027
84481000.0,4.0,ЦАО,88.4,,4,7,2016,False,True,3.5,2,https://www.cian.ru/sale/flat/295040022/,False,955667.4208144796
12990000.0,3.0,САО,42.3,28.8,3,9,1964,False,False,2.6,2,https://www.cian.ru/sale/flat/298954295/,False,307092.1985815603
19750000.0,5.0,СЗАО,53.4,,9,16,,False,False,,2,https://www.cian.ru/sale/flat/300449678/,False,369850.1872659176
27999000.0,7.0,Неизвестно,43.0,,5,6,2016,False,True,3.1,2,https://www.cian.ru/sale/flat/300863009/,False,651139.5348837209
27000000.0,5.0,СЗАО,49.8,30.5,9,30,2023,False,False,3.2,2,https://www.cian.ru/sale/flat/297951633/,False,542168.6746987952
113300000.0,11.0,ЦАО,100.0,56.5,8,14,,False,False,,2,https://www.cian.ru/sale/flat/300509038/,False,1133000.0
11800000.0,7.0,ЮВАО,37.7,,1,12,1973,False,False,2.68,2,https://www.cian.ru/sale/flat/299926036/,False,312997.34748010605
14000000.0,14.0,ЮВАО,68.0,39.0,2,23,,False,False,,2,https://www.cian.ru/sale/flat/289389141/,False,205882.35294117648
18100000.0,12.0,СВАО,62.5,,2,17,2016,False,False,,2,https://www.cian.ru/sale/flat/299733844/,False,289600.0
11700000.0,11.0,ЮВАО,45.0,28.0,1,5,1964,False,False,2.7,2,https://www.cian.ru/sale/flat/300098873/,False,260000.0
32500000.0,12.0,ЗАО,57.0,31.0,6,23,2009,False,False,2.8,2,https://www.cian.ru/sale/flat/299091687/,False,570175.4385964912
13000000.0,6.0,СВАО,45.4,30.1,10,12,,False,False,2.7,2,https://www.cian.ru/sale/flat/300071306/,False,286343.61233480176
57000000.0,7.0,ЦАО,131.6,,9,9,,False,True,,2,https://www.cian.ru/sale/flat/292013288/,False,433130.6990881459
54000000.0,9.0,ЦАО,54.2,,12,26,,False,True,4.0,2,https://www.cian.ru/sale/flat/295468288/,False,996309.9630996309
12000000.0,14.0,ВАО,42.0,30.0,1,8,,False,False,,2,https://www.cian.ru/sale/flat/295803072/,False,285714.28571428574
21500000.0,5.0,СЗАО,46.3,,22,25,2023,False,False,,2,https://www.cian.ru/sale/flat/298324396/,False,464362.8509719223
15500000.0,14.0,ЗАО,51.3,31.1,4,16,,False,False,2.5,2,https://www.cian.ru/sale/flat/300209343/,False,302144.24951267056
44500000.0,10.0,ЦАО,69.0,,43,44,2018,False,False,,2,https://www.cian.ru/sale/flat/267439381/,False,644927.536231884
13990000.0,15.0,ЮЗАО,62.1,33.3,8,13,2004,False,False,2.75,2,https://www.cian.ru/sale/flat/299812752/,False,225281.8035426731
11890000.0,11.0,ЗАО,37.5,26.5,5,9,,False,False,2.55,2,https://www.cian.ru/sale/flat/298481554/,False,317066.6666666667
9750000.0,19.0,ЗАО,37.0,23.0,2,9,,False,False,,2,https://www.cian.ru/sale/flat/296118979/,False,263513.5135135135
14850000.0,11.0,ВАО,55.0,32.0,5,17,,False,False,2.6,2,https://www.cian.ru/sale/flat/300634689/,False,270000.0
34900000.0,9.0,СВАО,90.0,,2,6,2017,False,True,,2,https://www.cian.ru/sale/flat/297952301/,False,387777.77777777775
47450000.0,13.0,САО,60.0,,2,37,2021,False,False,,2,https://www.cian.ru/sale/flat/299414804/,False,790833.3333333334
25900000.0,11.0,ЮЗАО,57.0,,8,8,1958,False,False,2.8,2,https://www.cian.ru/sale/flat/299117204/,False,454385.9649122807
11000000.0,3.0,ВАО,45.0,29.0,2,9,,False,False,2.64,2,https://www.cian.ru/sale/flat/295787404/,False,244444.44444444444
34200000.0,8.0,СВАО,67.5,,14,23,2020,False,False,2.8,2,https://www.cian.ru/sale/flat/300510683/,False,506666.6666666667
94324200.0,8.0,ЦАО,65.0,44.0,3,9,,False,False,,2,https://www.cian.ru/sale/flat/300734218/,False,1451141.5384615385
17200000.0,16.0,ЗАО,55.3,23.8,9,16,2004,False,False,2.7,2,https://www.cian.ru/sale/flat/300732744/,False,311030.74141048826
25590000.0,6.0,ЗАО,65.0,31.0,2,17,2001,False,False,3.1,2,https://www.cian.ru/sale/flat/299370205/,False,393692.3076923077
35000000.0,7.0,ЮАО,52.0,,2,2,2023,False,True,6.5,2,https://www.cian.ru/sale/flat/300425124/,False,673076.9230769231
20970000.0,8.0,ЗАО,48.4,,18,31,,False,False,,2,https://www.cian.ru/sale/flat/298378802/,False,433264.46280991734
40950000.0,12.0,ЦАО,73.4,,9,11,1954,False,False,3.2,2,https://www.cian.ru/sale/flat/295999831/,False,557901.9073569482
14200000.0,8.0,ЮЗАО,60.2,,10,16,2003,False,False,2.9,2,https://www.cian.ru/sale/flat/299185600/,False,235880.39867109634
20500000.0,3.0,ВАО,78.4,42.1,4,6,1955,False,False,3.0,2,https://www.cian.ru/sale/flat/299432509/,False,261479.59183673467
39500000.0,18.0,ЗАО,60.9,,17,28,2019,False,True,3.3,2,https://www.cian.ru/sale/flat/295656889/,False,648604.2692939244
21000000.0,5.0,ЮАО,58.2,,2,3,2022,False,True,,2,https://www.cian.ru/sale/flat/299978092/,False,360824.74226804124
23300000.0,17.0,СЗАО,55.25,26.4,2,5,2023,False,True,4.0,2,https://www.cian.ru/sale/flat/296563284/,False,421719.45701357466
28900000.0,2.0,ЗАО,71.0,,13,29,,False,True,,2,https://www.cian.ru/sale/flat/296471200/,False,407042.25352112675
31999000.0,4.0,ЗАО,84.0,33.0,7,31,2022,False,False,3.1,2,https://www.cian.ru/sale/flat/298161869/,False,380940.4761904762
34900000.0,3.0,ЦАО,56.0,,5,6,1958,False,False,2.85,2,https://www.cian.ru/sale/flat/300542619/,False,623214.2857142857
43600000.0,5.0,ЦАО,90.3,,3,3,1901,False,False,3.5,2,https://www.cian.ru/sale/flat/298324517/,False,482834.99446290144
11890000.0,12.0,ЮЗАО,38.3,,9,12,,False,False,2.5,2,https://www.cian.ru/sale/flat/300867797/,False,310443.864229765
12000000.0,4.0,ЮВАО,44.9,,4,5,1962,False,False,,2,https://www.cian.ru/sale/flat/300437344/,False,267260.579064588
26480000.0,11.0,ЮАО,71.1,,4,15,,False,False,3.1,2,https://www.cian.ru/sale/flat/299068746/,False,372433.19268635724
12200000.0,10.0,ЮВАО,32.1,,25,33,2023,False,False,2.9,2,https://www.cian.ru/sale/flat/299471941/,False,380062.30529595015
13100000.0,8.0,СВАО,39.8,,12,12,1971,False,False,2.64,2,https://www.cian.ru/sale/flat/300848175/,False,329145.7286432161
32000000.0,5.0,ЦАО,50.0,33.0,1,13,,False,False,,2,https://www.cian.ru/sale/flat/286767663/,False,640000.0
58500000.0,13.0,ЮЗАО,87.2,,13,18,,False,False,3.1,2,https://www.cian.ru/sale/flat/299342288/,False,670871.5596330275
21900000.0,17.0,СЗАО,55.4,,19,21,2023,False,False,3.1,2,https://www.cian.ru/sale/flat/298623531/,False,395306.8592057762
10600000.0,4.0,ВАО,40.0,23.0,6,9,1965,False,False,2.64,2,https://www.cian.ru/sale/flat/280933806/,False,265000.0
12700000.0,6.0,ЮВАО,55.5,32.7,5,19,2010,False,False,2.75,2,https://www.cian.ru/sale/flat/300270509/,False,228828.82882882882
18000000.0,9.0,ЮЗАО,55.1,35.2,2,8,,False,False,,2,https://www.cian.ru/sale/flat/292318097/,False,326678.7658802178
132000000.0,16.0,ЦАО,103.0,50.0,12,20,2021,False,False,3.2,2,https://www.cian.ru/sale/flat/298311584/,False,1281553.3980582524
11000000.0,14.0,ЗАО,41.0,,5,5,1960,False,False,2.64,2,https://www.cian.ru/sale/flat/298705735/,False,268292.68292682926
12950000.0,8.0,ЮАО,53.5,30.6,16,17,,False,False,,2,https://www.cian.ru/sale/flat/298058278/,False,242056.07476635513
166400000.0,3.0,ЦАО,64.0,,2,5,2021,False,True,3.4,2,https://www.cian.ru/sale/flat/289514736/,False,2600000.0
15300000.0,5.0,СВАО,61.5,33.3,16,16,2003,False,False,2.64,2,https://www.cian.ru/sale/flat/300176483/,False,248780.48780487804
38000000.0,5.0,ЗАО,70.2,,3,14,2021,False,False,,2,https://www.cian.ru/sale/flat/284538862/,False,541310.5413105413
13990000.0,3.0,ЮАО,44.9,,4,9,1970,False,False,2.5,2,https://www.cian.ru/sale/flat/299855355/,False,311581.2917594655
17499000.0,10.0,СЗАО,54.0,34.0,16,17,,False,False,,2,https://www.cian.ru/sale/flat/300825973/,False,324055.55555555556
17350000.0,12.0,ЮВАО,57.5,,30,30,2021,False,False,2.65,2,https://www.cian.ru/sale/flat/300744274/,False,301739.1304347826
16700000.0,10.0,СЗАО,47.2,,2,25,2008,False,False,2.8,2,https://www.cian.ru/sale/flat/294814205/,False,353813.5593220339
12000000.0,14.0,ЮЗАО,45.0,28.8,8,9,1967,False,False,2.5,2,https://www.cian.ru/sale/flat/299941696/,False,266666.6666666667
22500000.0,11.0,ЮВАО,70.0,33.9,13,17,2009,False,False,2.64,2,https://www.cian.ru/sale/flat/300438771/,False,321428.5714285714
30000000.0,6.0,ЮЗАО,78.0,,6,40,2012,False,False,,2,https://www.cian.ru/sale/flat/281049996/,False,384615.3846153846
15200000.0,12.0,СВАО,44.5,,5,9,1968,False,False,2.64,2,https://www.cian.ru/sale/flat/298559075/,False,341573.03370786516
12700000.0,5.0,ЮАО,51.8,30.8,12,12,1977,False,False,2.64,2,https://www.cian.ru/sale/flat/300284279/,False,245173.74517374518
13350000.0,4.0,САО,37.8,22.7,4,9,,False,False,,2,https://www.cian.ru/sale/flat/299322554/,False,353174.6031746032
13590000.0,2.0,ЮАО,52.0,35.0,1,16,1978,False,False,,2,https://www.cian.ru/sale/flat/299650130/,False,261346.15384615384
37000000.0,5.0,САО,76.7,,9,48,2019,False,True,3.1,2,https://www.cian.ru/sale/flat/300194456/,False,482398.95697522815
14800000.0,7.0,СВАО,46.0,30.0,5,12,1981,False,False,2.6,2,https://www.cian.ru/sale/flat/300684694/,False,321739.1304347826
58000000.0,7.0,ЦАО,76.0,,1,9,1985,False,False,3.0,2,https://www.cian.ru/sale/flat/292142942/,False,763157.8947368421
104900000.0,8.0,ЦАО,77.2,,7,12,2014,False,False,,2,https://www.cian.ru/sale/flat/299328634/,False,1358808.2901554403
14450000.0,10.0,САО,48.3,29.2,1,9,1975,False,False,2.64,2,https://www.cian.ru/sale/flat/298252053/,False,299171.84265010356
22500000.0,7.0,СВАО,45.15,,4,19,2020,False,True,3.25,2,https://www.cian.ru/sale/flat/299944236/,False,498338.8704318937
13300000.0,5.0,САО,43.9,,4,9,1967,False,False,2.65,2,https://www.cian.ru/sale/flat/299714188/,False,302961.2756264237
15900000.0,10.0,ЮЗАО,45.0,,2,9,1972,False,False,2.64,2,https://www.cian.ru/sale/flat/299812487/,False,353333.3333333333
66000000.0,10.0,САО,110.0,,4,57,2006,False,False,3.15,2,https://www.cian.ru/sale/flat/297845963/,False,600000.0
11900000.0,9.0,ЮВАО,45.6,28.5,4,12,1967,False,False,2.5,2,https://www.cian.ru/sale/flat/300283823/,False,260964.91228070174
18500000.0,14.0,ЮВАО,52.6,,6,14,1976,False,False,2.7,2,https://www.cian.ru/sale/flat/300112210/,False,351711.02661596955
25000000.0,18.0,ЮВАО,64.2,,5,10,2021,False,False,2.8,2,https://www.cian.ru/sale/flat/298968849/,False,389408.0996884735
29500000.0,11.0,СВАО,62.0,39.0,7,21,2020,False,False,,2,https://www.cian.ru/sale/flat/281250233/,False,475806.4516129032
24500000.0,10.0,СЗАО,45.3,,12,26,,False,False,,2,https://www.cian.ru/sale/flat/300154609/,False,540838.8520971303
68000000.0,7.0,САО,122.3,,6,6,2016,False,True,6.0,2,https://www.cian.ru/sale/flat/295277285/,False,556009.8119378578
82000000.0,4.0,ЗАО,65.6,,3,9,2020,False,False,3.2,2,https://www.cian.ru/sale/flat/293947936/,False,1250000.0
14000000.0,4.0,САО,43.0,32.0,6,8,1958,False,False,,2,https://www.cian.ru/sale/flat/298753215/,False,325581.3953488372
41500000.0,16.0,СЗАО,64.2,,9,41,,False,False,,2,https://www.cian.ru/sale/flat/299509244/,False,646417.445482866
13500000.0,15.0,САО,45.1,,12,14,1970,False,False,2.64,2,https://www.cian.ru/sale/flat/299686686/,False,299334.8115299335
25500000.0,4.0,СЗАО,67.8,,7,49,,False,False,,2,https://www.cian.ru/sale/flat/294999843/,False,376106.1946902655
14500000.0,6.0,ЮВАО,44.0,28.0,17,17,2006,False,False,2.75,2,https://www.cian.ru/sale/flat/300841537/,False,329545.45454545453
35000000.0,15.0,ЗАО,45.0,,5,14,,False,False,3.6,2,https://www.cian.ru/sale/flat/284806741/,False,777777.7777777778
60000000.0,5.0,ЦАО,60.0,,12,13,2016,False,True,3.0,2,https://www.cian.ru/sale/flat/295436831/,False,1000000.0
22100000.0,5.0,СЗАО,45.2,,8,24,2023,False,False,,2,https://www.cian.ru/sale/flat/300834184/,False,488938.0530973451
32900000.0,5.0,ЗАО,49.2,,12,14,,False,False,,2,https://www.cian.ru/sale/flat/299460217/,False,668699.1869918699
37500000.0,8.0,ВАО,80.0,32.8,11,13,2017,False,False,3.0,2,https://www.cian.ru/sale/flat/300019726/,False,468750.0
37500000.0,12.0,ЮЗАО,93.4,52.6,5,22,2008,False,False,3.0,2,https://www.cian.ru/sale/flat/300658528/,False,401498.9293361884
74900000.0,13.0,ЦАО,60.0,,5,8,2023,False,False,,2,https://www.cian.ru/sale/flat/294770347/,False,1248333.3333333333
18270000.0,13.0,ЮВАО,40.6,29.3,10,10,2017,False,True,3.2,2,https://www.cian.ru/sale/flat/299928040/,False,450000.0
14700000.0,9.0,ЮАО,45.0,20.0,9,9,1969,False,False,2.6,2,https://www.cian.ru/sale/flat/300610779/,False,326666.6666666667
25000000.0,9.0,САО,46.7,,2,29,2022,False,False,2.9,2,https://www.cian.ru/sale/flat/297990129/,False,535331.9057815846
33000000.0,10.0,ЦАО,75.6,,1,4,1900,False,False,3.2,2,https://www.cian.ru/sale/flat/300114983/,False,436507.93650793657
14350000.0,9.0,СЗАО,35.0,,9,9,1972,False,False,2.64,2,https://www.cian.ru/sale/flat/300840365/,False,410000.0
13990000.0,9.0,ЮАО,54.8,,15,24,2012,False,False,2.9,2,https://www.cian.ru/sale/flat/300829889/,False,255291.97080291974
12700000.0,9.0,ЮЗАО,53.3,,4,12,2001,False,False,,2,https://www.cian.ru/sale/flat/299021229/,False,238273.92120075048
15950000.0,9.0,СЗАО,61.8,40.1,1,9,1995,False,False,2.65,2,https://www.cian.ru/sale/flat/300397344/,False,258090.6148867314
35500000.0,7.0,ЗАО,55.0,35.0,9,9,2006,False,False,3.0,2,https://www.cian.ru/sale/flat/299865063/,False,645454.5454545454
84400000.0,9.0,ЦАО,76.0,,2,5,2020,False,True,3.5,2,https://www.cian.ru/sale/flat/297708682/,False,1110526.3157894737
39300000.0,11.0,СЗАО,58.0,29.0,24,24,2020,False,False,,2,https://www.cian.ru/sale/flat/300862129/,False,677586.2068965518
16650000.0,16.0,ЗАО,44.4,26.5,9,12,1968,False,False,2.64,2,https://www.cian.ru/sale/flat/299844898/,False,375000.0
35900000.0,11.0,ЗАО,46.2,,9,15,2022,False,False,2.95,2,https://www.cian.ru/sale/flat/300660152/,False,777056.277056277
10150000.0,7.0,ЮВАО,36.9,22.8,2,12,1967,False,False,,2,https://www.cian.ru/sale/flat/299124774/,False,275067.7506775068
15999990.0,13.0,САО,58.2,33.7,13,16,,False,False,2.7,2,https://www.cian.ru/sale/flat/299027484/,False,274913.91752577317
21900000.0,11.0,СВАО,60.6,37.7,14,17,2015,False,False,2.7,2,https://www.cian.ru/sale/flat/300292905/,False,361386.1386138614
86000000.0,4.0,ЦАО,114.2,,46,80,2014,False,True,,2,https://www.cian.ru/sale/flat/290012400/,False,753064.7985989492
9550000.0,17.0,ВАО,40.0,22.0,10,12,1965,False,False,2.65,2,https://www.cian.ru/sale/flat/299918584/,False,238750.0
59900000.0,9.0,ЗАО,86.0,40.0,14,21,,False,False,2.8,2,https://www.cian.ru/sale/flat/299500448/,False,696511.6279069767
19000000.0,11.0,ЮАО,53.0,38.0,13,17,2020,False,True,2.6,2,https://www.cian.ru/sale/flat/296314137/,False,358490.56603773584
16500000.0,8.0,ЮВАО,55.6,,14,14,2005,False,False,2.8,2,https://www.cian.ru/sale/flat/299938064/,False,296762.58992805757
20999000.0,9.0,ЮЗАО,64.0,,3,5,1954,False,False,3.5,2,https://www.cian.ru/sale/flat/296368550/,False,328109.375
14900000.0,11.0,ЮВАО,58.4,,22,25,,False,False,,2,https://www.cian.ru/sale/flat/292772970/,False,255136.98630136988
13900000.0,6.0,ЮЗАО,44.5,29.2,2,9,1972,False,False,2.64,2,https://www.cian.ru/sale/flat/298911954/,False,312359.55056179775
28000000.0,10.0,ЗАО,68.8,,32,33,2023,False,False,2.7,2,https://www.cian.ru/sale/flat/299027332/,False,406976.74418604653
110000000.0,8.0,ЦАО,78.0,46.0,7,12,,False,False,3.5,2,https://www.cian.ru/sale/flat/300422122/,False,1410256.4102564103
14350000.0,14.0,СВАО,63.7,33.2,7,17,2007,False,False,2.74,2,https://www.cian.ru/sale/flat/300833862/,False,225274.72527472526
23500000.0,24.0,САО,65.6,27.8,15,33,2023,False,False,,2,https://www.cian.ru/sale/flat/300392188/,False,358231.7073170732
15500000.0,3.0,ЮЗАО,44.5,,4,9,1972,False,False,2.64,2,https://www.cian.ru/sale/flat/300860737/,False,348314.606741573
40000000.0,5.0,ЦАО,55.7,,8,9,1954,False,False,2.95,2,https://www.cian.ru/sale/flat/300818414/,False,718132.8545780969
78900000.0,11.0,ЦАО,60.0,34.5,4,8,2019,False,True,,2,https://www.cian.ru/sale/flat/300422149/,False,1315000.0
45000000.0,5.0,ЗАО,70.0,,12,13,,False,False,3.0,2,https://www.cian.ru/sale/flat/299354171/,False,642857.1428571428
12100000.0,6.0,ЮАО,63.1,,7,22,2021,False,False,2.8,2,https://www.cian.ru/sale/flat/300859558/,False,191759.11251980983
21500000.0,10.0,ЮВАО,78.7,,7,7,1959,False,False,,2,https://www.cian.ru/sale/flat/299617369/,False,273189.3265565438
20700000.0,10.0,ЮВАО,48.0,18.0,13,23,2018,False,False,3.0,2,https://www.cian.ru/sale/flat/299093186/,False,431250.0
40600000.0,8.0,ЦАО,68.0,40.0,10,11,,False,False,5.15,2,https://www.cian.ru/sale/flat/299967437/,False,597058.8235294118
23499000.0,14.0,ЗАО,50.0,,4,28,2019,False,True,3.0,2,https://www.cian.ru/sale/flat/291890575/,False,469980.0
70000000.0,5.0,ЦАО,100.0,70.0,5,6,2000,False,False,,2,https://www.cian.ru/sale/flat/300539848/,False,700000.0
18200000.0,8.0,СЗАО,50.0,21.0,22,22,2022,False,False,,2,https://www.cian.ru/sale/flat/298346336/,False,364000.0
16400000.0,15.0,ЮЗАО,45.0,29.4,10,12,1966,False,False,2.6,2,https://www.cian.ru/sale/flat/300433709/,False,364444.44444444444
17000000.0,6.0,ЗАО,53.3,,17,17,1984,False,False,2.7,2,https://www.cian.ru/sale/flat/300560475/,False,318949.34333958727
79000000.0,11.0,ЦАО,65.0,39.0,7,8,2018,False,False,3.2,2,https://www.cian.ru/sale/flat/299795999/,False,1215384.6153846155
11500000.0,11.0,ЮВАО,43.0,29.0,2,9,1974,False,False,2.64,2,https://www.cian.ru/sale/flat/299468868/,False,267441.8604651163
49100000.0,15.0,ЦАО,55.7,,4,21,2017,False,False,3.2,2,https://www.cian.ru/sale/flat/298977332/,False,881508.078994614
32000000.0,2.0,ЮВАО,67.0,33.1,12,23,2021,False,False,3.0,2,https://www.cian.ru/sale/flat/300222335/,False,477611.94029850746
30900000.0,25.0,ЗАО,47.0,24.0,4,26,,False,False,3.1,2,https://www.cian.ru/sale/flat/299951445/,False,657446.8085106383
63000000.0,10.0,ЦАО,73.0,38.8,4,16,2012,False,False,3.0,2,https://www.cian.ru/sale/flat/296382222/,False,863013.698630137
18800000.0,5.0,СЗАО,60.0,10.0,18,24,2022,False,False,2.8,2,https://www.cian.ru/sale/flat/300787656/,False,313333.3333333333
12700000.0,13.0,ЗАО,54.0,31.1,8,14,1991,False,False,2.64,2,https://www.cian.ru/sale/flat/300857258/,False,235185.1851851852
29900000.0,6.0,ЮЗАО,72.7,,11,14,1996,False,False,3.0,2,https://www.cian.ru/sale/flat/298935091/,False,411279.22971114167
11360000.0,17.0,СВАО,45.0,28.6,5,9,1978,False,False,2.64,2,https://www.cian.ru/sale/flat/300422493/,False,252444.44444444444
24500000.0,19.0,ЗАО,68.9,,28,30,,False,False,,2,https://www.cian.ru/sale/flat/297942360/,False,355587.8084179971
77000000.0,15.0,ЮАО,136.6,,2,4,,False,True,,2,https://www.cian.ru/sale/flat/299558863/,False,563689.6046852124
33000000.0,10.0,ЦАО,78.1,,10,35,2023,False,False,3.1,2,https://www.cian.ru/sale/flat/297092086/,False,422535.21126760566
29300000.0,5.0,ЦАО,44.4,,2,7,2017,False,True,3.2,2,https://www.cian.ru/sale/flat/296191963/,False,659909.9099099099
93550000.0,7.0,ЦАО,67.3,,14,66,2023,False,False,3.0,2,https://www.cian.ru/sale/flat/295149797/,False,1390044.5765230313
16300000.0,3.0,СЗАО,53.9,31.9,6,17,1994,False,False,2.64,2,https://www.cian.ru/sale/flat/295729946/,False,302411.8738404453
11500000.0,8.0,САО,40.4,25.3,8,9,1963,False,False,2.7,2,https://www.cian.ru/sale/flat/293725330/,False,284653.4653465347
5500000.0,5.0,ЮАО,55.0,33.0,2,9,1970,False,False,2.64,2,https://www.cian.ru/sale/flat/300591249/,False,100000.0
27931636.0,3.0,СЗАО,49.3,19.7,4,19,2011,False,False,3.0,2,https://www.cian.ru/sale/flat/296473523/,False,566564.6247464503
125000000.0,11.0,ЦАО,100.1,38.6,5,14,,False,False,,2,https://www.cian.ru/sale/flat/300509017/,False,1248751.248751249
94400000.0,11.0,ЦАО,90.4,,5,12,,False,False,,2,https://www.cian.ru/sale/flat/300509445/,False,1044247.7876106194
72690000.0,6.0,ЦАО,69.7,,5,7,,False,True,3.4,2,https://www.cian.ru/sale/flat/300421868/,False,1042898.1348637015
32000000.0,6.0,ЦАО,41.1,,8,11,2022,False,True,5.7,2,https://www.cian.ru/sale/flat/288694278/,False,778588.8077858881
194940000.0,2.0,ЦАО,108.3,,7,9,2023,False,True,3.35,2,https://www.cian.ru/sale/flat/298050405/,False,1800000.0
28700000.0,9.0,ВАО,60.3,,2,16,,False,False,3.4,2,https://www.cian.ru/sale/flat/292881456/,False,475953.5655058043
35000000.0,17.0,ЮЗАО,60.3,36.4,4,8,1958,False,False,3.0,2,https://www.cian.ru/sale/flat/299233853/,False,580431.1774461028
21000000.0,7.0,ЮВАО,53.0,31.0,18,24,2022,False,False,2.8,2,https://www.cian.ru/sale/flat/298660598/,False,396226.41509433964
11950000.0,8.0,ЮАО,52.2,30.5,11,14,1985,False,False,2.64,2,https://www.cian.ru/sale/flat/293032694/,False,228927.2030651341
11700000.0,,ЮАО,45.8,30.2,3,12,1973,False,False,2.64,2,https://www.cian.ru/sale/flat/299987714/,False,255458.5152838428
22500000.0,18.0,ВАО,58.0,29.3,2,12,2012,False,False,2.9,2,https://www.cian.ru/sale/flat/299526673/,False,387931.0344827586
11500000.0,15.0,ВАО,42.8,29.1,3,9,1967,False,False,2.64,2,https://www.cian.ru/sale/flat/300229425/,False,268691.58878504677
19435000.0,13.0,САО,54.0,33.0,3,5,1961,False,False,2.65,2,https://www.cian.ru/sale/flat/291968693/,False,359907.4074074074
98900000.0,14.0,ЦАО,95.3,,3,13,,False,False,,2,https://www.cian.ru/sale/flat/300509431/,False,1037775.445960126
21000000.0,9.0,ЮАО,43.0,30.0,4,8,1962,False,False,2.64,2,https://www.cian.ru/sale/flat/299963406/,False,488372.0930232558
31900000.0,13.0,ЮАО,51.3,,12,16,2023,False,False,3.0,2,https://www.cian.ru/sale/flat/300221231/,False,621832.3586744639
13000000.0,16.0,СВАО,53.0,28.0,4,16,1988,False,False,2.48,2,https://www.cian.ru/sale/flat/299145326/,False,245283.01886792452
19789000.0,12.0,ЮЗАО,56.5,32.1,9,17,1998,False,False,2.64,2,https://www.cian.ru/sale/flat/288255306/,False,350247.78761061945
34800000.0,6.0,ЗАО,61.0,30.0,26,40,2021,False,False,3.0,2,https://www.cian.ru/sale/flat/297470012/,False,570491.8032786886
19800000.0,15.0,ЮАО,50.5,26.1,12,22,2023,False,True,3.0,2,https://www.cian.ru/sale/flat/294564627/,False,392079.2079207921
37000000.0,6.0,ЦАО,65.0,40.0,2,8,1931,False,False,3.0,2,https://www.cian.ru/sale/flat/300539730/,False,569230.7692307692
12700000.0,3.0,ВАО,47.2,32.5,7,12,,False,False,,2,https://www.cian.ru/sale/flat/297759977/,False,269067.79661016946
17200000.0,2.0,СЗАО,49.0,,2,5,1951,False,False,2.64,2,https://www.cian.ru/sale/flat/300045857/,False,351020.4081632653
22000000.0,4.0,СВАО,59.3,,6,10,1959,False,False,3.2,2,https://www.cian.ru/sale/flat/300875952/,False,370994.9409780776
42500000.0,28.0,ЗАО,77.0,26.0,9,14,,False,False,,2,https://www.cian.ru/sale/flat/299059831/,False,551948.0519480519
23900000.0,4.0,СЗАО,42.6,,3,49,2023,False,False,3.1,2,https://www.cian.ru/sale/flat/297256144/,False,561032.8638497653
11100000.0,6.0,ЮВАО,51.3,,8,17,2011,False,False,2.74,2,https://www.cian.ru/sale/flat/300724404/,False,216374.26900584798
110000000.0,9.0,ЦАО,94.0,59.0,5,6,2018,False,True,,2,https://www.cian.ru/sale/flat/299107582/,False,1170212.7659574468
32000000.0,5.0,СЗАО,57.4,31.1,21,23,2023,False,False,3.2,2,https://www.cian.ru/sale/flat/291856643/,False,557491.2891986063
31500000.0,12.0,ЮВАО,70.0,,2,27,2019,False,False,3.2,2,https://www.cian.ru/sale/flat/299577441/,False,450000.0
25645000.0,5.0,ЗАО,45.0,24.0,4,14,,False,False,,2,https://www.cian.ru/sale/flat/300192341/,False,569888.8888888889
28990000.0,4.0,СЗАО,55.1,,17,47,2023,False,False,3.1,2,https://www.cian.ru/sale/flat/300556401/,False,526134.3012704174
28700000.0,8.0,ЮАО,55.3,,3,16,2018,False,False,3.0,2,https://www.cian.ru/sale/flat/292520693/,False,518987.34177215194
58298000.0,7.0,ЦАО,56.6,,3,21,,False,False,,2,https://www.cian.ru/sale/flat/297313098/,False,1030000.0
29000000.0,14.0,СЗАО,62.7,,2,34,,False,True,,2,https://www.cian.ru/sale/flat/300527651/,False,462519.9362041467
29500000.0,5.0,СЗАО,61.0,37.0,14,43,2023,False,False,3.1,2,https://www.cian.ru/sale/flat/300143091/,False,483606.5573770492
11300000.0,17.0,СВАО,37.1,,2,9,1963,False,False,2.5,2,https://www.cian.ru/sale/flat/297667857/,False,304582.2102425876
13000000.0,7.0,ВАО,51.3,,9,14,2005,False,False,2.74,2,https://www.cian.ru/sale/flat/299278062/,False,253411.306042885
110000000.0,5.0,ЦАО,85.0,,63,66,2020,False,True,3.9,2,https://www.cian.ru/sale/flat/297699610/,False,1294117.6470588236
11600000.0,6.0,Неизвестно,44.7,,3,5,1965,False,False,2.8,2,https://www.cian.ru/sale/flat/299727430/,False,259507.82997762863
10200000.0,21.0,САО,44.0,,8,9,1967,False,False,2.64,2,https://www.cian.ru/sale/flat/299453449/,False,231818.18181818182
17500000.0,16.0,ЮЗАО,55.2,30.7,11,25,1993,False,False,3.0,2,https://www.cian.ru/sale/flat/299415722/,False,317028.98550724634
54000000.0,11.0,ЦАО,50.0,32.5,5,6,1909,False,False,3.03,2,https://www.cian.ru/sale/flat/300112218/,False,1080000.0
14999900.0,14.0,ЮЗАО,58.5,29.4,9,14,2008,False,False,2.64,2,https://www.cian.ru/sale/flat/298038160/,False,256408.547008547
33950000.0,8.0,ЦАО,64.0,37.0,2,7,1949,False,False,3.2,2,https://www.cian.ru/sale/flat/291808973/,False,530468.75
15900000.0,18.0,СВАО,49.1,22.8,4,18,2023,False,True,2.7,2,https://www.cian.ru/sale/flat/300206682/,False,323828.92057026475
16500000.0,9.0,ЮВАО,53.0,33.0,6,17,2001,False,False,2.7,2,https://www.cian.ru/sale/flat/299616814/,False,311320.75471698114
49000000.0,19.0,ЗАО,123.3,,11,24,2009,False,False,3.0,2,https://www.cian.ru/sale/flat/299061784/,False,397404.70397404704
235810500.0,12.0,ЦАО,142.0,,8,11,,False,False,,2,https://www.cian.ru/sale/flat/300509009/,False,1660637.323943662
104900000.0,8.0,ЦАО,78.0,49.0,7,12,2014,False,False,3.6,2,https://www.cian.ru/sale/flat/297805133/,False,1344871.7948717948
46500000.0,7.0,ЦАО,44.27,,3,5,,False,True,,2,https://www.cian.ru/sale/flat/297422422/,False,1050372.7128981252
33500000.0,5.0,ЗАО,44.0,22.2,10,14,,False,False,,2,https://www.cian.ru/sale/flat/300509012/,False,761363.6363636364
33500000.0,5.0,ЗАО,60.0,,7,8,1937,False,False,3.2,2,https://www.cian.ru/sale/flat/300542333/,False,558333.3333333334
39000000.0,15.0,ЗАО,87.2,,8,22,2005,False,False,3.0,2,https://www.cian.ru/sale/flat/293510493/,False,447247.70642201835
13900000.0,16.0,ВАО,44.9,14.9,11,21,2022,False,True,3.0,2,https://www.cian.ru/sale/flat/299154733/,False,309576.83741648105
26300000.0,12.0,ЗАО,70.0,31.6,17,33,2024,False,False,,2,https://www.cian.ru/sale/flat/297095339/,False,375714.28571428574
23900000.0,7.0,СЗАО,54.6,,12,47,2023,False,False,3.1,2,https://www.cian.ru/sale/flat/299784765/,False,437728.9377289377
22500000.0,15.0,ЗАО,55.0,27.8,14,22,2008,False,False,2.64,2,https://www.cian.ru/sale/flat/300531670/,False,409090.9090909091
13500000.0,42.0,ЗАО,42.0,,7,13,2021,False,False,3.7,2,https://www.cian.ru/sale/flat/281157343/,False,321428.5714285714
16500000.0,5.0,САО,48.1,,5,12,1968,False,False,2.6,2,https://www.cian.ru/sale/flat/300176485/,False,343035.34303534304
24000000.0,9.0,ЦАО,51.0,32.0,6,6,,False,False,,2,https://www.cian.ru/sale/flat/294650908/,False,470588.23529411765
32900000.0,5.0,ЗАО,49.2,,12,14,2023,False,False,3.2,2,https://www.cian.ru/sale/flat/300512089/,False,668699.1869918699
14000000.0,4.0,ЮЗАО,44.8,27.4,4,12,1972,False,False,,2,https://www.cian.ru/sale/flat/300424388/,False,312500.0
13500000.0,9.0,ЮАО,44.0,20.0,26,50,2013,False,False,2.9,2,https://www.cian.ru/sale/flat/300105970/,False,306818.1818181818
166900000.0,6.0,ЦАО,95.0,,7,14,,False,False,,2,https://www.cian.ru/sale/flat/300554949/,False,1756842.105263158
30500000.0,16.0,СЗАО,46.0,,30,46,2022,False,False,3.2,2,https://www.cian.ru/sale/flat/300575677/,False,663043.4782608695
38500000.0,12.0,СЗАО,78.2,23.4,29,33,,False,False,3.1,2,https://www.cian.ru/sale/flat/297744464/,False,492327.36572890024
31500000.0,15.0,ЮАО,66.4,,14,46,2023,False,False,,2,https://www.cian.ru/sale/flat/296690119/,False,474397.59036144573
18700000.0,6.0,ЗАО,53.1,27.7,18,32,2022,False,False,2.62,2,https://www.cian.ru/sale/flat/299482557/,False,352165.72504708095
13500000.0,8.0,ЮВАО,53.0,31.0,6,12,1995,False,False,2.64,2,https://www.cian.ru/sale/flat/298624347/,False,254716.98113207548
55000000.0,8.0,ЦАО,61.4,,3,9,1913,False,False,3.0,2,https://www.cian.ru/sale/flat/297766719/,False,895765.4723127036
26700000.0,8.0,САО,51.5,,8,12,2019,False,True,3.2,2,https://www.cian.ru/sale/flat/300860541/,False,518446.6019417476
13500000.0,12.0,ЗАО,47.0,31.0,8,14,1972,False,False,2.64,2,https://www.cian.ru/sale/flat/298019738/,False,287234.0425531915
26800000.0,11.0,ЮАО,52.0,,12,12,2022,False,False,4.5,2,https://www.cian.ru/sale/flat/300596715/,False,515384.6153846154
45000000.0,13.0,ЦАО,45.0,,3,7,2020,False,True,3.0,2,https://www.cian.ru/sale/flat/299914914/,False,1000000.0
15900000.0,11.0,ЮВАО,39.8,,4,21,2021,False,False,,2,https://www.cian.ru/sale/flat/300565552/,False,399497.48743718595
44000000.0,10.0,ЦАО,80.0,53.0,4,5,1928,False,False,,2,https://www.cian.ru/sale/flat/300539707/,False,550000.0
11000000.0,9.0,СВАО,44.5,,3,4,1970,False,True,3.0,2,https://www.cian.ru/sale/flat/298139494/,False,247191.01123595505
24600000.0,7.0,ЦАО,44.3,,6,9,1963,False,False,,2,https://www.cian.ru/sale/flat/300620282/,False,555304.7404063205
11190000.0,17.0,САО,50.9,25.5,13,14,2023,False,False,,2,https://www.cian.ru/sale/flat/291101042/,False,219842.82907662084
31500000.0,4.0,ЮАО,63.1,,8,42,2023,False,False,3.0,2,https://www.cian.ru/sale/flat/300422113/,False,499207.6069730586
12150000.0,15.0,ЮАО,42.7,24.6,3,12,1972,False,False,2.64,2,https://www.cian.ru/sale/flat/300887606/,False,284543.3255269321
82800000.0,2.0,ЦАО,60.7,,8,9,2023,False,True,,2,https://www.cian.ru/sale/flat/299672730/,False,1364085.6672158155
35000000.0,6.0,ЦАО,52.8,,4,9,1940,False,False,3.2,2,https://www.cian.ru/sale/flat/299153424/,False,662878.787878788
17550000.0,12.0,ЮВАО,57.5,32.9,7,17,2021,False,False,2.7,2,https://www.cian.ru/sale/flat/297412548/,False,305217.39130434784
26200000.0,1.0,САО,58.0,25.5,31,59,2021,False,False,2.9,2,https://www.cian.ru/sale/flat/295134014/,False,451724.1379310345
58310000.0,7.0,ЦАО,68.6,,6,7,,False,False,,2,https://www.cian.ru/sale/flat/294445366/,False,850000.0000000001
11700000.0,4.0,ВАО,45.2,33.3,5,5,,False,False,,2,https://www.cian.ru/sale/flat/287768560/,False,258849.55752212388
11900000.0,7.0,ЮВАО,44.8,29.2,1,5,1963,False,False,2.6,2,https://www.cian.ru/sale/flat/298662616/,False,265625.0
104750000.0,6.0,ЦАО,78.0,,7,12,,False,True,,2,https://www.cian.ru/sale/flat/300509437/,False,1342948.717948718
23250000.0,8.0,ЗАО,54.0,29.0,10,18,2007,False,False,,2,https://www.cian.ru/sale/flat/299141032/,False,430555.55555555556
10800000.0,11.0,ВАО,45.0,28.3,7,9,1966,False,False,2.8,2,https://www.cian.ru/sale/flat/299417295/,False,240000.0
24000000.0,8.0,ЮВАО,64.0,34.2,15,29,2023,False,False,2.8,2,https://www.cian.ru/sale/flat/300813354/,False,375000.0
11500000.0,16.0,ЮАО,45.0,30.0,2,12,,False,False,,2,https://www.cian.ru/sale/flat/298829548/,False,255555.55555555556
86000000.0,4.0,ЦАО,114.0,92.0,46,75,,False,True,,2,https://www.cian.ru/sale/flat/288307714/,False,754385.9649122807
16500000.0,12.0,ЗАО,52.0,30.7,14,17,1985,False,False,2.64,2,https://www.cian.ru/sale/flat/299675189/,False,317307.6923076923
64200000.0,5.0,ЦАО,60.0,20.0,11,13,2016,False,True,,2,https://www.cian.ru/sale/flat/300422135/,False,1070000.0
18603000.0,8.0,ЮАО,47.7,,3,9,1974,False,False,2.64,2,https://www.cian.ru/sale/flat/298726841/,False,390000.0
52000000.0,9.0,ЦАО,51.0,,3,21,2022,False,False,3.0,2,https://www.cian.ru/sale/flat/300822469/,False,1019607.8431372549
10150000.0,12.0,ВАО,36.8,,3,5,2015,False,True,3.9,2,https://www.cian.ru/sale/flat/300699318/,False,275815.2173913044
26700000.0,8.0,ЗАО,50.4,16.3,3,28,2022,False,False,3.12,2,https://www.cian.ru/sale/flat/299580417/,False,529761.9047619047
19800000.0,10.0,САО,61.6,,3,4,1958,False,False,3.0,2,https://www.cian.ru/sale/flat/300523406/,False,321428.5714285714
12900000.0,8.0,ЗАО,54.0,33.0,10,17,1989,False,False,2.64,2,https://www.cian.ru/sale/flat/300855957/,False,238888.88888888888
54890000.0,19.0,ЦАО,60.0,40.0,3,16,,False,False,3.25,2,https://www.cian.ru/sale/flat/298805764/,False,914833.3333333334
17400000.0,6.0,ЮАО,72.0,,16,22,2023,False,False,2.8,2,https://www.cian.ru/sale/flat/300142526/,False,241666.66666666666
29000000.0,20.0,СЗАО,62.0,27.0,27,28,,False,False,3.0,2,https://www.cian.ru/sale/flat/298815515/,False,467741.93548387097
11300000.0,7.0,ЮВАО,57.6,43.3,10,12,1979,False,False,2.6,2,https://www.cian.ru/sale/flat/300510506/,False,196180.55555555556
46900000.0,5.0,Неизвестно,98.6,,7,12,,False,True,4.5,2,https://www.cian.ru/sale/flat/293381153/,False,475659.229208925
16999000.0,10.0,ЮВАО,62.2,37.4,19,26,2022,False,False,2.7,2,https://www.cian.ru/sale/flat/298382822/,False,273295.8199356913
19900000.0,5.0,ЦАО,42.0,,2,9,1968,False,False,2.6,2,https://www.cian.ru/sale/flat/300541952/,False,473809.5238095238
31000000.0,10.0,ЗАО,58.5,29.1,4,25,2007,False,False,2.8,2,https://www.cian.ru/sale/flat/298572082/,False,529914.5299145299
40000000.0,5.0,ЗАО,69.0,35.5,7,14,2022,False,False,,2,https://www.cian.ru/sale/flat/300071776/,False,579710.1449275363
36500000.0,8.0,ЗАО,66.0,,29,35,2021,False,False,3.1,2,https://www.cian.ru/sale/flat/298874919/,False,553030.303030303
30440000.0,1.0,ЗАО,71.0,32.0,4,25,,False,False,3.1,2,https://www.cian.ru/sale/flat/293912931/,False,428732.3943661972
29440000.0,2.0,САО,48.6,,3,8,2023,False,True,3.2,2,https://www.cian.ru/sale/flat/300661812/,False,605761.3168724279
24900000.0,,СЗАО,49.7,,8,42,2018,False,True,3.2,2,https://www.cian.ru/sale/flat/298836589/,False,501006.0362173038
20000000.0,15.0,ЗАО,54.0,32.0,9,17,1986,False,False,2.64,2,https://www.cian.ru/sale/flat/300320333/,False,370370.3703703704
11000000.0,6.0,ВАО,45.4,,5,9,,False,False,,2,https://www.cian.ru/sale/flat/297829179/,False,242290.74889867843
50000000.0,3.0,ЦАО,105.0,,15,85,2016,False,True,3.0,2,https://www.cian.ru/sale/flat/300301168/,False,476190.4761904762
61000000.0,10.0,ЦАО,82.0,56.0,4,14,2013,False,False,,2,https://www.cian.ru/sale/flat/294622192/,False,743902.4390243902
11800000.0,6.0,ЮАО,46.2,30.3,7,12,1976,False,False,2.5,2,https://www.cian.ru/sale/flat/297961592/,False,255411.2554112554
14300000.0,5.0,СЗАО,45.7,,6,25,2022,False,True,3.1,2,https://www.cian.ru/sale/flat/300172251/,False,312910.28446389496
24300000.0,14.0,ЗАО,56.7,,8,28,2019,False,True,3.0,2,https://www.cian.ru/sale/flat/297903443/,False,428571.4285714285
28900000.0,8.0,ЗАО,50.0,,18,44,2022,False,False,3.1,2,https://www.cian.ru/sale/flat/299647198/,False,578000.0
15950000.0,13.0,ЗАО,53.0,32.8,6,14,1968,False,False,2.7,2,https://www.cian.ru/sale/flat/297079796/,False,300943.3962264151
13900000.0,11.0,ЮВАО,49.2,,1,9,2003,False,False,2.78,2,https://www.cian.ru/sale/flat/292375277/,False,282520.325203252
65500000.0,1.0,ЦАО,72.9,,79,95,2017,False,True,3.5,2,https://www.cian.ru/sale/flat/299746602/,False,898491.0836762688
18150000.0,5.0,СЗАО,52.2,,22,22,2022,False,True,,2,https://www.cian.ru/sale/flat/300015130/,False,347701.1494252873
35000000.0,8.0,САО,65.1,,19,20,2023,False,False,2.7,2,https://www.cian.ru/sale/flat/300607713/,False,537634.4086021506
10500000.0,16.0,СЗАО,47.3,31.1,1,9,1967,False,False,,2,https://www.cian.ru/sale/flat/298436420/,False,221987.31501057083
17500000.0,12.0,ЮАО,60.0,34.0,5,17,,False,False,,2,https://www.cian.ru/sale/flat/300774365/,False,291666.6666666667
19690000.0,2.0,ЗАО,56.3,36.7,9,9,1977,False,False,,2,https://www.cian.ru/sale/flat/299518128/,False,349733.5701598579
14800000.0,11.0,ЮАО,45.0,,4,9,1970,False,False,2.64,2,https://www.cian.ru/sale/flat/300508742/,False,328888.8888888889
25990000.0,12.0,СВАО,62.0,36.0,15,20,2021,False,True,3.15,2,https://www.cian.ru/sale/flat/300269883/,False,419193.5483870968
22500000.0,4.0,ЦАО,50.0,26.6,3,8,1941,False,False,3.5,2,https://www.cian.ru/sale/flat/298617996/,False,450000.0
36500000.0,9.0,СЗАО,51.8,,40,48,2022,False,False,2.9,2,https://www.cian.ru/sale/flat/294614240/,False,704633.2046332046
33000000.0,11.0,ЦАО,57.4,,5,15,,False,False,,2,https://www.cian.ru/sale/flat/292945866/,False,574912.8919860628
93700000.0,12.0,ЦАО,60.0,14.0,2,9,2020,False,False,3.0,2,https://www.cian.ru/sale/flat/294203461/,False,1561666.6666666667
11100000.0,16.0,ЮАО,44.4,27.9,5,9,1975,False,False,2.5,2,https://www.cian.ru/sale/flat/300829381/,False,250000.0
11600000.0,8.0,ЮВАО,54.0,,9,17,2010,False,False,2.74,2,https://www.cian.ru/sale/flat/298537664/,False,214814.8148148148
26900000.0,9.0,ЗАО,50.1,,15,20,2022,False,False,,2,https://www.cian.ru/sale/flat/300191477/,False,536926.1477045908
58600000.0,7.0,ЦАО,56.58,,3,21,2023,False,False,,2,https://www.cian.ru/sale/flat/296838582/,False,1035701.6613644398
12750000.0,10.0,ЗАО,46.0,27.6,7,9,1967,False,False,2.5,2,https://www.cian.ru/sale/flat/297235125/,False,277173.9130434783
22290000.0,15.0,СЗАО,54.4,,11,21,2023,False,False,3.1,2,https://www.cian.ru/sale/flat/297720778/,False,409742.64705882355
12500000.0,7.0,ЮАО,53.8,32.2,3,17,1983,False,False,2.7,2,https://www.cian.ru/sale/flat/299768114/,False,232342.00743494424
31000000.0,7.0,ЮЗАО,66.5,,26,34,2023,False,False,3.0,2,https://www.cian.ru/sale/flat/298322864/,False,466165.41353383457
33499000.0,14.0,САО,63.0,31.8,9,26,2022,False,False,2.9,2,https://www.cian.ru/sale/flat/291207212/,False,531730.1587301587
23550000.0,9.0,СЗАО,52.0,35.0,6,52,2022,False,False,3.1,2,https://www.cian.ru/sale/flat/300688271/,False,452884.6153846154
90000000.0,3.0,ЦАО,101.0,,43,75,2013,False,True,3.2,2,https://www.cian.ru/sale/flat/292207196/,False,891089.1089108911
14500000.0,11.0,СЗАО,43.0,27.0,5,9,1968,False,False,,2,https://www.cian.ru/sale/flat/299853663/,False,337209.3023255814
77112000.0,12.0,ЮЗАО,123.3,,16,18,2005,False,False,3.0,2,https://www.cian.ru/sale/flat/298978845/,False,625401.4598540146
92900000.0,6.0,ЦАО,78.0,55.0,72,78,2020,False,True,3.04,2,https://www.cian.ru/sale/flat/299216001/,False,1191025.641025641
24800000.0,16.0,ЗАО,68.4,,6,25,2015,False,True,3.0,2,https://www.cian.ru/sale/flat/299125015/,False,362573.09941520466
11000000.0,10.0,ЮАО,37.7,,1,9,1963,False,False,2.65,2,https://www.cian.ru/sale/flat/300795874/,False,291777.1883289124
38000000.0,5.0,ЗАО,68.7,,3,14,,False,False,3.3,2,https://www.cian.ru/sale/flat/299165562/,False,553129.5487627365
11500000.0,9.0,СВАО,55.7,,6,23,2007,False,True,2.65,2,https://www.cian.ru/sale/flat/300074472/,False,206463.19569120285
30490000.0,16.0,СЗАО,46.0,30.0,30,43,2023,False,False,3.0,2,https://www.cian.ru/sale/flat/300520402/,False,662826.0869565217
149038000.0,2.0,ЦАО,76.5,,3,3,,False,True,5.2,2,https://www.cian.ru/sale/flat/298893125/,False,1948209.1503267973
31000000.0,26.0,ЗАО,46.5,25.1,18,25,,False,False,,2,https://www.cian.ru/sale/flat/299739632/,False,666666.6666666666
74500000.0,5.0,ЦАО,75.0,,36,78,,False,True,,2,https://www.cian.ru/sale/flat/300467617/,False,993333.3333333334
16300000.0,3.0,СЗАО,53.9,,9,17,1985,False,False,2.64,2,https://www.cian.ru/sale/flat/300734770/,False,302411.8738404453
11100000.0,18.0,ЮЗАО,46.6,29.8,7,14,1968,False,False,2.8,2,https://www.cian.ru/sale/flat/297580299/,False,238197.42489270386
86000000.0,3.0,ЦАО,114.2,,46,75,2013,False,True,3.0,2,https://www.cian.ru/sale/flat/288553462/,False,753064.7985989492
42000000.0,5.0,СЗАО,76.3,,10,23,,False,False,3.2,2,https://www.cian.ru/sale/flat/300327999/,False,550458.7155963304
19800000.0,11.0,ЗАО,60.0,34.0,6,17,,False,False,2.7,2,https://www.cian.ru/sale/flat/300418102/,False,330000.0
28500000.0,1.0,САО,60.5,,4,30,2021,False,False,3.0,2,https://www.cian.ru/sale/flat/300207271/,False,471074.3801652893
75000000.0,2.0,ЦАО,75.0,,2,4,,False,False,2.9,2,https://www.cian.ru/sale/flat/288080141/,False,1000000.0
22000000.0,17.0,САО,43.0,12.0,5,27,2022,False,False,4.5,2,https://www.cian.ru/sale/flat/300569348/,False,511627.9069767442
34000000.0,15.0,ЗАО,66.5,,2,22,2015,False,False,3.0,2,https://www.cian.ru/sale/flat/300350306/,False,511278.19548872183
15990000.0,5.0,СЗАО,43.0,,5,9,1967,False,False,2.64,2,https://www.cian.ru/sale/flat/298726692/,False,371860.4651162791
15900000.0,2.0,САО,47.0,20.0,11,33,,False,False,,2,https://www.cian.ru/sale/flat/300617244/,False,338297.87234042556
11100000.0,10.0,ВАО,38.0,26.8,1,9,1970,False,False,2.64,2,https://www.cian.ru/sale/flat/298662594/,False,292105.2631578947
32000000.0,5.0,ЗАО,53.0,30.0,18,22,,False,False,3.1,2,https://www.cian.ru/sale/flat/294770486/,False,603773.5849056604
82000000.0,4.0,ЗАО,65.6,,3,12,,False,False,,2,https://www.cian.ru/sale/flat/300877514/,False,1250000.0
14800000.0,10.0,САО,47.0,31.0,5,14,1971,False,False,2.64,2,https://www.cian.ru/sale/flat/300822574/,False,314893.6170212766
33000000.0,14.0,ЮАО,65.0,28.7,6,15,2023,False,False,3.4,2,https://www.cian.ru/sale/flat/299012452/,False,507692.3076923077
12800000.0,13.0,ЮВАО,48.0,30.2,12,12,1970,False,False,2.6,2,https://www.cian.ru/sale/flat/300025818/,False,266666.6666666667
20300000.0,12.0,САО,45.0,28.0,7,14,1971,False,False,2.64,2,https://www.cian.ru/sale/flat/300813808/,False,451111.1111111111
1000000.0,3.0,СВАО,52.9,30.7,6,12,,False,False,,2,https://www.cian.ru/sale/flat/298377792/,False,18903.59168241966
37000000.0,8.0,САО,60.0,35.0,13,24,2020,False,False,3.0,2,https://www.cian.ru/sale/flat/300692511/,False,616666.6666666666
12699000.0,12.0,ВАО,40.9,26.2,6,8,1961,False,False,2.64,2,https://www.cian.ru/sale/flat/299601515/,False,310488.99755501223
68000000.0,6.0,ЦАО,64.1,,4,5,2021,False,True,3.3,2,https://www.cian.ru/sale/flat/300299599/,False,1060842.433697348
15800000.0,17.0,ЮЗАО,42.0,,7,9,1967,False,False,2.64,2,https://www.cian.ru/sale/flat/298429447/,False,376190.4761904762
36000000.0,,ЦАО,53.6,31.6,7,8,,False,False,3.3,2,https://www.cian.ru/sale/flat/300421699/,False,671641.7910447761
12000000.0,4.0,СВАО,37.4,,3,12,,False,False,,2,https://www.cian.ru/sale/flat/300741529/,False,320855.61497326207
23150000.0,12.0,ЗАО,62.0,30.0,9,12,2021,False,False,2.8,2,https://www.cian.ru/sale/flat/300092745/,False,373387.0967741936
24719029.0,15.0,СВАО,64.0,34.0,6,17,2021,False,False,2.8,2,https://www.cian.ru/sale/flat/299671114/,False,386234.828125
47000000.0,15.0,ЗАО,47.0,,8,11,2020,False,False,3.3,2,https://www.cian.ru/sale/flat/300299710/,False,1000000.0
55000000.0,11.0,СЗАО,82.0,45.0,28,48,2016,False,False,,2,https://www.cian.ru/sale/flat/298650795/,False,670731.7073170731
17500000.0,10.0,САО,52.3,,6,17,2004,False,False,2.8,2,https://www.cian.ru/sale/flat/298925810/,False,334608.0305927342
28800000.0,20.0,ЮЗАО,66.0,28.0,8,42,,False,False,3.0,2,https://www.cian.ru/sale/flat/300771933/,False,436363.63636363635
16900000.0,8.0,САО,40.0,,10,16,1979,False,False,2.6,2,https://www.cian.ru/sale/flat/299695600/,False,422500.0
12000000.0,8.0,ЮВАО,44.9,29.3,2,9,1964,False,False,2.64,2,https://www.cian.ru/sale/flat/297910425/,False,267260.579064588
39900000.0,,ЗАО,77.0,32.0,47,52,,False,False,,2,https://www.cian.ru/sale/flat/289119692/,False,518181.8181818182
169783560.0,8.0,ЗАО,123.0,,2,6,2012,False,False,,2,https://www.cian.ru/sale/flat/292476141/,False,1380354.1463414633
46500000.0,6.0,ЦАО,44.0,,3,5,2021,False,True,3.4,2,https://www.cian.ru/sale/flat/294650795/,False,1056818.1818181819
12000000.0,9.0,СВАО,37.0,22.0,6,8,1960,False,False,,2,https://www.cian.ru/sale/flat/300832937/,False,324324.3243243243
91999000.0,6.0,ЦАО,99.61,,10,14,,False,False,,2,https://www.cian.ru/sale/flat/300826937/,False,923592.0088344543
10840000.0,12.0,ЗАО,34.1,,1,9,,False,False,,2,https://www.cian.ru/sale/flat/300319011/,False,317888.5630498534
21900000.0,14.0,ЮАО,52.7,13.9,2,5,2023,False,False,3.1,2,https://www.cian.ru/sale/flat/299779162/,False,415559.7722960152
29000000.0,,САО,48.7,,12,15,2019,False,True,3.0,2,https://www.cian.ru/sale/flat/298457044/,False,595482.546201232
29900000.0,4.0,ЗАО,63.0,,11,24,2018,False,False,3.0,2,https://www.cian.ru/sale/flat/299300306/,False,474603.1746031746
80000000.0,9.0,ЦАО,80.0,,2,6,,False,False,3.5,2,https://www.cian.ru/sale/flat/299294037/,False,1000000.0
41990000.0,12.0,САО,56.9,,39,41,2021,False,False,3.1,2,https://www.cian.ru/sale/flat/300618922/,False,737961.3356766257
16600000.0,12.0,ЮВАО,55.0,,7,12,1985,False,False,2.64,2,https://www.cian.ru/sale/flat/299901758/,False,301818.1818181818
11300000.0,14.0,ВАО,46.4,30.6,7,12,1970,False,False,2.64,2,https://www.cian.ru/sale/flat/299048958/,False,243534.4827586207
16500000.0,10.0,ЮЗАО,38.5,22.9,6,9,1962,False,False,2.64,2,https://www.cian.ru/sale/flat/300025324/,False,428571.4285714286
33500000.0,13.0,САО,63.0,29.7,2,12,,False,False,,2,https://www.cian.ru/sale/flat/298833137/,False,531746.0317460317
29300000.0,12.0,СЗАО,52.0,20.0,5,19,2018,False,False,,2,https://www.cian.ru/sale/flat/298519060/,False,563461.5384615385
41500000.0,14.0,ЦАО,70.3,,12,27,2023,False,False,3.0,2,https://www.cian.ru/sale/flat/299429352/,False,590327.1692745377
18130000.0,7.0,СВАО,57.4,29.6,10,22,,False,False,2.85,2,https://www.cian.ru/sale/flat/299853615/,False,315853.6585365854
29000000.0,16.0,ЮВАО,70.6,,10,12,2020,False,False,2.8,2,https://www.cian.ru/sale/flat/300711703/,False,410764.8725212465
15550000.0,10.0,ЮВАО,54.5,31.9,10,16,1977,False,False,2.64,2,https://www.cian.ru/sale/flat/286749798/,False,285321.1009174312
14500000.0,6.0,ЮАО,47.9,,2,9,1973,False,False,2.8,2,https://www.cian.ru/sale/flat/298819612/,False,302713.987473904
13490000.0,10.0,ВАО,38.8,,3,12,1966,False,False,2.64,2,https://www.cian.ru/sale/flat/300703069/,False,347680.41237113404
20880000.0,6.0,ЦАО,45.0,32.0,6,8,1963,False,False,2.9,2,https://www.cian.ru/sale/flat/297532830/,False,464000.0
50400000.0,3.0,ЦАО,72.0,,47,78,2019,False,True,3.9,2,https://www.cian.ru/sale/flat/296593210/,False,700000.0
29950000.0,14.0,ЦАО,43.0,,5,17,2023,False,False,3.1,2,https://www.cian.ru/sale/flat/299415534/,False,696511.6279069767
31500000.0,8.0,САО,38.8,,2,21,2020,False,False,3.1,2,https://www.cian.ru/sale/flat/300029504/,False,811855.6701030928
43800000.0,11.0,САО,64.0,40.0,15,15,,False,False,3.0,2,https://www.cian.ru/sale/flat/299030814/,False,684375.0
11090000.0,18.0,СВАО,42.0,27.8,2,5,1967,False,False,2.5,2,https://www.cian.ru/sale/flat/300342332/,False,264047.61904761905
22900000.0,7.0,САО,40.0,11.0,6,9,2019,False,True,3.1,2,https://www.cian.ru/sale/flat/291584973/,False,572500.0
18500000.0,12.0,САО,38.3,,7,21,2023,False,True,3.13,2,https://www.cian.ru/sale/flat/299924004/,False,483028.72062663187
79990000.0,7.0,ЦАО,156.0,,4,6,1904,False,False,3.5,2,https://www.cian.ru/sale/flat/300006046/,False,512756.41025641025
37500000.0,13.0,СВАО,66.4,,37,47,2017,False,False,,2,https://www.cian.ru/sale/flat/299232358/,False,564759.0361445782
88540000.0,8.0,ЦАО,93.2,,2,5,1886,False,True,3.3,2,https://www.cian.ru/sale/flat/293262180/,False,950000.0
69000000.0,4.0,ЗАО,60.0,,6,12,2020,False,False,3.2,2,https://www.cian.ru/sale/flat/287583404/,False,1150000.0
19850000.0,11.0,ВАО,57.1,,5,25,2020,False,False,2.8,2,https://www.cian.ru/sale/flat/300588052/,False,347635.7267950963
41500000.0,6.0,ЦАО,55.0,,4,22,,False,False,3.1,2,https://www.cian.ru/sale/flat/299250573/,False,754545.4545454546
12400000.0,14.0,СВАО,45.0,30.0,4,12,1974,False,False,2.7,2,https://www.cian.ru/sale/flat/298697084/,False,275555.55555555556
42000000.0,10.0,СЗАО,80.0,45.0,2,22,2019,False,False,2.8,2,https://www.cian.ru/sale/flat/294659263/,False,525000.0
27000000.0,5.0,СЗАО,49.0,30.0,9,30,,False,False,3.2,2,https://www.cian.ru/sale/flat/300354396/,False,551020.4081632653
24000000.0,17.0,ЗАО,45.0,,7,30,,False,False,,2,https://www.cian.ru/sale/flat/295331237/,False,533333.3333333334
14500000.0,9.0,ЮВАО,40.9,25.3,3,8,1961,False,False,2.6,2,https://www.cian.ru/sale/flat/300478282/,False,354523.22738386306
27990000.0,5.0,ЗАО,61.6,,22,42,2021,False,False,,2,https://www.cian.ru/sale/flat/295316100/,False,454383.1168831169
82000000.0,4.0,ЗАО,66.0,,3,12,,False,False,3.35,2,https://www.cian.ru/sale/flat/295412219/,False,1242424.2424242424
53000000.0,11.0,ЗАО,68.4,25.1,9,13,2022,False,False,2.9,2,https://www.cian.ru/sale/flat/300503296/,False,774853.8011695906
19800000.0,4.0,ЮАО,48.6,,18,23,2020,False,False,3.0,2,https://www.cian.ru/sale/flat/300794127/,False,407407.4074074074
16300000.0,11.0,ЮВАО,55.5,,21,25,2015,False,False,2.8,2,https://www.cian.ru/sale/flat/299464659/,False,293693.69369369367
31900000.0,5.0,СЗАО,56.2,28.9,12,29,2023,False,False,3.0,2,https://www.cian.ru/sale/flat/294247460/,False,567615.6583629893
42100000.0,1.0,ЗАО,79.3,,7,21,2014,False,False,3.0,2,https://www.cian.ru/sale/flat/300614137/,False,530895.3341740227
82400000.0,8.0,ЦАО,62.0,,1,7,,False,False,,2,https://www.cian.ru/sale/flat/300509378/,False,1329032.2580645161
25000000.0,12.0,СЗАО,80.0,40.5,23,24,2012,False,False,,2,https://www.cian.ru/sale/flat/298758094/,False,312500.0
15100000.0,13.0,ВАО,58.4,31.5,5,5,1958,False,False,3.0,2,https://www.cian.ru/sale/flat/300540008/,False,258561.64383561644
22300000.0,2.0,САО,78.0,40.0,37,40,2010,False,False,3.0,2,https://www.cian.ru/sale/flat/295903328/,False,285897.4358974359
15499000.0,6.0,САО,49.4,38.5,9,33,2024,False,False,2.8,2,https://www.cian.ru/sale/flat/300122473/,False,313744.93927125505
17700000.0,4.0,ЮЗАО,51.1,30.7,12,12,1974,False,False,2.48,2,https://www.cian.ru/sale/flat/300649339/,False,346379.64774951077
11500000.0,19.0,СВАО,38.1,,2,9,1964,False,False,2.7,2,https://www.cian.ru/sale/flat/299019640/,False,301837.27034120733
33500000.0,20.0,ЮАО,64.0,,18,48,2023,False,False,3.2,2,https://www.cian.ru/sale/flat/300289683/,False,523437.5
42500000.0,13.0,ЦАО,62.0,25.0,33,44,2018,False,False,,2,https://www.cian.ru/sale/flat/300776785/,False,685483.8709677419
42900000.0,19.0,ЗАО,70.5,29.2,4,25,2021,False,False,,2,https://www.cian.ru/sale/flat/300422045/,False,608510.6382978724
108000000.0,8.0,ЦАО,120.0,100.0,6,13,2013,False,True,,2,https://www.cian.ru/sale/flat/299476098/,False,900000.0
25790000.0,7.0,ЗАО,64.5,24.8,33,41,2022,False,False,3.1,2,https://www.cian.ru/sale/flat/297325651/,False,399844.9612403101
11300000.0,13.0,СВАО,38.8,,8,9,1966,False,False,2.7,2,https://www.cian.ru/sale/flat/300151989/,False,291237.11340206186
29999999.0,17.0,ЮАО,66.4,,14,46,2023,False,False,3.0,2,https://www.cian.ru/sale/flat/290996141/,False,451807.21385542164
11500000.0,5.0,САО,50.4,30.6,7,16,1982,False,False,2.7,2,https://www.cian.ru/sale/flat/300710411/,False,228174.6031746032
44000000.0,16.0,ЗАО,70.0,31.0,13,21,,False,False,,2,https://www.cian.ru/sale/flat/294965189/,False,628571.4285714285
37500000.0,11.0,СЗАО,59.0,28.3,14,24,,False,False,3.1,2,https://www.cian.ru/sale/flat/299717407/,False,635593.220338983
17211750.0,9.0,ЮАО,79.5,,5,45,2013,False,False,2.9,2,https://www.cian.ru/sale/flat/298882868/,False,216500.0
22900000.0,11.0,ЮЗАО,60.0,32.0,3,17,2020,False,False,2.8,2,https://www.cian.ru/sale/flat/299853622/,False,381666.6666666667
36800000.0,8.0,СЗАО,70.0,37.0,20,33,2023,False,False,2.95,2,https://www.cian.ru/sale/flat/298882407/,False,525714.2857142857
15700000.0,11.0,ЮВАО,65.0,40.0,19,25,2018,False,False,2.8,2,https://www.cian.ru/sale/flat/296364346/,False,241538.46153846153
18200000.0,14.0,ВАО,58.8,32.5,16,24,2023,False,False,2.7,2,https://www.cian.ru/sale/flat/300640451/,False,309523.8095238095
34000000.0,20.0,ЮАО,66.0,,8,48,2023,False,False,,2,https://www.cian.ru/sale/flat/300290726/,False,515151.51515151514
14500000.0,10.0,ЗАО,45.0,30.0,11,14,1969,False,False,2.64,2,https://www.cian.ru/sale/flat/300810564/,False,322222.22222222225
15299000.0,19.0,СВАО,47.0,30.0,15,15,2018,False,False,2.7,2,https://www.cian.ru/sale/flat/300472670/,False,325510.6382978723
9900000.0,4.0,ВАО,44.1,28.9,12,24,2007,False,False,2.7,2,https://www.cian.ru/sale/flat/300470437/,False,224489.79591836734
15000000.0,4.0,СЗАО,45.0,,5,5,1964,False,False,2.5,2,https://www.cian.ru/sale/flat/299945354/,False,333333.3333333333
16400000.0,7.0,САО,67.5,38.6,1,10,2003,False,False,2.64,2,https://www.cian.ru/sale/flat/298325378/,False,242962.96296296295
11400000.0,15.0,ЮВАО,52.9,,12,12,1979,False,False,2.64,2,https://www.cian.ru/sale/flat/298835538/,False,215500.94517958412
84500000.0,9.0,ЦАО,75.1,,2,5,2020,False,True,,2,https://www.cian.ru/sale/flat/285554427/,False,1125166.4447403464
50000000.0,8.0,Неизвестно,48.0,,2,6,1977,False,False,2.7,2,https://www.cian.ru/sale/flat/295356616/,False,1041666.6666666666
15900000.0,5.0,ЮЗАО,53.0,28.0,8,14,1995,False,False,2.64,2,https://www.cian.ru/sale/flat/300474914/,False,300000.0
11700000.0,18.0,ЮАО,45.2,28.9,5,5,1967,False,False,2.8,2,https://www.cian.ru/sale/flat/300048777/,False,258849.55752212388
16300000.0,13.0,ЮАО,35.0,22.1,9,9,1965,False,False,,2,https://www.cian.ru/sale/flat/300162005/,False,465714.28571428574
14500000.0,14.0,СВАО,52.2,,6,12,1979,False,False,2.64,2,https://www.cian.ru/sale/flat/300844069/,False,277777.77777777775
52600000.0,4.0,ЮАО,65.8,,4,19,2018,False,False,3.1,2,https://www.cian.ru/sale/flat/295807939/,False,799392.0972644377
67200000.0,2.0,ЦАО,96.0,,25,78,2020,False,True,,2,https://www.cian.ru/sale/flat/279687277/,False,700000.0
30600000.0,9.0,САО,56.0,16.0,16,24,2017,False,False,3.1,2,https://www.cian.ru/sale/flat/299435128/,False,546428.5714285715
13900000.0,8.0,ЮЗАО,50.1,30.4,2,17,1990,False,False,2.62,2,https://www.cian.ru/sale/flat/300559505/,False,277445.1097804391
11800000.0,7.0,СЗАО,43.3,28.7,4,5,1960,False,False,2.7,2,https://www.cian.ru/sale/flat/299268934/,False,272517.3210161663
79000000.0,2.0,САО,80.0,60.2,10,15,2023,False,True,3.1,2,https://www.cian.ru/sale/flat/298616596/,False,987500.0
42000000.0,3.0,ЦАО,80.0,,15,85,2016,False,True,3.0,2,https://www.cian.ru/sale/flat/300599248/,False,525000.0
34900000.0,10.0,ЦАО,48.0,42.0,6,6,2008,False,True,3.0,2,https://www.cian.ru/sale/flat/284041011/,False,727083.3333333334
13950000.0,6.0,ЮВАО,51.1,30.3,2,17,2016,False,False,2.7,2,https://www.cian.ru/sale/flat/300542057/,False,272994.1291585127
66000000.0,6.0,ЦАО,71.8,,30,75,2019,False,True,3.0,2,https://www.cian.ru/sale/flat/299639948/,False,919220.0557103064
17350000.0,12.0,ЮВАО,57.5,31.7,30,30,2021,False,False,2.65,2,https://www.cian.ru/sale/flat/300197601/,False,301739.1304347826
12700000.0,10.0,ВАО,41.0,26.0,6,8,1961,False,False,2.65,2,https://www.cian.ru/sale/flat/300435235/,False,309756.0975609756
28900000.0,5.0,СЗАО,65.6,,12,36,2021,False,False,3.2,2,https://www.cian.ru/sale/flat/298752696/,False,440548.7804878049
135000000.0,11.0,ЦАО,101.61,,8,8,,False,False,,2,https://www.cian.ru/sale/flat/300509142/,False,1328609.3888396812
16000000.0,16.0,ЮАО,47.0,30.0,8,9,1973,False,False,2.64,2,https://www.cian.ru/sale/flat/299862540/,False,340425.5319148936
10800000.0,6.0,ЮАО,38.7,23.7,12,14,1972,False,False,2.64,2,https://www.cian.ru/sale/flat/299190121/,False,279069.76744186046
13500000.0,11.0,ЮВАО,55.0,,5,9,2000,False,False,2.64,2,https://www.cian.ru/sale/flat/298825949/,False,245454.54545454544
15500000.0,5.0,СВАО,52.0,30.3,10,14,1994,False,False,,2,https://www.cian.ru/sale/flat/300576198/,False,298076.92307692306
46900000.0,5.0,Неизвестно,98.6,,7,10,2020,False,True,3.1,2,https://www.cian.ru/sale/flat/288718489/,False,475659.229208925
70000000.0,1.0,ЦАО,105.0,,25,76,2009,False,True,,2,https://www.cian.ru/sale/flat/297672423/,False,666666.6666666666
12150000.0,16.0,ВАО,42.0,27.0,5,8,1960,False,False,2.7,2,https://www.cian.ru/sale/flat/300611842/,False,289285.71428571426
14950000.0,6.0,ЮАО,54.0,,2,18,2021,False,False,2.8,2,https://www.cian.ru/sale/flat/299479879/,False,276851.85185185185
14800000.0,8.0,ЮАО,44.4,,1,5,1966,False,False,2.48,2,https://www.cian.ru/sale/flat/299070039/,False,333333.3333333334
15500000.0,9.0,ВАО,52.7,,6,12,1985,False,False,,2,https://www.cian.ru/sale/flat/298725493/,False,294117.6470588235
31500000.0,8.0,ЗАО,77.5,,7,20,2020,False,False,3.1,2,https://www.cian.ru/sale/flat/297930843/,False,406451.6129032258
11900000.0,18.0,ЮАО,54.0,32.1,10,16,1977,False,False,2.64,2,https://www.cian.ru/sale/flat/300343513/,False,220370.37037037036
70000000.0,7.0,ЦАО,76.1,,5,12,1972,False,False,3.0,2,https://www.cian.ru/sale/flat/297550308/,False,919842.3127463864
18000000.0,15.0,ЮЗАО,45.1,,6,9,1964,False,False,2.64,2,https://www.cian.ru/sale/flat/295970933/,False,399113.0820399113
32000000.0,13.0,ЦАО,43.4,,12,15,2023,False,False,3.1,2,https://www.cian.ru/sale/flat/299020420/,False,737327.1889400922
16900000.0,14.0,САО,56.0,37.0,1,8,1959,False,False,3.2,2,https://www.cian.ru/sale/flat/300071937/,False,301785.71428571426
149000000.0,6.0,ЦАО,123.0,74.0,43,73,,False,True,,2,https://www.cian.ru/sale/flat/294457758/,False,1211382.1138211382
12000000.0,8.0,ЮАО,53.3,,11,17,2000,False,False,2.6,2,https://www.cian.ru/sale/flat/298155397/,False,225140.71294559102
9900000.0,13.0,ЮВАО,37.1,22.4,8,9,1961,False,False,2.65,2,https://www.cian.ru/sale/flat/299542495/,False,266846.3611859838
13700000.0,14.0,ВАО,56.1,,4,7,1997,False,False,2.64,2,https://www.cian.ru/sale/flat/300876198/,False,244206.7736185383
16800000.0,16.0,Неизвестно,52.0,,9,17,2003,False,False,2.74,2,https://www.cian.ru/sale/flat/300893237/,False,323076.92307692306
31900000.0,11.0,ЗАО,54.0,30.0,5,10,1941,False,False,3.2,2,https://www.cian.ru/sale/flat/300635638/,False,590740.7407407408
22000000.0,5.0,ЦАО,40.0,,1,9,1966,False,False,,2,https://www.cian.ru/sale/flat/299790819/,False,550000.0
42000000.0,11.0,САО,82.6,,2,7,2018,False,True,,2,https://www.cian.ru/sale/flat/298256924/,False,508474.57627118647
18100000.0,8.0,ЮАО,49.4,,15,22,1988,False,False,,2,https://www.cian.ru/sale/flat/300615971/,False,366396.7611336032
26500000.0,2.0,СВАО,70.0,36.6,2,16,2021,False,False,2.8,2,https://www.cian.ru/sale/flat/299478156/,False,378571.4285714286
30798000.0,9.0,ЗАО,48.0,16.0,4,27,2022,False,False,3.1,2,https://www.cian.ru/sale/flat/298759023/,False,641625.0
230000000.0,2.0,ЦАО,148.5,,3,9,2023,False,True,3.5,2,https://www.cian.ru/sale/flat/291004202/,False,1548821.548821549
20300000.0,8.0,ЮВАО,60.1,,8,20,2019,False,False,2.9,2,https://www.cian.ru/sale/flat/298820904/,False,337770.3826955075
29440000.0,2.0,САО,47.0,28.0,3,8,2023,False,True,3.2,2,https://www.cian.ru/sale/flat/300662420/,False,626382.9787234042
19900000.0,20.0,СЗАО,45.0,,16,20,2023,False,False,,2,https://www.cian.ru/sale/flat/299985394/,False,442222.22222222225
15300000.0,3.0,СЗАО,34.0,22.0,3,9,1972,False,False,2.64,2,https://www.cian.ru/sale/flat/300109245/,False,450000.0
30000000.0,1.0,САО,57.0,27.0,15,59,2021,False,False,2.9,2,https://www.cian.ru/sale/flat/299061868/,False,526315.7894736842
12600000.0,18.0,САО,44.8,29.9,3,9,1967,False,False,2.64,2,https://www.cian.ru/sale/flat/298906413/,False,281250.0
16490000.0,10.0,СВАО,42.3,,5,9,1970,False,False,2.64,2,https://www.cian.ru/sale/flat/300666704/,False,389834.5153664303
20500000.0,10.0,САО,55.0,40.0,6,12,1979,False,False,,2,https://www.cian.ru/sale/flat/300497889/,False,372727.2727272727
21319625.0,2.0,СЗАО,59.58,32.4,4,11,2012,False,True,3.0,2,https://www.cian.ru/sale/flat/296477468/,False,357831.906680094
27500000.0,7.0,ЗАО,72.0,36.0,7,25,,False,False,2.9,2,https://www.cian.ru/sale/flat/299068349/,False,381944.44444444444
23900000.0,4.0,СЗАО,54.0,12.0,16,30,2015,False,False,,2,https://www.cian.ru/sale/flat/297814123/,False,442592.5925925926
35999999.0,11.0,ЦАО,69.1,38.4,5,11,1961,False,False,3.1,2,https://www.cian.ru/sale/flat/299060776/,False,520984.06657018815
11500000.0,12.0,САО,37.7,,8,9,,False,False,,2,https://www.cian.ru/sale/flat/299560653/,False,305039.7877984085
44990000.0,16.0,ЗАО,86.7,,3,26,2000,False,False,3.1,2,https://www.cian.ru/sale/flat/300814017/,False,518915.80161476356
30500000.0,8.0,СЗАО,67.0,26.4,22,26,2023,False,False,3.0,2,https://www.cian.ru/sale/flat/300111482/,False,455223.8805970149
68080000.0,4.0,ЗАО,59.2,,6,12,2020,False,False,3.2,2,https://www.cian.ru/sale/flat/287686259/,False,1150000.0
18250000.0,6.0,СЗАО,50.3,,7,16,1987,False,False,,2,https://www.cian.ru/sale/flat/300504155/,False,362823.0616302187
19250000.0,8.0,САО,54.0,32.1,6,17,2007,False,False,,2,https://www.cian.ru/sale/flat/299235333/,False,356481.48148148146
23000000.0,7.0,ЦАО,39.5,,2,4,1917,False,False,3.3,2,https://www.cian.ru/sale/flat/300263028/,False,582278.4810126582
9700000.0,10.0,ЗАО,37.2,25.2,4,9,1974,False,False,,2,https://www.cian.ru/sale/flat/298558706/,False,260752.68817204298
38000000.0,13.0,САО,64.0,20.0,3,20,2020,False,False,3.1,2,https://www.cian.ru/sale/flat/292414471/,False,593750.0
12450000.0,12.0,ЮАО,48.0,32.0,5,9,1969,False,False,2.64,2,https://www.cian.ru/sale/flat/300734116/,False,259375.0
14790000.0,12.0,ЮАО,44.7,30.4,5,8,1961,False,False,2.64,2,https://www.cian.ru/sale/flat/296801651/,False,330872.4832214765
19990000.0,3.0,СВАО,62.0,33.0,3,7,1957,False,False,3.2,2,https://www.cian.ru/sale/flat/299899135/,False,322419.3548387097
15500000.0,6.0,ВАО,52.0,30.0,8,12,1986,False,False,,2,https://www.cian.ru/sale/flat/300659824/,False,298076.92307692306
30600000.0,17.0,ЗАО,71.0,48.6,4,25,2021,False,False,3.1,2,https://www.cian.ru/sale/flat/298749234/,False,430985.91549295775
188240000.0,4.0,ЦАО,89.3,,2,8,,False,False,3.45,2,https://www.cian.ru/sale/flat/295731374/,False,2107950.7278835387
22900000.0,10.0,СЗАО,49.0,27.0,8,9,2015,False,True,,2,https://www.cian.ru/sale/flat/298734242/,False,467346.9387755102
17350000.0,11.0,САО,52.0,30.0,2,18,2016,False,False,2.8,2,https://www.cian.ru/sale/flat/300568783/,False,333653.8461538461
9700000.0,9.0,ВАО,44.8,32.8,1,5,,False,False,,2,https://www.cian.ru/sale/flat/298618899/,False,216517.85714285716
11200000.0,13.0,ЗАО,47.8,31.5,4,14,1978,False,False,,2,https://www.cian.ru/sale/flat/299989334/,False,234309.62343096235
24990000.0,7.0,ЮВАО,64.5,32.2,5,17,,False,False,,2,https://www.cian.ru/sale/flat/300791839/,False,387441.8604651163
55000000.0,3.0,ЗАО,87.0,66.7,20,21,2014,False,False,3.0,2,https://www.cian.ru/sale/flat/299846528/,False,632183.908045977
20999999.0,8.0,ЗАО,40.0,20.0,10,43,2022,False,False,3.1,2,https://www.cian.ru/sale/flat/298161192/,False,524999.975
14990000.0,16.0,ВАО,54.0,36.0,7,12,1987,False,False,,2,https://www.cian.ru/sale/flat/298803552/,False,277592.5925925926
51500000.0,,САО,78.0,,4,15,2018,False,True,3.0,2,https://www.cian.ru/sale/flat/293548696/,False,660256.4102564103
32500000.0,18.0,ЗАО,51.1,,14,26,2021,False,False,3.0,2,https://www.cian.ru/sale/flat/296828562/,False,636007.8277886497
16300000.0,7.0,ЮЗАО,60.3,,2,5,1959,False,False,3.0,2,https://www.cian.ru/sale/flat/299137308/,False,270315.0912106136
104900000.0,6.0,ЦАО,78.0,,7,12,,False,False,,2,https://www.cian.ru/sale/flat/300509295/,False,1344871.7948717948
8800000.0,9.0,САО,37.1,,1,9,1965,False,False,2.64,2,https://www.cian.ru/sale/flat/300811968/,False,237196.76549865227
119000000.0,10.0,ЦАО,113.91,,11,12,,False,False,,2,https://www.cian.ru/sale/flat/300650832/,False,1044684.3999648846
310200000.0,9.0,ЦАО,137.0,58.0,4,6,2018,False,True,3.2,2,https://www.cian.ru/sale/flat/300568713/,False,2264233.576642336
12300000.0,3.0,ВАО,45.7,29.3,3,9,1964,False,False,2.64,2,https://www.cian.ru/sale/flat/299457040/,False,269146.60831509845
95000000.0,,ЦАО,77.0,,3,18,2019,False,False,3.65,2,https://www.cian.ru/sale/flat/298474189/,False,1233766.2337662338
12600000.0,11.0,ВАО,38.0,,3,9,1966,False,False,2.65,2,https://www.cian.ru/sale/flat/299469295/,False,331578.94736842107
22500000.0,2.0,ЮАО,38.0,20.0,17,24,,False,True,2.7,2,https://www.cian.ru/sale/flat/300344494/,False,592105.2631578947
16490000.0,4.0,Неизвестно,39.0,,6,9,1962,False,False,,2,https://www.cian.ru/sale/flat/300796455/,False,422820.5128205128
29000000.0,14.0,ЗАО,60.0,30.0,13,21,2016,False,True,3.0,2,https://www.cian.ru/sale/flat/298067858/,False,483333.3333333333
45000000.0,5.0,ЦАО,75.0,55.0,58,78,2020,False,True,3.9,2,https://www.cian.ru/sale/flat/299778855/,False,600000.0
10300000.0,10.0,САО,44.4,27.9,1,9,1968,False,False,2.64,2,https://www.cian.ru/sale/flat/300633462/,False,231981.98198198198
14900000.0,8.0,СВАО,40.0,,5,9,1966,False,False,2.64,2,https://www.cian.ru/sale/flat/299659010/,False,372500.0
35500000.0,25.0,СЗАО,66.0,,22,24,2012,False,False,,2,https://www.cian.ru/sale/flat/288162001/,False,537878.7878787878
33000000.0,17.0,ЦАО,78.0,,7,7,2021,False,True,3.5,2,https://www.cian.ru/sale/flat/300234401/,False,423076.92307692306
113000000.0,11.0,ЦАО,100.0,56.5,8,14,,False,False,,2,https://www.cian.ru/sale/flat/300509285/,False,1130000.0
29300000.0,,СЗАО,65.3,,23,41,2024,False,False,3.2,2,https://www.cian.ru/sale/flat/299936962/,False,448698.31546707504
32500000.0,6.0,ЦАО,63.2,35.9,3,5,1924,False,False,3.0,2,https://www.cian.ru/sale/flat/299987374/,False,514240.5063291139
26000000.0,20.0,ЮАО,40.0,25.5,14,46,2023,False,False,,2,https://www.cian.ru/sale/flat/300575899/,False,650000.0
15990000.0,6.0,САО,47.0,,11,33,,False,False,,2,https://www.cian.ru/sale/flat/300221936/,False,340212.7659574468
11990000.0,13.0,САО,41.0,26.0,1,5,,False,False,,2,https://www.cian.ru/sale/flat/298157794/,False,292439.0243902439
125730000.0,14.0,ЦАО,97.25,,9,15,,False,False,,2,https://www.cian.ru/sale/flat/300509441/,False,1292853.470437018
11400000.0,10.0,ЮВАО,43.0,30.0,2,9,1970,False,False,2.7,2,https://www.cian.ru/sale/flat/298709399/,False,265116.27906976745
149980000.0,1.0,ЦАО,103.0,,2,5,1917,False,True,3.4,2,https://www.cian.ru/sale/flat/300006052/,False,1456116.504854369
28800000.0,5.0,СЗАО,56.4,28.7,6,19,2022,False,False,3.1,2,https://www.cian.ru/sale/flat/280701152/,False,510638.2978723404
29900000.0,8.0,ЗАО,56.0,,5,10,1941,False,False,3.2,2,https://www.cian.ru/sale/flat/299903271/,False,533928.5714285715
46500000.0,11.0,СЗАО,70.0,35.0,3,24,,False,False,,2,https://www.cian.ru/sale/flat/300610100/,False,664285.7142857143
24000000.0,3.0,САО,50.5,25.5,4,5,1930,False,False,3.52,2,https://www.cian.ru/sale/flat/299842687/,False,475247.52475247526
11950000.0,20.0,ЗАО,41.0,27.9,3,5,,False,False,2.5,2,https://www.cian.ru/sale/flat/296776601/,False,291463.4146341463
13000000.0,4.0,СВАО,45.0,30.0,4,5,1964,False,False,2.64,2,https://www.cian.ru/sale/flat/295420102/,False,288888.8888888889
16700000.0,18.0,ЗАО,65.4,,8,16,1971,False,False,2.7,2,https://www.cian.ru/sale/flat/299110671/,False,255351.68195718652
35000000.0,9.0,ЗАО,66.0,29.0,3,8,1946,False,False,3.2,2,https://www.cian.ru/sale/flat/300754226/,False,530303.0303030303
83800800.0,2.0,ЦАО,82.4,26.3,5,8,2022,False,True,3.0,2,https://www.cian.ru/sale/flat/293459376/,False,1016999.9999999999
70555650.0,6.0,ЦАО,78.1,,5,6,,False,False,,2,https://www.cian.ru/sale/flat/286514413/,False,903401.4084507043
11100000.0,17.0,САО,47.0,30.2,8,9,,False,False,,2,https://www.cian.ru/sale/flat/300661792/,False,236170.21276595743
149000000.0,6.0,ЦАО,123.0,,43,77,,False,True,,2,https://www.cian.ru/sale/flat/287787147/,False,1211382.1138211382
12450000.0,12.0,ЮАО,48.0,34.0,5,9,1969,False,False,2.64,2,https://www.cian.ru/sale/flat/300022483/,False,259375.0
19800000.0,8.0,САО,61.0,36.0,17,22,2023,False,False,2.93,2,https://www.cian.ru/sale/flat/296923306/,False,324590.1639344262
10900000.0,15.0,ЮВАО,44.6,,1,5,1960,False,False,2.64,2,https://www.cian.ru/sale/flat/300441470/,False,244394.6188340807
30490000.0,8.0,ЗАО,54.7,,5,8,1958,False,False,3.0,2,https://www.cian.ru/sale/flat/296321957/,False,557404.0219378427
26400000.0,8.0,ЗАО,50.0,15.0,11,20,,False,False,2.85,2,https://www.cian.ru/sale/flat/286012661/,False,528000.0
58000000.0,6.0,ЦАО,73.0,,5,8,,False,False,3.4,2,https://www.cian.ru/sale/flat/300005835/,False,794520.5479452055
11090000.0,5.0,СВАО,43.0,27.8,2,5,1967,False,False,2.6,2,https://www.cian.ru/sale/flat/300701493/,False,257906.97674418605
13990000.0,5.0,ВАО,56.1,34.1,5,5,1958,False,False,2.65,2,https://www.cian.ru/sale/flat/291017581/,False,249376.11408199643
30000000.0,9.0,ЦАО,56.1,,8,16,2015,False,False,2.8,2,https://www.cian.ru/sale/flat/299925097/,False,534759.3582887701
29950000.0,2.0,ЗАО,54.1,45.7,7,11,1959,False,False,2.87,2,https://www.cian.ru/sale/flat/294345287/,False,553604.4362292051
15000000.0,5.0,ЗАО,40.8,28.8,8,14,1974,False,False,,2,https://www.cian.ru/sale/flat/300099334/,False,367647.05882352946
37000000.0,8.0,СЗАО,68.2,,25,33,,False,False,,2,https://www.cian.ru/sale/flat/298615837/,False,542521.9941348974
29950000.0,9.0,САО,54.0,23.2,9,30,2020,False,False,2.8,2,https://www.cian.ru/sale/flat/298979328/,False,554629.6296296297
17950000.0,15.0,СВАО,59.9,33.9,14,14,2003,False,False,2.74,2,https://www.cian.ru/sale/flat/295278167/,False,299666.1101836394
18700000.0,,САО,44.7,,3,22,2023,False,True,,2,https://www.cian.ru/sale/flat/299982265/,False,418344.5190156599
26500000.0,9.0,ЦАО,50.0,33.0,7,15,,False,True,3.05,2,https://www.cian.ru/sale/flat/299284690/,False,530000.0
11000000.0,19.0,ЮЗАО,55.15,28.7,6,16,,False,False,,2,https://www.cian.ru/sale/flat/299477612/,False,199456.02901178604
47500000.0,6.0,ЦАО,52.0,29.7,2,6,1978,False,False,,2,https://www.cian.ru/sale/flat/300731423/,False,913461.5384615385
26900000.0,16.0,ЗАО,70.0,,3,21,2015,False,True,2.85,2,https://www.cian.ru/sale/flat/297704867/,False,384285.71428571426
9550000.0,16.0,ВАО,41.0,,1,5,1974,False,False,,2,https://www.cian.ru/sale/flat/298462549/,False,232926.82926829267
31850000.0,15.0,ЗАО,58.0,36.0,7,25,2017,False,True,3.0,2,https://www.cian.ru/sale/flat/300840991/,False,549137.9310344828
20500000.0,3.0,ЮЗАО,54.5,32.6,5,8,,False,False,,2,https://www.cian.ru/sale/flat/298487950/,False,376146.7889908257
20490000.0,13.0,ЗАО,59.0,,11,17,1988,False,False,2.8,2,https://www.cian.ru/sale/flat/299121498/,False,347288.13559322036
41750000.0,8.0,ЗАО,75.9,,10,36,2022,False,False,3.1,2,https://www.cian.ru/sale/flat/300111253/,False,550065.8761528326
27345000.0,14.0,ЮВАО,63.0,30.0,8,30,,False,False,2.8,2,https://www.cian.ru/sale/flat/299459113/,False,434047.61904761905
14300000.0,15.0,СВАО,36.0,18.0,2,9,1964,False,False,,2,https://www.cian.ru/sale/flat/300840758/,False,397222.22222222225
35700000.0,10.0,СВАО,69.0,47.4,8,27,2022,False,False,2.9,2,https://www.cian.ru/sale/flat/300429608/,False,517391.3043478261
104900000.0,7.0,ЦАО,77.2,,7,12,,False,False,,2,https://www.cian.ru/sale/flat/281705865/,False,1358808.2901554403
28990000.0,9.0,ЦАО,49.8,27.1,6,22,2024,False,False,3.25,2,https://www.cian.ru/sale/flat/297677928/,False,582128.514056225
13999999.0,4.0,ВАО,48.0,24.0,20,22,2022,False,False,2.7,2,https://www.cian.ru/sale/flat/298922909/,False,291666.6458333333
63000000.0,7.0,ЦАО,53.31,,10,21,,False,False,,2,https://www.cian.ru/sale/flat/300650870/,False,1181767.0230725943
16999000.0,4.0,ЮВАО,54.3,32.1,12,17,2004,False,False,2.7,2,https://www.cian.ru/sale/flat/300243577/,False,313057.0902394107
24700000.0,3.0,ЗАО,71.0,35.3,5,16,2015,False,True,3.0,2,https://www.cian.ru/sale/flat/297469165/,False,347887.323943662
36000000.0,7.0,ЗАО,62.5,,30,37,2021,False,False,,2,https://www.cian.ru/sale/flat/297912278/,False,576000.0
59000000.0,6.0,ЦАО,62.0,40.0,12,78,2020,False,True,3.9,2,https://www.cian.ru/sale/flat/300479741/,False,951612.9032258064
19900000.0,20.0,СЗАО,45.0,,8,20,2023,False,False,2.8,2,https://www.cian.ru/sale/flat/299967084/,False,442222.22222222225
10600000.0,,ВАО,38.1,24.9,8,12,1969,False,False,2.7,2,https://www.cian.ru/sale/flat/300020395/,False,278215.22309711284
19990000.0,3.0,САО,64.3,,3,6,1940,False,False,,2,https://www.cian.ru/sale/flat/300707176/,False,310886.4696734059
24999000.0,5.0,ЗАО,44.0,23.0,8,14,,False,False,,2,https://www.cian.ru/sale/flat/296263461/,False,568159.0909090909
130000000.0,12.0,ЦАО,94.0,60.0,6,8,,False,False,3.2,2,https://www.cian.ru/sale/flat/286943716/,False,1382978.7234042552
25500000.0,7.0,САО,42.0,26.0,8,9,1962,False,False,3.0,2,https://www.cian.ru/sale/flat/300719607/,False,607142.8571428572
46490000.0,13.0,САО,75.0,41.0,4,41,,False,False,,2,https://www.cian.ru/sale/flat/295896670/,False,619866.6666666666
24900000.0,13.0,ЦАО,40.1,25.1,2,3,,False,True,4.7,2,https://www.cian.ru/sale/flat/299507088/,False,620947.6309226933
19990000.0,4.0,СЗАО,58.5,32.9,17,17,,False,False,,2,https://www.cian.ru/sale/flat/296029218/,False,341709.4017094017
67200000.0,3.0,ЦАО,96.0,,16,78,2020,False,True,3.9,2,https://www.cian.ru/sale/flat/293129658/,False,700000.0
9700000.0,20.0,ВАО,38.2,,10,12,1965,False,False,2.6,2,https://www.cian.ru/sale/flat/300054601/,False,253926.7015706806
18950000.0,5.0,САО,64.1,,3,17,2015,False,False,2.75,2,https://www.cian.ru/sale/flat/299389260/,False,295631.82527301094
70000000.0,2.0,ЦАО,67.0,,32,65,,False,True,,2,https://www.cian.ru/sale/flat/299058486/,False,1044776.1194029851
52000000.0,9.0,ЦАО,51.0,,3,21,,False,False,,2,https://www.cian.ru/sale/flat/297459147/,False,1019607.8431372549
31800000.0,11.0,ЗАО,46.0,,3,26,2021,False,False,3.1,2,https://www.cian.ru/sale/flat/282641368/,False,691304.3478260869
15600000.0,19.0,САО,56.1,,2,16,2021,False,False,2.63,2,https://www.cian.ru/sale/flat/298485263/,False,278074.86631016043
20500000.0,6.0,ЗАО,68.5,37.5,18,24,2018,False,False,2.65,2,https://www.cian.ru/sale/flat/298502665/,False,299270.07299270073
68070000.0,4.0,ЗАО,60.0,45.0,6,12,2020,False,False,3.5,2,https://www.cian.ru/sale/flat/300421786/,False,1134500.0
26500000.0,12.0,ЮАО,59.1,,5,6,1934,False,False,2.8,2,https://www.cian.ru/sale/flat/293741013/,False,448392.55499153974
12700000.0,3.0,ВАО,47.0,31.0,3,12,1968,False,False,2.6,2,https://www.cian.ru/sale/flat/297126552/,False,270212.7659574468
17950000.0,6.0,ЮАО,56.6,,15,21,2011,False,False,,2,https://www.cian.ru/sale/flat/295462972/,False,317137.80918727914
13900000.0,14.0,СВАО,47.8,,17,21,2021,False,True,2.8,2,https://www.cian.ru/sale/flat/300499639/,False,290794.9790794979
31000000.0,10.0,ЮЗАО,43.0,,3,22,2020,False,False,,2,https://www.cian.ru/sale/flat/281277308/,False,720930.2325581395
23980000.0,10.0,СЗАО,43.0,16.0,13,26,2022,False,False,3.0,2,https://www.cian.ru/sale/flat/300305357/,False,557674.4186046511
83000000.0,4.0,ЗАО,66.0,,3,12,2019,False,False,3.0,2,https://www.cian.ru/sale/flat/293596614/,False,1257575.7575757576
12980000.0,19.0,ЗАО,46.9,30.9,2,14,1974,False,False,,2,https://www.cian.ru/sale/flat/298991084/,False,276759.0618336887
39500000.0,18.0,ЮАО,65.6,,14,40,2023,False,False,3.1,2,https://www.cian.ru/sale/flat/300780912/,False,602134.1463414634
9699999.0,8.0,ВАО,44.0,,8,9,1972,False,False,2.64,2,https://www.cian.ru/sale/flat/296470480/,False,220454.52272727274
13100000.0,13.0,ЗАО,53.2,,4,17,1986,False,False,2.65,2,https://www.cian.ru/sale/flat/297247458/,False,246240.6015037594
34500000.0,6.0,ЗАО,57.0,30.0,6,8,,False,False,3.0,2,https://www.cian.ru/sale/flat/300661833/,False,605263.1578947369
24990000.0,6.0,ВАО,60.0,,5,9,2021,False,False,3.0,2,https://www.cian.ru/sale/flat/297941141/,False,416500.0
37800000.0,8.0,ЗАО,64.0,30.0,20,39,2022,False,False,,2,https://www.cian.ru/sale/flat/300015723/,False,590625.0
52000000.0,7.0,ЦАО,51.0,,3,21,,False,False,,2,https://www.cian.ru/sale/flat/300650875/,False,1019607.8431372549
37500000.0,14.0,СЗАО,68.0,30.0,2,24,2022,False,False,,2,https://www.cian.ru/sale/flat/292008027/,False,551470.5882352941
41900000.0,8.0,ЗАО,71.0,32.0,9,39,2021,False,False,3.1,2,https://www.cian.ru/sale/flat/300858774/,False,590140.8450704225
48000000.0,3.0,ЗАО,67.0,50.0,7,14,1955,False,False,,2,https://www.cian.ru/sale/flat/300539733/,False,716417.9104477612
103000000.0,11.0,ЦАО,99.71,44.2,9,14,,False,False,,2,https://www.cian.ru/sale/flat/300509297/,False,1032995.6874937318
28000000.0,7.0,ЦАО,45.0,15.0,6,10,2019,False,False,3.0,2,https://www.cian.ru/sale/flat/296904237/,False,622222.2222222222
57990000.0,10.0,ЦАО,73.0,40.0,8,16,2012,False,False,3.0,2,https://www.cian.ru/sale/flat/300393539/,False,794383.5616438356
27500000.0,17.0,САО,72.0,40.0,3,27,,False,False,,2,https://www.cian.ru/sale/flat/293847148/,False,381944.44444444444
10900000.0,6.0,ЮАО,63.25,33.9,2,22,,False,False,,2,https://www.cian.ru/sale/flat/300683447/,False,172332.01581027667
32450000.0,6.0,ЗАО,56.1,30.6,17,20,2021,False,False,3.0,2,https://www.cian.ru/sale/flat/299865767/,False,578431.3725490196
40000000.0,5.0,ЦАО,55.7,,8,9,1954,False,False,,2,https://www.cian.ru/sale/flat/300652339/,False,718132.8545780969
16900000.0,12.0,ВАО,58.5,,2,23,2023,False,False,,2,https://www.cian.ru/sale/flat/300697220/,False,288888.8888888889
11200000.0,12.0,САО,45.0,32.0,5,9,1965,False,False,2.65,2,https://www.cian.ru/sale/flat/300427206/,False,248888.88888888888
3600000.0,10.0,САО,45.0,30.0,1,5,1961,False,False,2.64,2,https://www.cian.ru/sale/flat/300530388/,False,80000.0
10100000.0,8.0,ЮВАО,38.0,28.0,1,9,1967,False,False,2.64,2,https://www.cian.ru/sale/flat/299078839/,False,265789.4736842105
11500000.0,7.0,ВАО,38.3,23.9,10,14,1970,False,False,2.64,2,https://www.cian.ru/sale/flat/294696192/,False,300261.09660574415
16700000.0,17.0,ЮВАО,64.0,33.8,11,17,2020,False,False,2.7,2,https://www.cian.ru/sale/flat/299076373/,False,260937.5
12000000.0,18.0,САО,44.6,,4,5,,False,False,,2,https://www.cian.ru/sale/flat/299342188/,False,269058.29596412554
31000000.0,16.0,СЗАО,67.1,,11,43,,False,False,,2,https://www.cian.ru/sale/flat/293909175/,False,461997.0193740686
63250000.0,17.0,ЗАО,68.2,,17,34,2024,False,True,3.1,2,https://www.cian.ru/sale/flat/300028754/,False,927419.3548387097
15400000.0,5.0,СВАО,56.3,,10,22,2009,False,False,2.8,2,https://www.cian.ru/sale/flat/299280221/,False,273534.63587921846
11300000.0,7.0,ЮАО,50.4,28.1,7,16,1984,False,False,2.48,2,https://www.cian.ru/sale/flat/300616262/,False,224206.3492063492
88000000.0,8.0,ЦАО,70.0,40.0,6,10,,False,False,,2,https://www.cian.ru/sale/flat/298529365/,False,1257142.857142857
19700000.0,10.0,САО,50.5,15.9,27,44,,False,False,,2,https://www.cian.ru/sale/flat/296741786/,False,390099.0099009901
12500000.0,16.0,ЮАО,51.3,,5,12,1976,False,False,2.48,2,https://www.cian.ru/sale/flat/298456361/,False,243664.7173489279
40000000.0,8.0,Неизвестно,67.0,35.0,2,14,1939,False,False,3.2,2,https://www.cian.ru/sale/flat/296439826/,False,597014.9253731343
11999999.0,16.0,ВАО,44.4,28.8,5,9,1970,False,False,,2,https://www.cian.ru/sale/flat/298227898/,False,270270.24774774775
11500000.0,3.0,ВАО,45.2,29.5,7,9,1974,False,False,,2,https://www.cian.ru/sale/flat/298054480/,False,254424.77876106193
18450000.0,13.0,СВАО,55.9,,5,17,,False,False,,2,https://www.cian.ru/sale/flat/300052374/,False,330053.6672629696
20899000.0,6.0,САО,58.0,47.2,32,33,2024,False,False,2.8,2,https://www.cian.ru/sale/flat/300522255/,False,360327.5862068966
24450000.0,12.0,СЗАО,47.5,,14,23,,False,True,,2,https://www.cian.ru/sale/flat/299300790/,False,514736.84210526315
20500000.0,16.0,ЗАО,41.2,16.2,10,17,,False,False,,2,https://www.cian.ru/sale/flat/299166849/,False,497572.81553398055
29499000.0,9.0,ЗАО,54.9,38.9,18,24,2021,False,False,2.95,2,https://www.cian.ru/sale/flat/300734084/,False,537322.4043715848
12300000.0,12.0,ЮЗАО,37.9,,5,9,1962,False,False,2.64,2,https://www.cian.ru/sale/flat/290978067/,False,324538.2585751979
17690000.0,6.0,ЮАО,55.0,,15,16,1981,False,False,2.64,2,https://www.cian.ru/sale/flat/300346058/,False,321636.36363636365
37250000.0,8.0,САО,50.0,30.0,6,27,2018,False,False,3.2,2,https://www.cian.ru/sale/flat/299203624/,False,745000.0
130000000.0,6.0,ЦАО,99.61,,10,14,,False,False,,2,https://www.cian.ru/sale/flat/300509288/,False,1305089.850416625
11820000.0,16.0,ЮВАО,50.7,29.7,4,12,1980,False,False,2.64,2,https://www.cian.ru/sale/flat/292767565/,False,233136.0946745562
22000000.0,7.0,ВАО,52.2,,10,23,2022,False,False,3.0,2,https://www.cian.ru/sale/flat/298804856/,False,421455.93869731796
39000000.0,13.0,ЗАО,65.0,43.0,4,11,,False,False,,2,https://www.cian.ru/sale/flat/300526496/,False,600000.0
29950000.0,7.0,ЗАО,75.0,,20,25,2017,False,False,2.9,2,https://www.cian.ru/sale/flat/299971362/,False,399333.3333333333
19000000.0,3.0,ЮАО,53.3,,4,8,1960,False,False,2.7,2,https://www.cian.ru/sale/flat/300428385/,False,356472.7954971858
14100000.0,5.0,ВАО,53.0,32.5,9,10,,False,False,,2,https://www.cian.ru/sale/flat/300313132/,False,266037.7358490566
25900000.0,4.0,СЗАО,55.0,30.0,4,22,2021,False,False,3.0,2,https://www.cian.ru/sale/flat/298802938/,False,470909.0909090909
75000000.0,16.0,САО,94.0,,4,10,,False,True,,2,https://www.cian.ru/sale/flat/261659981/,False,797872.340425532
32500000.0,1.0,САО,90.0,65.0,2,15,2016,False,True,3.0,2,https://www.cian.ru/sale/flat/298943338/,False,361111.1111111111
58000000.0,11.0,ЦАО,73.0,,8,14,2013,False,False,3.0,2,https://www.cian.ru/sale/flat/290497931/,False,794520.5479452055
11600000.0,16.0,ЗАО,45.0,26.0,2,12,1972,False,False,2.64,2,https://www.cian.ru/sale/flat/300843447/,False,257777.77777777778
18300000.0,12.0,ЮАО,59.0,30.0,2,19,2015,False,False,,2,https://www.cian.ru/sale/flat/284528253/,False,310169.4915254237
28300000.0,14.0,ЮАО,55.0,28.0,5,14,2022,False,False,3.1,2,https://www.cian.ru/sale/flat/300545062/,False,514545.45454545453
17300000.0,5.0,ВАО,58.0,35.0,5,18,2018,False,False,3.0,2,https://www.cian.ru/sale/flat/300051915/,False,298275.8620689655
10700000.0,5.0,ВАО,45.2,,4,9,1973,False,False,2.64,2,https://www.cian.ru/sale/flat/300754754/,False,236725.66371681413
10700000.0,18.0,ВАО,38.0,22.1,4,9,,False,False,,2,https://www.cian.ru/sale/flat/299733311/,False,281578.94736842107
13000000.0,8.0,СЗАО,55.0,32.6,1,14,1997,False,False,2.7,2,https://www.cian.ru/sale/flat/300708579/,False,236363.63636363635
14990000.0,14.0,ЮЗАО,40.0,23.3,9,12,1969,False,False,2.6,2,https://www.cian.ru/sale/flat/300774268/,False,374750.0
59500000.0,17.0,САО,81.7,53.1,3,40,,False,False,,2,https://www.cian.ru/sale/flat/298562397/,False,728274.1738066095
22790000.0,14.0,ЗАО,40.0,28.0,18,27,2022,False,False,3.0,2,https://www.cian.ru/sale/flat/297554191/,False,569750.0
11999000.0,9.0,ЮВАО,55.2,32.7,7,19,2010,False,False,2.78,2,https://www.cian.ru/sale/flat/297796650/,False,217373.1884057971
73000000.0,2.0,ЦАО,106.0,,25,75,2010,False,True,3.0,2,https://www.cian.ru/sale/flat/298073163/,False,688679.2452830189
6200000.0,5.0,СВАО,51.9,30.5,13,14,1992,False,False,2.64,2,https://www.cian.ru/sale/flat/300366380/,False,119460.50096339114
357000000.0,,ЦАО,179.0,120.0,6,16,2021,False,False,3.85,2,https://www.cian.ru/sale/flat/300613267/,False,1994413.407821229
68000000.0,4.0,ЦАО,92.0,82.0,31,85,2015,False,True,3.2,2,https://www.cian.ru/sale/flat/300820868/,False,739130.4347826086
24500000.0,12.0,ВАО,60.0,40.0,5,20,2024,False,False,3.0,2,https://www.cian.ru/sale/flat/298341798/,False,408333.3333333333
16300000.0,8.0,ЮЗАО,45.3,30.5,4,9,1973,False,False,2.65,2,https://www.cian.ru/sale/flat/300274491/,False,359823.39955849893
24800000.0,10.0,САО,63.2,35.3,8,16,1973,False,False,2.8,2,https://www.cian.ru/sale/flat/300218637/,False,392405.0632911392
44000000.0,12.0,ЮАО,94.2,,2,41,,False,False,3.0,2,https://www.cian.ru/sale/flat/293675485/,False,467091.2951167728
61200000.0,7.0,ЦАО,53.31,,10,21,,False,False,,2,https://www.cian.ru/sale/flat/300508737/,False,1148002.2509848059
18500000.0,12.0,СВАО,53.1,31.5,16,17,2004,False,False,2.55,2,https://www.cian.ru/sale/flat/300733343/,False,348399.2467043314
169783560.0,8.0,ЗАО,123.0,,2,6,2005,False,False,3.2,2,https://www.cian.ru/sale/flat/243609636/,False,1380354.1463414633
99900000.0,13.0,ЦАО,70.0,,12,33,1953,False,False,3.2,2,https://www.cian.ru/sale/flat/297813183/,False,1427142.857142857
12460000.0,,ЮЗАО,47.4,,29,31,,False,False,2.7,2,https://www.cian.ru/sale/flat/299173725/,False,262869.1983122363
17900000.0,13.0,САО,56.5,,7,17,1970,False,False,2.7,2,https://www.cian.ru/sale/flat/295832537/,False,316814.1592920354
19300000.0,8.0,ВАО,57.0,36.0,3,6,1927,False,False,3.2,2,https://www.cian.ru/sale/flat/300654584/,False,338596.49122807017
24200000.0,8.0,Неизвестно,56.0,32.0,2,7,1959,False,False,3.0,2,https://www.cian.ru/sale/flat/299726165/,False,432142.85714285716
17900000.0,4.0,ЮАО,59.0,,4,7,1957,False,False,3.0,2,https://www.cian.ru/sale/flat/300601422/,False,303389.83050847455
59000000.0,6.0,ЦАО,61.0,29.0,12,79,2019,False,True,,2,https://www.cian.ru/sale/flat/298308357/,False,967213.1147540984
28162946.0,17.0,САО,52.6,36.2,22,27,2022,False,False,3.1,2,https://www.cian.ru/sale/flat/296976502/,False,535417.2243346007
20500000.0,19.0,САО,59.6,,4,17,2011,False,False,2.74,2,https://www.cian.ru/sale/flat/300791931/,False,343959.73154362413
13700000.0,6.0,ЮЗАО,49.9,,12,12,,False,False,,2,https://www.cian.ru/sale/flat/292391101/,False,274549.0981963928
12199000.0,9.0,ЗАО,56.0,32.1,2,14,1988,False,False,2.64,2,https://www.cian.ru/sale/flat/300605149/,False,217839.2857142857
38000000.0,7.0,ЦАО,75.0,,2,6,2012,False,True,2.9,2,https://www.cian.ru/sale/flat/297997064/,False,506666.6666666667
16000000.0,15.0,ЮАО,54.5,32.2,10,17,1988,False,False,2.64,2,https://www.cian.ru/sale/flat/300574973/,False,293577.9816513761
40999999.0,,САО,102.9,,19,25,,False,False,,2,https://www.cian.ru/sale/flat/299143787/,False,398445.0826044703
55000000.0,5.0,ЗАО,69.0,30.0,11,14,2021,False,False,,2,https://www.cian.ru/sale/flat/298199191/,False,797101.4492753623
38500000.0,11.0,СВАО,75.5,33.5,8,19,2022,False,False,3.25,2,https://www.cian.ru/sale/flat/300561404/,False,509933.77483443706
30349000.0,2.0,САО,97.9,42.2,14,40,2010,False,False,3.0,2,https://www.cian.ru/sale/flat/294162444/,False,310000.0
179000000.0,11.0,ЦАО,117.0,76.0,17,18,2016,False,False,4.5,2,https://www.cian.ru/sale/flat/294872333/,False,1529914.52991453
12015584.0,10.0,ЗАО,38.8,,5,25,2021,True,False,2.63,1,https://www.cian.ru/sale/flat/299449732/,False,309680.0
12999000.0,15.0,ЮЗАО,38.3,18.0,19,23,2023,True,False,,1,https://www.cian.ru/sale/flat/291789123/,False,339399.4778067885
17294726.0,7.0,ЗАО,37.2,11.8,2,21,2023,True,False,2.74,1,https://www.cian.ru/sale/flat/279588141/,False,464911.9892473118
20999999.0,5.0,СЗАО,41.5,15.8,25,30,2023,True,False,,1,https://www.cian.ru/sale/flat/297766871/,False,506024.0722891566
15136800.0,9.0,ВАО,35.7,11.2,33,33,2023,True,False,2.6,1,https://www.cian.ru/sale/flat/286097747/,False,423999.99999999994
11900000.0,17.0,ЮВАО,47.7,24.2,5,19,2024,True,True,3.0,1,https://www.cian.ru/sale/flat/298808079/,False,249475.89098532492
21871263.0,4.0,СЗАО,39.73,11.7,39,52,2024,True,False,2.85,1,https://www.cian.ru/sale/flat/299067043/,False,550497.4326705261
17699000.0,14.0,ЮАО,36.7,,11,15,2023,True,False,,1,https://www.cian.ru/sale/flat/295987891/,False,482261.5803814714
20349681.0,4.0,СЗАО,43.98,14.7,49,52,2024,True,False,2.85,1,https://www.cian.ru/sale/flat/294936933/,False,462703.06957708055
29239804.0,7.0,ЮАО,44.6,16.4,18,22,2023,True,False,3.15,1,https://www.cian.ru/sale/flat/293204369/,False,655600.9865470852
21071107.0,8.0,СВАО,58.3,,12,22,2021,True,False,2.72,1,https://www.cian.ru/sale/flat/299527048/,False,361425.5060034305
23394666.0,6.0,ЮАО,43.0,29.5,11,15,2023,True,False,3.15,1,https://www.cian.ru/sale/flat/293204223/,False,544062.0
16453178.0,15.0,САО,35.8,10.8,33,33,2023,True,False,2.68,1,https://www.cian.ru/sale/flat/299876147/,False,459585.9776536313
8300000.0,4.0,ЮАО,34.0,,12,24,2023,True,False,,1,https://www.cian.ru/sale/flat/294831631/,False,244117.64705882352
10900000.0,11.0,Неизвестно,25.6,,22,33,2023,True,False,,1,https://www.cian.ru/sale/flat/299809638/,False,425781.25
27261998.0,5.0,ЗАО,49.27,,11,57,2024,True,False,2.9,1,https://www.cian.ru/sale/flat/299901667/,False,553318.408768013
27332367.0,7.0,ЮАО,46.1,12.4,17,22,2023,True,False,3.15,1,https://www.cian.ru/sale/flat/293204368/,False,592892.9934924078
20500000.0,19.0,ЮВАО,43.7,14.2,5,14,2023,True,False,,1,https://www.cian.ru/sale/flat/297514531/,False,469107.55148741417
10029452.0,12.0,САО,32.4,,4,10,2024,True,True,3.0,1,https://www.cian.ru/sale/flat/292909058/,False,309550.987654321
24900000.0,10.0,СЗАО,43.5,15.0,2,13,2023,True,False,,1,https://www.cian.ru/sale/flat/298007869/,False,572413.7931034482
18000000.0,9.0,СЗАО,37.0,11.3,20,32,,False,False,3.1,1,https://www.cian.ru/sale/flat/298830651/,False,486486.4864864865
18250000.0,4.0,ЗАО,42.2,13.5,14,21,2023,True,False,2.74,1,https://www.cian.ru/sale/flat/298396928/,False,432464.45497630327
21000000.0,5.0,СЗАО,37.2,15.7,32,43,2023,True,False,,1,https://www.cian.ru/sale/flat/296136248/,False,564516.1290322581
17277095.0,2.0,САО,38.4,11.1,16,21,2023,True,True,3.15,1,https://www.cian.ru/sale/flat/298000793/,False,449924.3489583334
20450000.0,13.0,ЮАО,43.09,,3,20,2024,True,False,3.9,1,https://www.cian.ru/sale/flat/298680296/,False,474588.0714783012
22990000.0,15.0,СЗАО,47.2,,9,13,2023,True,False,,1,https://www.cian.ru/sale/flat/299412868/,False,487076.27118644066
14221662.0,16.0,СЗАО,39.0,,1,24,2024,True,False,3.0,1,https://www.cian.ru/sale/flat/300361487/,False,364658.0
17500000.0,13.0,ЗАО,36.0,,8,28,2019,True,True,,1,https://www.cian.ru/sale/flat/300722775/,False,486111.1111111111
13960000.0,5.0,ЮАО,32.4,9.5,4,33,2023,True,False,,1,https://www.cian.ru/sale/flat/297201277/,False,430864.1975308642
24348516.0,8.0,ЮЗАО,48.8,,19,25,2024,True,False,3.17,1,https://www.cian.ru/sale/flat/294650700/,False,498945.0
10857959.0,5.0,ЗАО,35.5,,2,25,2021,True,False,2.63,1,https://www.cian.ru/sale/flat/299449789/,False,305858.0
29000000.0,4.0,САО,45.0,16.0,7,28,2023,True,False,,1,https://www.cian.ru/sale/flat/294589627/,False,644444.4444444445
18972800.0,30.0,ЗАО,44.0,15.6,9,34,2023,True,False,2.62,1,https://www.cian.ru/sale/flat/300679308/,False,431200.0
22887920.0,17.0,СЗАО,34.1,15.2,11,43,2023,True,False,3.15,1,https://www.cian.ru/sale/flat/296524855/,False,671200.0
12327301.0,16.0,САО,42.1,16.2,13,14,2023,True,False,2.84,1,https://www.cian.ru/sale/flat/297033534/,False,292810.0
7000000.0,18.0,ЮВАО,21.5,,23,25,2023,True,False,2.65,1,https://www.cian.ru/sale/flat/298746990/,False,325581.3953488372
17646209.0,2.0,ВАО,38.86,20.5,6,20,2024,True,False,,1,https://www.cian.ru/sale/flat/297150977/,False,454096.9891919712
13107409.0,5.0,СЗАО,38.3,14.6,18,22,2022,True,True,2.87,1,https://www.cian.ru/sale/flat/294627225/,False,342230.0
14216588.0,20.0,СВАО,34.0,,10,22,2021,True,False,2.65,1,https://www.cian.ru/sale/flat/298401393/,False,418134.9411764706
24092278.0,6.0,ЮАО,45.2,28.9,11,15,2023,True,False,3.15,1,https://www.cian.ru/sale/flat/293204179/,False,533015.0
19267900.0,9.0,Неизвестно,48.7,,11,27,2022,True,False,,1,https://www.cian.ru/sale/flat/294033942/,False,395644.76386036957
22761335.0,26.0,СЗАО,43.07,13.8,24,25,2024,True,False,3.02,1,https://www.cian.ru/sale/flat/299055563/,False,528473.0671000696
21386800.0,12.0,СВАО,42.1,31.6,6,37,2024,True,False,3.0,1,https://www.cian.ru/sale/flat/298603491/,False,508000.0
14983854.0,20.0,СВАО,37.5,,5,22,2021,True,False,2.65,1,https://www.cian.ru/sale/flat/298401390/,False,399569.44
20560106.0,7.0,ЗАО,41.0,13.5,21,21,2023,True,False,3.87,1,https://www.cian.ru/sale/flat/279591937/,False,501466.0
26240000.0,15.0,СЗАО,46.4,,2,10,2023,True,False,,1,https://www.cian.ru/sale/flat/300299480/,False,565517.2413793104
19500000.0,16.0,СЗАО,39.0,12.5,2,6,2023,True,True,3.24,1,https://www.cian.ru/sale/flat/299370745/,False,500000.0
14467200.0,14.0,ЗАО,35.2,10.3,20,33,2023,True,False,2.7,1,https://www.cian.ru/sale/flat/297434025/,False,410999.99999999994
22400000.0,5.0,СЗАО,43.5,17.2,19,43,2023,True,False,,1,https://www.cian.ru/sale/flat/296098591/,False,514942.5287356322
26379046.0,15.0,ЮАО,58.3,,10,24,2023,True,False,3.15,1,https://www.cian.ru/sale/flat/300761652/,False,452470.7718696398
17500000.0,3.0,ЗАО,44.0,15.4,12,33,2023,True,False,,1,https://www.cian.ru/sale/flat/300077810/,False,397727.2727272727
8899500.0,12.0,САО,34.9,,3,10,2024,True,True,3.0,1,https://www.cian.ru/sale/flat/290338266/,False,255000.0
16237479.0,2.0,ВАО,41.32,23.4,2,20,2024,True,False,,1,https://www.cian.ru/sale/flat/299859638/,False,392968.9980638916
11246285.0,5.0,СЗАО,29.5,16.8,18,22,2022,True,True,2.87,1,https://www.cian.ru/sale/flat/294627207/,False,381230.0
14861000.0,5.0,ЗАО,32.8,9.5,28,33,2023,True,False,,1,https://www.cian.ru/sale/flat/299983333/,False,453079.26829268294
50211907.0,12.0,ЦАО,62.4,38.9,5,9,2021,True,True,3.6,1,https://www.cian.ru/sale/flat/298329516/,False,804677.9967948719
12888568.0,10.0,ЗАО,44.0,,14,25,2021,True,False,2.63,1,https://www.cian.ru/sale/flat/300605461/,False,292922.0
14983798.0,6.0,СВАО,41.3,,3,33,2020,True,False,2.63,1,https://www.cian.ru/sale/flat/300298451/,False,362803.82566585956
11200000.0,4.0,ЮАО,36.0,11.0,8,34,2023,True,False,,1,https://www.cian.ru/sale/flat/300779837/,False,311111.1111111111
12500000.0,10.0,ЮАО,42.0,,8,18,2022,True,False,,1,https://www.cian.ru/sale/flat/286587452/,False,297619.04761904763
21000000.0,8.0,СЗАО,34.7,17.1,3,33,2023,True,False,3.1,1,https://www.cian.ru/sale/flat/295049686/,False,605187.3198847262
12300000.0,11.0,СВАО,30.0,,6,32,2023,True,False,,1,https://www.cian.ru/sale/flat/299134852/,False,410000.0
21530000.0,4.0,ЮАО,37.7,13.1,16,43,2024,True,False,2.98,1,https://www.cian.ru/sale/flat/298169252/,False,571087.5331564987
24886560.0,17.0,СЗАО,37.3,15.8,41,43,2023,True,False,3.15,1,https://www.cian.ru/sale/flat/292613394/,False,667200.0
49875587.0,12.0,ЦАО,65.2,38.6,5,9,2021,True,True,3.6,1,https://www.cian.ru/sale/flat/298329518/,False,764962.990797546
15999000.0,17.0,ЮАО,44.45,13.7,5,12,2024,True,False,,1,https://www.cian.ru/sale/flat/299855973/,False,359932.50843644544
16647235.0,2.0,САО,37.0,10.7,16,21,2023,True,True,3.15,1,https://www.cian.ru/sale/flat/298000773/,False,449925.2702702703
73000000.0,9.0,ЦАО,72.0,17.0,5,21,2023,True,False,,1,https://www.cian.ru/sale/flat/298416859/,False,1013888.8888888889
14390000.0,7.0,ЗАО,32.8,14.0,6,17,2023,True,False,,1,https://www.cian.ru/sale/flat/300383794/,False,438719.51219512196
17900000.0,11.0,СВАО,39.49,15.3,6,31,2024,True,False,2.86,1,https://www.cian.ru/sale/flat/298408364/,False,453279.3112180299
17711344.0,10.0,САО,46.4,13.6,16,32,2023,True,False,2.72,1,https://www.cian.ru/sale/flat/299951291/,False,381710.0
23000000.0,3.0,СЗАО,44.6,20.2,2,9,2023,True,False,,1,https://www.cian.ru/sale/flat/299402407/,False,515695.067264574
11800000.0,15.0,Неизвестно,21.1,12.7,11,27,2023,True,False,,1,https://www.cian.ru/sale/flat/299965869/,False,559241.7061611374
26739900.0,,СЗАО,37.0,13.5,29,29,2023,True,False,3.15,1,https://www.cian.ru/sale/flat/289786190/,False,722700.0
20971595.0,6.0,ЮАО,39.4,15.4,10,15,2023,True,False,3.15,1,https://www.cian.ru/sale/flat/293204200/,False,532273.9847715736
14945920.0,14.0,ЗАО,38.6,10.9,24,33,2023,True,False,2.7,1,https://www.cian.ru/sale/flat/297434023/,False,387200.0
16674020.0,11.0,ВАО,41.8,10.9,33,33,2023,True,False,2.6,1,https://www.cian.ru/sale/flat/270787135/,False,398900.0
7769500.0,8.0,СВАО,37.65,13.2,4,8,2024,True,True,2.8,1,https://www.cian.ru/sale/flat/297367493/,False,206361.22177954848
21625600.0,12.0,СВАО,43.6,32.7,2,37,2024,True,False,3.0,1,https://www.cian.ru/sale/flat/298603471/,False,496000.0
11700000.0,19.0,САО,33.6,14.1,32,33,2023,True,False,,1,https://www.cian.ru/sale/flat/299243966/,False,348214.2857142857
22500000.0,19.0,ЮВАО,50.6,17.6,2,22,2023,True,False,,1,https://www.cian.ru/sale/flat/300159318/,False,444664.03162055335
18022000.0,9.0,СВАО,43.6,,14,27,2022,True,False,,1,https://www.cian.ru/sale/flat/294033665/,False,413348.623853211
30000000.0,18.0,СЗАО,50.8,17.2,7,13,2023,True,False,,1,https://www.cian.ru/sale/flat/294620343/,False,590551.1811023622
17900000.0,15.0,ЮАО,35.2,12.3,5,16,2023,True,False,,1,https://www.cian.ru/sale/flat/295400535/,False,508522.72727272724
21500000.0,9.0,ЮАО,46.0,20.0,8,22,2023,True,False,,1,https://www.cian.ru/sale/flat/300706259/,False,467391.3043478261
11275000.0,18.0,ВАО,41.0,15.8,2,24,2021,True,False,2.64,1,https://www.cian.ru/sale/flat/298917322/,False,275000.0
32755835.0,4.0,ЦАО,56.6,19.7,9,10,2024,True,True,3.0,1,https://www.cian.ru/sale/flat/295316294/,False,578725.0
14900000.0,5.0,ЗАО,35.7,11.2,16,33,2023,True,False,,1,https://www.cian.ru/sale/flat/296614283/,False,417366.94677871146
9015675.0,12.0,ЮЗАО,35.5,10.2,3,9,2023,True,False,2.68,1,https://www.cian.ru/sale/flat/300726097/,False,253962.67605633804
18376470.0,7.0,САО,46.3,13.4,11,32,2023,True,False,2.72,1,https://www.cian.ru/sale/flat/299906811/,False,396900.0
16595378.0,24.0,ЗАО,34.1,10.8,16,21,2023,True,False,2.74,1,https://www.cian.ru/sale/flat/297698007/,False,486667.9765395894
25099552.0,27.0,ЮАО,40.1,14.4,15,15,2023,True,False,3.15,1,https://www.cian.ru/sale/flat/293204363/,False,625923.9900249377
12250000.0,25.0,ЮАО,21.5,13.2,19,26,2024,True,False,2.9,1,https://www.cian.ru/sale/flat/300092289/,False,569767.4418604651
31448757.0,5.0,ЗАО,56.77,,35,57,2024,True,False,2.9,1,https://www.cian.ru/sale/flat/282209266/,False,553967.8879689977
24400000.0,5.0,СЗАО,34.1,15.2,15,29,2023,True,False,,1,https://www.cian.ru/sale/flat/292879600/,False,715542.5219941349
12897995.0,10.0,ЗАО,43.9,,5,25,2021,True,False,2.63,1,https://www.cian.ru/sale/flat/299449806/,False,293803.98633257404
13850000.0,4.0,ЗАО,44.4,,3,29,2022,True,True,,1,https://www.cian.ru/sale/flat/294781897/,False,311936.9369369369
23500000.0,7.0,СЗАО,44.4,15.2,9,13,2023,True,False,,1,https://www.cian.ru/sale/flat/297622443/,False,529279.2792792793
9300000.0,20.0,САО,34.4,13.8,4,14,2023,True,False,,1,https://www.cian.ru/sale/flat/299164643/,False,270348.83720930235
20998400.0,16.0,СЗАО,38.6,14.3,9,23,2023,True,False,3.15,1,https://www.cian.ru/sale/flat/296524869/,False,544000.0
25201418.0,22.0,ЮАО,40.3,15.2,21,21,2023,True,False,3.0,1,https://www.cian.ru/sale/flat/291543574/,False,625345.3598014889
22158500.0,16.0,СЗАО,45.5,,4,6,2023,True,True,3.24,1,https://www.cian.ru/sale/flat/299370733/,False,487000.0
22500000.0,15.0,СЗАО,45.1,15.2,2,13,2023,True,False,,1,https://www.cian.ru/sale/flat/298139761/,False,498891.3525498891
21084012.0,16.0,СЗАО,37.6,14.7,18,23,2023,True,False,3.15,1,https://www.cian.ru/sale/flat/297642475/,False,560745.0
18099000.0,14.0,ЮАО,35.4,,13,15,2023,True,False,,1,https://www.cian.ru/sale/flat/295991044/,False,511271.18644067796
39400000.0,3.0,ЦАО,39.4,,49,66,2020,True,True,3.9,1,https://www.cian.ru/sale/flat/300449724/,False,1000000.0
26400000.0,2.0,ЦАО,39.4,,20,46,2024,True,True,2.64,1,https://www.cian.ru/sale/flat/300222041/,False,670050.7614213198
18523001.0,17.0,ЮВАО,41.3,12.3,22,30,2024,True,False,2.87,1,https://www.cian.ru/sale/flat/300575265/,False,448498.81355932204
15269184.0,25.0,ЗАО,32.0,12.2,2,33,2023,True,False,2.62,1,https://www.cian.ru/sale/flat/300679647/,False,477162.0
17667500.0,27.0,Неизвестно,37.0,10.7,3,22,2023,True,False,2.83,1,https://www.cian.ru/sale/flat/300918195/,False,477500.0
54998000.0,3.0,ЦАО,51.4,,34,66,2020,True,True,3.9,1,https://www.cian.ru/sale/flat/298855594/,False,1070000.0
27000000.0,9.0,СЗАО,41.5,,17,33,2023,True,False,2.9,1,https://www.cian.ru/sale/flat/299943782/,False,650602.4096385542
16328840.0,11.0,ВАО,37.4,11.2,33,33,2024,True,False,2.6,1,https://www.cian.ru/sale/flat/270786818/,False,436600.0
22040000.0,3.0,СЗАО,48.9,,2,23,2024,True,False,3.1,1,https://www.cian.ru/sale/flat/298217137/,False,450715.7464212679
8010000.0,8.0,СВАО,35.53,12.5,7,8,2024,True,True,2.8,1,https://www.cian.ru/sale/flat/297367762/,False,225443.287362792
28000000.0,18.0,СЗАО,65.7,28.5,18,41,2021,True,False,,1,https://www.cian.ru/sale/flat/296739976/,False,426179.60426179605
20605421.0,24.0,ЗАО,44.2,12.0,4,9,2023,True,False,2.74,1,https://www.cian.ru/sale/flat/287417996/,False,466185.9954751131
12650000.0,17.0,ЮВАО,39.19,,15,19,2024,True,True,3.0,1,https://www.cian.ru/sale/flat/298421754/,False,322786.42510844604
7900000.0,4.0,ЮВАО,34.64,,9,26,2025,True,False,,1,https://www.cian.ru/sale/flat/300209520/,False,228060.04618937644
15970000.0,5.0,ЗАО,39.3,11.9,1,33,2023,True,False,2.7,1,https://www.cian.ru/sale/flat/297360580/,False,406361.3231552163
23481000.0,9.0,СВАО,59.2,,11,27,2022,True,False,,1,https://www.cian.ru/sale/flat/296010071/,False,396638.5135135135
16500000.0,5.0,ЗАО,42.02,12.8,7,33,2023,True,False,2.65,1,https://www.cian.ru/sale/flat/300007216/,False,392670.1570680628
20128403.0,24.0,ЮАО,40.9,12.8,10,16,2023,True,False,3.15,1,https://www.cian.ru/sale/flat/293736482/,False,492136.9926650367
32692246.0,4.0,ЦАО,60.6,19.8,10,10,2024,True,True,3.0,1,https://www.cian.ru/sale/flat/295316290/,False,539476.00660066
17150000.0,6.0,ЮАО,39.9,12.2,10,13,2024,True,False,,1,https://www.cian.ru/sale/flat/300852067/,False,429824.56140350876
14000000.0,17.0,САО,28.6,,3,23,2024,True,True,3.2,1,https://www.cian.ru/sale/flat/298969635/,False,489510.4895104895
16500000.0,14.0,ЮЗАО,45.2,24.0,4,13,2023,True,False,,1,https://www.cian.ru/sale/flat/300328902/,False,365044.24778761057
32293859.0,4.0,ЦАО,55.8,20.8,9,10,2024,True,True,3.0,1,https://www.cian.ru/sale/flat/295316301/,False,578742.9928315412
14728625.0,10.0,ЮВАО,37.1,11.9,29,33,2023,True,False,2.67,1,https://www.cian.ru/sale/flat/293402797/,False,396997.9784366577
28341300.0,12.0,СЗАО,50.7,18.2,11,21,2023,True,False,3.1,1,https://www.cian.ru/sale/flat/299168036/,False,559000.0
44496400.0,3.0,ЦАО,39.8,,65,66,2020,True,True,3.9,1,https://www.cian.ru/sale/flat/300449719/,False,1118000.0
24310000.0,9.0,ЦАО,37.4,,4,4,2024,True,True,,1,https://www.cian.ru/sale/flat/300978998/,False,650000.0
18900000.0,9.0,СЗАО,35.0,25.0,8,33,2023,True,False,3.5,1,https://www.cian.ru/sale/flat/299132213/,False,540000.0
16983000.0,19.0,СВАО,27.0,20.3,28,32,2023,True,False,3.0,1,https://www.cian.ru/sale/flat/298604075/,False,629000.0
3100000.0,15.0,ЮЗАО,12.1,10.0,3,31,2018,True,True,,1,https://www.cian.ru/sale/flat/300685564/,False,256198.34710743802
19168200.0,10.0,ЮВАО,46.0,14.3,2,29,2022,True,False,2.87,1,https://www.cian.ru/sale/flat/300575274/,False,416700.0
18085704.0,29.0,ЗАО,42.0,11.7,3,33,2023,True,False,2.62,1,https://www.cian.ru/sale/flat/300679407/,False,430612.0
26995095.0,25.0,ЮАО,41.38,17.2,3,9,2023,True,False,3.0,1,https://www.cian.ru/sale/flat/291543569/,False,652370.589656839
18550000.0,17.0,СЗАО,38.9,15.2,8,44,2023,True,False,,1,https://www.cian.ru/sale/flat/296284550/,False,476863.7532133676
17041514.0,7.0,САО,38.6,11.5,32,32,2023,True,False,2.72,1,https://www.cian.ru/sale/flat/284563081/,False,441490.0
16240942.0,29.0,ЗАО,37.3,11.2,6,33,2023,True,False,2.62,1,https://www.cian.ru/sale/flat/300679399/,False,435413.99463806977
15900000.0,19.0,ЮВАО,31.2,,10,22,2023,True,False,3.1,1,https://www.cian.ru/sale/flat/300601414/,False,509615.3846153846
25308900.0,16.0,СЗАО,54.9,,2,6,2023,True,True,3.24,1,https://www.cian.ru/sale/flat/299370775/,False,461000.0
21968491.0,24.0,ЮАО,41.8,13.7,7,16,2023,True,False,3.15,1,https://www.cian.ru/sale/flat/293736475/,False,525561.9856459331
12015600.0,20.0,СВАО,32.3,,10,22,2021,True,False,2.79,1,https://www.cian.ru/sale/flat/296754092/,False,372000.00000000006
14500000.0,18.0,СЗАО,35.7,12.2,13,21,2023,True,False,,1,https://www.cian.ru/sale/flat/297022451/,False,406162.4649859944
17933958.0,2.0,ВАО,38.04,20.2,15,20,2024,True,False,,1,https://www.cian.ru/sale/flat/297150997/,False,471450.0
50806724.0,14.0,ЦАО,49.2,30.5,2,9,2021,True,False,3.6,1,https://www.cian.ru/sale/flat/298329420/,False,1032656.9918699187
10462529.0,21.0,СЗАО,38.5,14.4,2,24,2022,True,False,2.8,1,https://www.cian.ru/sale/flat/300917761/,False,271754.0
12918132.0,17.0,ЮВАО,37.6,13.2,3,29,2024,True,True,2.87,1,https://www.cian.ru/sale/flat/300575198/,False,343567.3404255319
15500000.0,5.0,СЗАО,34.6,13.5,19,25,2024,True,False,,1,https://www.cian.ru/sale/flat/295269605/,False,447976.87861271674
18500000.0,8.0,ЗАО,42.6,,15,24,2024,True,False,,1,https://www.cian.ru/sale/flat/299463238/,False,434272.30046948354
17057880.0,26.0,ЮАО,45.8,27.0,10,11,2024,True,False,2.97,1,https://www.cian.ru/sale/flat/292460513/,False,372442.79475982534
18762218.0,17.0,ЮВАО,41.5,12.3,28,30,2024,True,False,2.87,1,https://www.cian.ru/sale/flat/300575270/,False,452101.6385542169
15800000.0,14.0,ЮАО,43.0,17.0,3,35,2022,True,False,3.1,1,https://www.cian.ru/sale/flat/300666380/,False,367441.8604651163
10500000.0,18.0,ЮВАО,33.7,9.8,14,15,2023,True,False,,1,https://www.cian.ru/sale/flat/300326167/,False,311572.70029673586
17742312.0,10.0,САО,42.3,13.4,27,32,2023,True,False,2.72,1,https://www.cian.ru/sale/flat/299906792/,False,419440.0
13061204.0,27.0,ЮАО,35.7,10.6,32,33,2023,True,False,2.62,1,https://www.cian.ru/sale/flat/300725174/,False,365860.05602240894
30775875.0,5.0,ЗАО,46.02,,44,57,2024,True,False,2.9,1,https://www.cian.ru/sale/flat/297883607/,False,668750.0
12702200.0,16.0,САО,42.2,16.2,5,13,2023,True,False,2.84,1,https://www.cian.ru/sale/flat/297032934/,False,301000.0
23006706.0,25.0,ЮАО,42.4,16.3,13,14,2023,True,False,3.15,1,https://www.cian.ru/sale/flat/293204255/,False,542610.9905660377
17830120.0,30.0,ЗАО,44.0,15.6,19,33,2023,True,False,2.62,1,https://www.cian.ru/sale/flat/300679431/,False,405230.0
20072275.0,7.0,ЮАО,38.5,,12,15,2022,True,False,2.7,1,https://www.cian.ru/sale/flat/299533279/,False,521357.7922077922
28891281.0,27.0,ЮАО,47.1,19.2,15,15,2023,True,False,3.15,1,https://www.cian.ru/sale/flat/293204364/,False,613402.9936305733
15338234.0,30.0,ЗАО,32.6,9.4,31,33,2023,True,False,2.62,1,https://www.cian.ru/sale/flat/300679495/,False,470497.9754601227
9200000.0,3.0,ЮАО,40.21,18.3,10,22,2022,True,False,,1,https://www.cian.ru/sale/flat/294313141/,False,228798.80626709774
19344758.0,7.0,ЮАО,47.6,,13,15,2022,True,False,2.7,1,https://www.cian.ru/sale/flat/300289659/,False,406402.4789915966
10460814.0,6.0,САО,34.3,13.8,5,15,2023,True,False,2.84,1,https://www.cian.ru/sale/flat/300121803/,False,304980.0
14502068.0,4.0,ВАО,33.51,12.5,6,29,2023,True,False,3.0,1,https://www.cian.ru/sale/flat/298055159/,False,432768.36765144736
17350804.0,12.0,ЮАО,48.0,28.0,2,23,2023,True,False,2.97,1,https://www.cian.ru/sale/flat/288140144/,False,361475.0833333333
20000000.0,6.0,ЗАО,55.3,,2,54,2024,True,False,3.0,1,https://www.cian.ru/sale/flat/298623574/,False,361663.6528028933
18000000.0,19.0,ЮВАО,38.6,15.4,7,22,2023,True,False,,1,https://www.cian.ru/sale/flat/296248018/,False,466321.24352331605
17900000.0,6.0,СВАО,40.79,19.4,4,23,2020,True,False,,1,https://www.cian.ru/sale/flat/294252498/,False,438833.04731551855
11700000.0,15.0,ЮАО,23.4,,13,26,2024,True,False,3.0,1,https://www.cian.ru/sale/flat/298544924/,False,500000.00000000006
25401000.0,9.0,СВАО,60.3,,26,27,2022,True,False,,1,https://www.cian.ru/sale/flat/294554061/,False,421243.7810945274
14528203.0,27.0,ЮАО,44.2,16.0,17,23,2023,True,False,2.62,1,https://www.cian.ru/sale/flat/300726025/,False,328692.3755656108
19700000.0,8.0,ЗАО,41.7,,24,24,2024,True,False,2.65,1,https://www.cian.ru/sale/flat/298277263/,False,472422.0623501199
17247160.0,11.0,ВАО,43.4,16.1,33,33,2023,True,False,2.6,1,https://www.cian.ru/sale/flat/294404502/,False,397400.0
16372174.0,30.0,ЗАО,36.2,11.2,27,34,2023,True,False,2.62,1,https://www.cian.ru/sale/flat/300679318/,False,452269.99999999994
19000000.0,11.0,ЮВАО,49.6,16.3,9,22,2023,True,False,,1,https://www.cian.ru/sale/flat/296575731/,False,383064.51612903224
10000000.0,18.0,ЮВАО,32.0,,6,16,2023,True,False,,1,https://www.cian.ru/sale/flat/300004650/,False,312500.0
17711798.0,19.0,ЗАО,41.1,10.5,32,32,2022,True,False,2.62,1,https://www.cian.ru/sale/flat/296760108/,False,430943.99026763986
12872970.0,22.0,ЮАО,36.2,11.1,27,33,2023,True,False,2.62,1,https://www.cian.ru/sale/flat/300725287/,False,355606.90607734805
10490000.0,18.0,Неизвестно,32.0,9.1,13,25,2023,True,False,,1,https://www.cian.ru/sale/flat/299782670/,False,327812.5
18865980.0,10.0,САО,46.0,13.4,32,32,2023,True,False,2.72,1,https://www.cian.ru/sale/flat/279400254/,False,410130.0
16299752.0,30.0,ЗАО,34.4,10.2,33,34,2023,True,False,2.62,1,https://www.cian.ru/sale/flat/300679311/,False,473830.0
22400000.0,12.0,СВАО,41.1,10.0,6,30,2024,True,False,3.25,1,https://www.cian.ru/sale/flat/293816918/,False,545012.1654501216
11900000.0,7.0,ВАО,30.0,9.7,27,33,2024,True,False,,1,https://www.cian.ru/sale/flat/300980084/,False,396666.6666666667
16200000.0,4.0,ЗАО,38.6,20.0,7,21,2023,True,False,,1,https://www.cian.ru/sale/flat/300610242/,False,419689.1191709844
16500000.0,18.0,СЗАО,38.3,,3,21,2023,True,False,,1,https://www.cian.ru/sale/flat/298166787/,False,430809.3994778068
23835564.0,8.0,ЮЗАО,47.4,,20,25,2024,True,False,3.17,1,https://www.cian.ru/sale/flat/294650710/,False,502860.0
27361800.0,12.0,СЗАО,48.6,17.2,14,21,2023,True,False,3.1,1,https://www.cian.ru/sale/flat/299168040/,False,563000.0
11734304.0,10.0,ЗАО,38.7,,4,25,2021,True,False,2.63,1,https://www.cian.ru/sale/flat/299449817/,False,303211.98966408265
83777500.0,14.0,ЦАО,57.5,,6,8,2023,True,False,3.2,1,https://www.cian.ru/sale/flat/294641872/,False,1457000.0
11000000.0,6.0,СЗАО,30.2,,21,22,2022,True,True,,1,https://www.cian.ru/sale/flat/292542558/,False,364238.4105960265
15451876.0,26.0,ЮАО,42.3,22.0,2,11,2024,True,False,2.97,1,https://www.cian.ru/sale/flat/288140316/,False,365292.57683215133
17398243.0,7.0,САО,42.3,13.4,20,32,2023,True,False,2.72,1,https://www.cian.ru/sale/flat/297433984/,False,411305.9810874705
15336216.0,30.0,ЗАО,32.4,9.5,5,33,2024,True,False,2.62,1,https://www.cian.ru/sale/flat/300762628/,False,473340.0
14170118.0,27.0,ЮАО,34.3,14.0,30,33,2023,True,False,2.68,1,https://www.cian.ru/sale/flat/300915394/,False,413122.973760933
27660000.0,28.0,ЗАО,44.6,13.8,13,14,2023,True,False,3.0,1,https://www.cian.ru/sale/flat/296277976/,False,620179.3721973094
18038615.0,10.0,САО,42.5,13.5,32,32,2023,True,False,2.72,1,https://www.cian.ru/sale/flat/299906790/,False,424438.0
18873388.0,24.0,ЗАО,43.2,13.6,8,21,2023,True,False,2.74,1,https://www.cian.ru/sale/flat/291534652/,False,436883.98148148146
13213932.0,17.0,ЮВАО,40.1,13.3,3,29,2024,True,True,2.87,1,https://www.cian.ru/sale/flat/300575196/,False,329524.48877805483
19730000.0,14.0,ЗАО,46.3,,23,27,2022,True,False,,1,https://www.cian.ru/sale/flat/299256404/,False,426133.90928725706
12577790.0,10.0,ЗАО,42.4,,7,25,2021,True,False,2.63,1,https://www.cian.ru/sale/flat/299449820/,False,296645.99056603777
22689200.0,12.0,СВАО,43.3,32.5,11,37,2024,True,False,3.0,1,https://www.cian.ru/sale/flat/298603598/,False,524000.00000000006
24419140.0,26.0,СЗАО,59.6,23.2,21,25,2024,True,False,3.02,1,https://www.cian.ru/sale/flat/290853365/,False,409717.11409395974
13955000.0,4.0,ЮЗАО,54.0,,11,20,2022,True,True,,1,https://www.cian.ru/sale/flat/283753041/,False,258425.92592592593
25059645.0,5.0,ЗАО,39.3,,7,57,2024,True,False,2.9,1,https://www.cian.ru/sale/flat/299901666/,False,637650.0
78259545.0,9.0,ЦАО,65.9,18.8,5,21,2023,True,False,3.0,1,https://www.cian.ru/sale/flat/287317369/,False,1187550.0
20875420.0,27.0,СВАО,48.2,24.5,11,22,2023,True,False,2.83,1,https://www.cian.ru/sale/flat/300918081/,False,433100.0
18000000.0,13.0,ЮАО,38.8,,5,20,2024,True,False,3.15,1,https://www.cian.ru/sale/flat/300529477/,False,463917.5257731959
16500000.0,5.0,СЗАО,40.3,18.0,3,25,2024,True,False,,1,https://www.cian.ru/sale/flat/300341594/,False,409429.2803970224
22100000.0,5.0,СЗАО,38.1,14.1,20,25,2023,True,False,,1,https://www.cian.ru/sale/flat/296440312/,False,580052.4934383202
31727850.0,8.0,ЦАО,46.9,,13,13,2013,True,True,3.15,1,https://www.cian.ru/sale/flat/297286562/,False,676500.0
15200000.0,7.0,СВАО,36.39,14.0,15,24,2020,True,False,,1,https://www.cian.ru/sale/flat/296210002/,False,417697.16955207475
29319176.0,4.0,ЦАО,53.0,17.2,5,10,2024,True,True,3.0,1,https://www.cian.ru/sale/flat/300483995/,False,553192.0
20257800.0,9.0,СВАО,51.2,,11,27,2022,True,False,,1,https://www.cian.ru/sale/flat/296010064/,False,395660.15625
79000000.0,14.0,ЦАО,87.6,,3,9,2021,True,True,,1,https://www.cian.ru/sale/flat/291744038/,False,901826.4840182649
15328800.0,11.0,ВАО,36.0,10.6,33,33,2023,True,False,2.6,1,https://www.cian.ru/sale/flat/288566684/,False,425800.0
19999999.0,16.0,ЮАО,54.0,,8,26,2024,True,False,,1,https://www.cian.ru/sale/flat/300620700/,False,370370.35185185185
19500000.0,6.0,ЮАО,42.3,,10,13,2024,True,False,2.65,1,https://www.cian.ru/sale/flat/300982132/,False,460992.90780141845
17300000.0,15.0,ЮВАО,42.7,18.3,8,30,2023,True,False,2.6,1,https://www.cian.ru/sale/flat/295771498/,False,405152.224824356
17000000.0,8.0,ЮВАО,35.0,12.5,24,26,2023,True,False,,1,https://www.cian.ru/sale/flat/299007541/,False,485714.28571428574
16700000.0,11.0,ЮВАО,37.0,18.0,2,3,2023,True,False,,1,https://www.cian.ru/sale/flat/295101795/,False,451351.35135135136
11155271.0,5.0,ЗАО,35.1,,6,25,2021,True,False,2.63,1,https://www.cian.ru/sale/flat/299449778/,False,317813.9886039886
16575818.0,10.0,САО,36.5,10.2,21,21,2023,True,False,2.72,1,https://www.cian.ru/sale/flat/270793589/,False,454132.0
18500000.0,18.0,ЮЗАО,37.6,,17,47,2024,True,False,3.15,1,https://www.cian.ru/sale/flat/299740765/,False,492021.27659574465
14798340.0,11.0,ЗАО,34.2,14.1,33,33,2023,True,False,2.62,1,https://www.cian.ru/sale/flat/270796934/,False,432699.99999999994
20000000.0,5.0,СЗАО,37.6,14.7,20,25,2023,True,False,,1,https://www.cian.ru/sale/flat/298839620/,False,531914.8936170213
16614000.0,12.0,ЗАО,42.6,15.3,21,21,2023,True,False,2.7,1,https://www.cian.ru/sale/flat/278497284/,False,390000.0
12700000.0,14.0,ЗАО,35.3,10.3,14,21,2023,True,False,2.62,1,https://www.cian.ru/sale/flat/298463243/,False,359773.3711048159
11152480.0,16.0,Неизвестно,34.4,13.8,12,12,2023,True,False,2.84,1,https://www.cian.ru/sale/flat/297032828/,False,324200.0
13300000.0,11.0,ВАО,33.8,,12,33,2023,True,False,,1,https://www.cian.ru/sale/flat/295102788/,False,393491.1242603551
16572446.0,10.0,САО,38.6,11.3,31,32,2023,True,False,2.72,1,https://www.cian.ru/sale/flat/275900440/,False,429337.9792746114
17150000.0,5.0,СЗАО,32.2,14.5,13,25,2023,True,False,,1,https://www.cian.ru/sale/flat/296116887/,False,532608.6956521738
10280886.0,21.0,СЗАО,37.4,14.4,2,25,2022,True,False,2.72,1,https://www.cian.ru/sale/flat/300917619/,False,274890.0
14077381.0,24.0,ЮВАО,36.8,10.7,14,23,2023,True,False,2.62,1,https://www.cian.ru/sale/flat/300680004/,False,382537.5271739131
30000000.0,27.0,ЗАО,51.1,14.7,9,13,2023,True,False,3.13,1,https://www.cian.ru/sale/flat/296278116/,False,587084.1487279843
25392000.0,11.0,СЗАО,48.0,16.6,4,21,2023,True,False,3.1,1,https://www.cian.ru/sale/flat/300312697/,False,529000.0
19500000.0,14.0,ЮАО,42.8,12.8,9,14,2023,True,False,,1,https://www.cian.ru/sale/flat/297333633/,False,455607.47663551406
9753600.0,12.0,САО,38.4,,4,10,2024,True,True,3.0,1,https://www.cian.ru/sale/flat/277464883/,False,254000.0
18499000.0,12.0,СВАО,37.6,10.1,18,30,2024,True,False,3.15,1,https://www.cian.ru/sale/flat/297083311/,False,491994.6808510638
17300000.0,17.0,ЮВАО,42.0,13.1,26,30,2024,True,False,2.5,1,https://www.cian.ru/sale/flat/298558261/,False,411904.7619047619
17622420.0,14.0,ЗАО,41.7,15.3,20,21,2023,True,False,2.62,1,https://www.cian.ru/sale/flat/286094379/,False,422600.0
18400000.0,13.0,ЮАО,39.9,11.0,19,20,2024,True,False,2.9,1,https://www.cian.ru/sale/flat/298538613/,False,461152.88220551383
23298643.0,5.0,ЗАО,42.52,,2,57,2024,True,False,2.9,1,https://www.cian.ru/sale/flat/282209329/,False,547945.507996237
16450000.0,6.0,СЗАО,41.0,18.0,13,25,2024,True,False,,1,https://www.cian.ru/sale/flat/293236021/,False,401219.51219512196
18000000.0,10.0,СВАО,38.1,13.7,7,52,2024,True,False,3.28,1,https://www.cian.ru/sale/flat/300734756/,False,472440.94488188974
10000000.0,15.0,СВАО,32.2,,16,16,2024,True,False,,1,https://www.cian.ru/sale/flat/300209521/,False,310559.0062111801
19431200.0,27.0,СВАО,45.4,13.3,10,14,2023,True,False,2.83,1,https://www.cian.ru/sale/flat/300918147/,False,428000.0
17500000.0,5.0,СЗАО,42.6,18.3,17,25,2024,True,False,,1,https://www.cian.ru/sale/flat/300655983/,False,410798.12206572766
14766700.0,14.0,ЗАО,37.0,11.2,33,33,2023,True,False,2.7,1,https://www.cian.ru/sale/flat/281170310/,False,399100.0
22368254.0,19.0,ЮАО,46.0,27.0,3,12,2024,True,False,2.97,1,https://www.cian.ru/sale/flat/288141380/,False,486266.39130434784
10831048.0,5.0,ЗАО,33.1,,6,25,2021,True,False,2.63,1,https://www.cian.ru/sale/flat/299449780/,False,327221.99395770393
13780000.0,9.0,САО,37.6,,8,31,2024,True,False,2.7,1,https://www.cian.ru/sale/flat/300890761/,False,366489.3617021277
17700000.0,11.0,ЮВАО,43.1,20.1,4,7,2023,True,False,,1,https://www.cian.ru/sale/flat/297446138/,False,410672.85382830625
15392669.0,24.0,ЮВАО,45.8,12.5,13,23,2023,True,False,2.62,1,https://www.cian.ru/sale/flat/300680003/,False,336084.4759825328
13000000.0,17.0,ЮВАО,40.2,12.5,5,33,2024,True,True,,1,https://www.cian.ru/sale/flat/300368349/,False,323383.0845771144
15607088.0,30.0,ЗАО,34.0,14.0,21,33,2024,True,False,2.62,1,https://www.cian.ru/sale/flat/300679252/,False,459032.0
8010400.0,8.0,СВАО,33.99,10.7,8,8,2024,True,True,2.8,1,https://www.cian.ru/sale/flat/297367253/,False,235669.31450426596
14562033.0,10.0,ЮЗАО,47.5,14.9,11,14,2023,True,True,2.8,1,https://www.cian.ru/sale/flat/297413638/,False,306569.1157894737
19614228.0,,СЗАО,41.9,,36,47,2023,True,False,3.05,1,https://www.cian.ru/sale/flat/296745558/,False,468120.0
18200089.0,24.0,ЗАО,35.2,11.0,21,21,2023,True,False,3.87,1,https://www.cian.ru/sale/flat/286829765/,False,517047.9829545454
18082940.0,30.0,ЗАО,41.4,12.7,32,34,2023,True,False,2.62,1,https://www.cian.ru/sale/flat/300679329/,False,436785.99033816427
19162944.0,15.0,САО,40.8,,35,36,2023,True,False,2.95,1,https://www.cian.ru/sale/flat/298317466/,False,469680.00000000006
11990000.0,16.0,САО,34.3,12.0,13,14,2023,True,False,,1,https://www.cian.ru/sale/flat/298335323/,False,349562.68221574347
19573961.0,19.0,ЮВАО,41.5,13.1,28,30,2024,True,False,2.87,1,https://www.cian.ru/sale/flat/300575531/,False,471661.7108433735
22109864.0,25.0,ЮАО,44.3,16.8,13,14,2023,True,False,3.15,1,https://www.cian.ru/sale/flat/293204253/,False,499093.9954853273
24198300.0,12.0,СВАО,50.1,37.6,6,37,2024,True,False,3.0,1,https://www.cian.ru/sale/flat/298603495/,False,483000.0
15900000.0,11.0,СЗАО,29.5,11.4,18,41,2021,True,False,3.2,1,https://www.cian.ru/sale/flat/299241123/,False,538983.0508474576
21557020.0,27.0,ЮАО,35.5,12.2,15,15,2023,True,False,3.15,1,https://www.cian.ru/sale/flat/293204303/,False,607240.0
18800000.0,15.0,СЗАО,34.7,15.6,19,44,2023,True,False,3.6,1,https://www.cian.ru/sale/flat/298745465/,False,541786.74351585
15180000.0,18.0,СЗАО,29.2,14.3,8,16,2023,True,False,,1,https://www.cian.ru/sale/flat/299064211/,False,519863.01369863015
12200000.0,7.0,ЮВАО,35.6,,3,24,2023,True,False,2.6,1,https://www.cian.ru/sale/flat/300157468/,False,342696.62921348313
19921381.0,30.0,ЗАО,55.8,22.1,1,17,2024,True,False,3.3,1,https://www.cian.ru/sale/flat/300679182/,False,357013.9964157706
16697409.0,9.0,Неизвестно,41.06,20.3,8,30,2023,True,False,3.3,1,https://www.cian.ru/sale/flat/297984305/,False,406658.7676570872
12550000.0,20.0,ЮВАО,38.51,,7,21,2024,True,True,3.0,1,https://www.cian.ru/sale/flat/298756738/,False,325889.3793819787
17451252.0,29.0,ЗАО,39.0,16.4,1,33,2023,True,False,2.62,1,https://www.cian.ru/sale/flat/300679189/,False,447468.0
14500000.0,11.0,ВАО,37.7,10.3,11,33,2024,True,False,,1,https://www.cian.ru/sale/flat/299677411/,False,384615.38461538457
26442849.0,9.0,ЗАО,45.6,20.1,3,15,2022,True,False,3.12,1,https://www.cian.ru/sale/flat/298334390/,False,579887.0394736842
14590000.0,5.0,ЗАО,32.6,10.6,9,21,2023,True,False,,1,https://www.cian.ru/sale/flat/300126205/,False,447546.01226993866
22463285.0,4.0,ЮАО,42.4,,4,6,2023,True,False,3.15,1,https://www.cian.ru/sale/flat/300800423/,False,529794.4575471699
17003450.0,14.0,ЗАО,44.5,16.1,32,33,2023,True,False,2.7,1,https://www.cian.ru/sale/flat/286094340/,False,382100.0
18400000.0,9.0,СЗАО,35.0,17.0,6,33,2023,True,False,3.5,1,https://www.cian.ru/sale/flat/298231338/,False,525714.2857142857
11000000.0,20.0,ЮВАО,25.87,,7,21,2024,True,True,3.0,1,https://www.cian.ru/sale/flat/299255684/,False,425202.9377657518
14500000.0,17.0,СЗАО,30.5,19.0,6,16,2024,True,False,,1,https://www.cian.ru/sale/flat/299693599/,False,475409.8360655738
12128571.0,22.0,ЮАО,32.4,9.4,22,23,2023,True,False,2.62,1,https://www.cian.ru/sale/flat/300725327/,False,374338.6111111111
14064700.0,12.0,ЗАО,34.9,15.6,19,21,2023,True,False,2.7,1,https://www.cian.ru/sale/flat/297334702/,False,403000.0
18878400.0,9.0,СВАО,50.1,,12,27,2022,True,False,,1,https://www.cian.ru/sale/flat/294033379/,False,376814.371257485
14600000.0,11.0,ВАО,37.3,10.3,7,33,2024,True,False,2.8,1,https://www.cian.ru/sale/flat/298264753/,False,391420.91152815014
16971100.0,17.0,ЮВАО,36.9,10.5,10,29,2024,True,False,2.87,1,https://www.cian.ru/sale/flat/300575216/,False,459921.4092140922
16800000.0,7.0,СЗАО,35.0,15.6,19,44,2023,True,False,,1,https://www.cian.ru/sale/flat/299305397/,False,480000.0
9600000.0,17.0,ЮВАО,30.38,,4,21,2024,True,True,3.0,1,https://www.cian.ru/sale/flat/298664472/,False,315997.3666886109
22113000.0,9.0,СВАО,58.2,,3,27,2022,True,False,,1,https://www.cian.ru/sale/flat/294033768/,False,379948.4536082474
13034703.0,22.0,ЮАО,37.7,10.9,32,33,2023,True,False,2.62,1,https://www.cian.ru/sale/flat/300725264/,False,345748.09018567635
28000000.0,18.0,ЗАО,50.0,30.0,15,20,2024,True,False,3.2,1,https://www.cian.ru/sale/flat/296522785/,False,560000.0
17000000.0,2.0,ЗАО,37.5,15.0,5,39,2022,True,False,,1,https://www.cian.ru/sale/flat/255985339/,False,453333.3333333333
19999999.0,11.0,ЮВАО,37.6,15.8,3,13,2023,True,False,,1,https://www.cian.ru/sale/flat/294354130/,False,531914.8670212766
19932179.0,5.0,ЮЗАО,40.3,,10,25,2024,True,False,3.17,1,https://www.cian.ru/sale/flat/294886650/,False,494595.0124069479
16416254.0,10.0,САО,36.4,16.0,19,21,2023,True,False,2.72,1,https://www.cian.ru/sale/flat/270793531/,False,450995.989010989
13561530.0,25.0,ЮВАО,35.3,10.7,18,23,2023,True,False,2.62,1,https://www.cian.ru/sale/flat/300680033/,False,384179.3201133145
13767600.0,14.0,ЗАО,33.0,9.6,32,33,2023,True,False,2.7,1,https://www.cian.ru/sale/flat/274414161/,False,417200.0
34702349.0,4.0,ЦАО,58.8,18.5,9,10,2024,True,True,3.0,1,https://www.cian.ru/sale/flat/299291726/,False,590176.0034013606
22500000.0,24.0,ЗАО,41.14,12.6,4,7,2024,True,False,,1,https://www.cian.ru/sale/flat/299605383/,False,546912.9800680602
21106809.0,2.0,Неизвестно,42.6,,14,25,2024,True,False,3.65,1,https://www.cian.ru/sale/flat/296330624/,False,495465.0
24613169.0,5.0,ЗАО,42.23,,6,57,2024,True,False,2.9,1,https://www.cian.ru/sale/flat/272591258/,False,582836.1117688847
15956781.0,30.0,ЗАО,32.3,9.8,33,34,2023,True,False,2.62,1,https://www.cian.ru/sale/flat/300679325/,False,494017.9876160991
15915910.0,29.0,ВАО,37.3,11.2,29,33,2023,True,False,2.6,1,https://www.cian.ru/sale/flat/286291553/,False,426700.00000000006
11966670.0,6.0,САО,42.3,13.8,13,15,2023,True,False,2.84,1,https://www.cian.ru/sale/flat/300121847/,False,282900.0
23981169.0,9.0,ЗАО,40.5,16.5,6,15,2022,True,False,3.12,1,https://www.cian.ru/sale/flat/298334392/,False,592127.6296296297
26161776.0,4.0,ЦАО,48.0,17.2,10,10,2024,True,True,3.0,1,https://www.cian.ru/sale/flat/296548867/,False,545037.0
23500000.0,11.0,СВАО,42.2,10.7,9,38,2024,True,False,2.8,1,https://www.cian.ru/sale/flat/300184749/,False,556872.037914692
9300000.0,16.0,САО,34.1,12.0,11,15,2023,True,False,,1,https://www.cian.ru/sale/flat/300101681/,False,272727.2727272727
22140000.0,14.0,СЗАО,43.5,,5,44,2024,True,False,2.64,1,https://www.cian.ru/sale/flat/299943793/,False,508965.5172413793
15502215.0,26.0,Неизвестно,41.4,15.0,10,12,2024,True,False,2.97,1,https://www.cian.ru/sale/flat/298310729/,False,374449.6376811594
19400000.0,5.0,СЗАО,38.0,14.0,11,24,2023,True,False,3.15,1,https://www.cian.ru/sale/flat/298051122/,False,510526.3157894737
31650000.0,15.0,ЗАО,50.8,14.7,8,14,2023,True,False,3.0,1,https://www.cian.ru/sale/flat/296277718/,False,623031.4960629921
22554105.0,7.0,Неизвестно,43.6,15.3,14,40,2023,True,False,3.15,1,https://www.cian.ru/sale/flat/293203928/,False,517295.9862385321
30765892.0,4.0,ЦАО,57.5,20.6,3,10,2024,True,True,3.0,1,https://www.cian.ru/sale/flat/295316296/,False,535058.9913043479
13424195.0,22.0,ЮАО,41.4,15.4,22,23,2023,True,False,2.62,1,https://www.cian.ru/sale/flat/300725318/,False,324255.91787439614
30750000.0,,ЗАО,44.5,13.8,10,14,2023,True,False,3.0,1,https://www.cian.ru/sale/flat/299262078/,False,691011.2359550562
27883620.0,4.0,ЦАО,51.7,22.1,6,10,2024,True,True,3.0,1,https://www.cian.ru/sale/flat/295316322/,False,539335.0096711798
19027591.0,29.0,ЗАО,43.7,15.6,31,33,2023,True,False,2.62,1,https://www.cian.ru/sale/flat/300679191/,False,435413.9816933638
15000000.0,9.0,ВАО,36.46,,16,33,2023,True,False,,1,https://www.cian.ru/sale/flat/298292536/,False,411409.76412506856
16409423.0,29.0,ЗАО,31.9,9.5,33,33,2023,True,False,2.62,1,https://www.cian.ru/sale/flat/300679186/,False,514401.9749216301
50100000.0,12.0,ЦАО,59.9,,6,9,2021,True,True,,1,https://www.cian.ru/sale/flat/291744422/,False,836393.9899833056
10000000.0,4.0,СВАО,30.0,,9,21,2021,True,True,3.0,1,https://www.cian.ru/sale/flat/300112163/,False,333333.3333333333
18062500.0,4.0,ЗАО,42.5,13.3,11,29,2022,True,True,3.0,1,https://www.cian.ru/sale/flat/292026458/,False,425000.0
13354800.0,20.0,СВАО,35.9,,10,22,2021,True,False,2.79,1,https://www.cian.ru/sale/flat/296754090/,False,372000.0
30679670.0,22.0,ЮАО,46.64,17.2,19,21,2023,True,False,3.0,1,https://www.cian.ru/sale/flat/298332731/,False,657797.384219554
20727000.0,27.0,СВАО,47.0,24.4,20,22,2023,True,False,2.83,1,https://www.cian.ru/sale/flat/300918225/,False,441000.0
8900000.0,14.0,СВАО,37.0,18.0,12,15,2024,True,False,,1,https://www.cian.ru/sale/flat/299792390/,False,240540.54054054053
8290000.0,19.0,САО,34.3,13.8,8,12,2023,True,False,,1,https://www.cian.ru/sale/flat/300698308/,False,241690.96209912538
76077459.0,14.0,ЦАО,60.8,42.2,4,9,2021,True,False,3.6,1,https://www.cian.ru/sale/flat/298329457/,False,1251273.9967105263
26301212.0,5.0,ЗАО,47.72,,7,57,2024,True,False,2.9,1,https://www.cian.ru/sale/flat/290790429/,False,551156.9991617771
19328110.0,27.0,СВАО,42.1,12.7,5,14,2023,True,False,2.83,1,https://www.cian.ru/sale/flat/300918140/,False,459100.0
19000000.0,19.0,ЮВАО,34.6,12.0,12,14,2023,True,False,,1,https://www.cian.ru/sale/flat/300103650/,False,549132.9479768786
28711400.0,17.0,СЗАО,44.5,16.8,39,43,2023,True,False,3.15,1,https://www.cian.ru/sale/flat/299742678/,False,645200.0
18000000.0,8.0,ЮАО,40.3,11.6,3,9,2024,True,False,3.0,1,https://www.cian.ru/sale/flat/300680273/,False,446650.12406947894
16500000.0,15.0,ЮАО,38.8,17.8,3,14,2026,True,False,,1,https://www.cian.ru/sale/flat/298484253/,False,425257.7319587629
15340292.0,10.0,ЮВАО,38.9,10.9,31,33,2023,True,False,2.67,1,https://www.cian.ru/sale/flat/293849362/,False,394351.9794344473
11062867.0,10.0,ЗАО,35.2,,14,25,2021,True,False,2.63,1,https://www.cian.ru/sale/flat/299449812/,False,314285.99431818177
23423120.0,27.0,СВАО,60.4,15.6,6,22,2023,True,False,2.83,1,https://www.cian.ru/sale/flat/300918186/,False,387800.0
18588577.0,19.0,ЮВАО,37.4,9.7,29,30,2024,True,False,2.87,1,https://www.cian.ru/sale/flat/300575567/,False,497020.77540106955
24500000.0,5.0,СЗАО,42.4,15.8,40,43,2023,True,False,,1,https://www.cian.ru/sale/flat/296400647/,False,577830.1886792453
12913586.0,20.0,СВАО,34.7,,10,22,2021,True,False,2.65,1,https://www.cian.ru/sale/flat/295442233/,False,372149.4524495677
17098187.0,30.0,ЗАО,36.1,11.2,30,33,2023,True,False,2.62,1,https://www.cian.ru/sale/flat/300679453/,False,473633.98891966755
8020080.0,8.0,СВАО,37.32,13.3,5,8,2024,True,True,2.8,1,https://www.cian.ru/sale/flat/297367515/,False,214900.32154340835
14500000.0,7.0,ЮАО,31.5,15.0,16,23,2023,True,False,,1,https://www.cian.ru/sale/flat/300083916/,False,460317.4603174603
23500000.0,5.0,СЗАО,46.6,17.4,32,43,2023,True,False,,1,https://www.cian.ru/sale/flat/298474842/,False,504291.8454935622
21300000.0,5.0,СЗАО,38.7,15.2,5,43,2023,True,False,,1,https://www.cian.ru/sale/flat/296439998/,False,550387.5968992248
18018378.0,10.0,САО,46.5,13.7,30,32,2023,True,False,2.72,1,https://www.cian.ru/sale/flat/296577488/,False,387492.0
17499000.0,16.0,СЗАО,42.2,,17,24,2024,True,False,3.0,1,https://www.cian.ru/sale/flat/298805494/,False,414668.2464454976
30040000.0,,ЗАО,44.3,13.8,9,14,2023,True,False,3.0,1,https://www.cian.ru/sale/flat/299262076/,False,678103.8374717834
14800000.0,7.0,ЮВАО,34.5,,17,33,2023,True,False,,1,https://www.cian.ru/sale/flat/296167467/,False,428985.50724637683
32610600.0,8.0,ЦАО,48.6,,12,13,2013,True,True,3.15,1,https://www.cian.ru/sale/flat/297286565/,False,671000.0
20421075.0,5.0,ЮЗАО,41.0,,12,25,2024,True,False,3.17,1,https://www.cian.ru/sale/flat/294550004/,False,498075.0
14000000.0,5.0,ЮАО,32.4,,4,33,2023,True,False,2.7,1,https://www.cian.ru/sale/flat/298421748/,False,432098.76543209876
21438610.0,27.0,ЮАО,56.7,17.0,2,33,2023,True,False,2.68,1,https://www.cian.ru/sale/flat/300915387/,False,378105.99647266313
17881217.0,10.0,САО,42.1,13.3,32,32,2023,True,False,2.72,1,https://www.cian.ru/sale/flat/270793740/,False,424731.99524940614
27050593.0,24.0,ЮАО,42.14,17.2,10,29,2023,True,False,3.0,1,https://www.cian.ru/sale/flat/296831918/,False,641921.9981015662
22106448.0,24.0,ЗАО,48.2,13.4,1,9,2023,True,False,4.11,1,https://www.cian.ru/sale/flat/279900937/,False,458640.0
11299000.0,20.0,СВАО,42.7,18.4,24,25,2024,True,False,2.6,1,https://www.cian.ru/sale/flat/298373641/,False,264613.5831381733
7500000.0,18.0,ЮВАО,19.7,9.4,25,25,2023,True,False,,1,https://www.cian.ru/sale/flat/298407427/,False,380710.6598984772
20878638.0,15.0,САО,45.7,,21,36,2023,True,False,2.95,1,https://www.cian.ru/sale/flat/296215620/,False,456862.97592997807
24500000.0,6.0,ЗАО,36.0,,15,20,2021,False,False,3.0,1,https://www.cian.ru/sale/flat/299810301/,False,680555.5555555555
20764307.0,7.0,ЮАО,49.0,,10,15,2022,True,False,2.7,1,https://www.cian.ru/sale/flat/300289638/,False,423761.36734693876
26270000.0,27.0,ЗАО,44.6,13.8,8,14,2023,True,False,3.0,1,https://www.cian.ru/sale/flat/299262122/,False,589013.4529147982
15727500.0,29.0,ВАО,37.5,10.4,29,33,2023,True,False,2.6,1,https://www.cian.ru/sale/flat/271786256/,False,419400.0
10962280.0,16.0,Неизвестно,34.3,13.8,11,14,2023,True,False,2.84,1,https://www.cian.ru/sale/flat/297033551/,False,319600.0
11348498.0,10.0,ЗАО,35.5,,14,25,2021,True,False,2.63,1,https://www.cian.ru/sale/flat/299449813/,False,319676.0
10300000.0,18.0,ЮВАО,33.8,10.0,25,25,2023,True,False,2.65,1,https://www.cian.ru/sale/flat/298397020/,False,304733.7278106509
19280000.0,14.0,ЗАО,45.3,,22,27,2022,True,False,,1,https://www.cian.ru/sale/flat/299256398/,False,425607.06401766004
16000000.0,14.0,САО,35.6,12.3,8,21,2024,True,True,3.2,1,https://www.cian.ru/sale/flat/299511473/,False,449438.202247191
16225132.0,19.0,ЗАО,35.8,10.6,32,32,2022,True,False,2.62,1,https://www.cian.ru/sale/flat/296760109/,False,453215.9776536313
18982653.0,4.0,СЗАО,39.36,11.7,48,52,2024,True,False,2.85,1,https://www.cian.ru/sale/flat/294936941/,False,482282.85060975613
24000000.0,3.0,СВАО,42.0,20.0,50,55,2024,True,False,,1,https://www.cian.ru/sale/flat/292941944/,False,571428.5714285715
20934650.0,9.0,СВАО,52.9,,26,27,2022,True,False,,1,https://www.cian.ru/sale/flat/298655772/,False,395740.07561436674
19400962.0,19.0,ЮВАО,41.4,13.1,23,30,2024,True,False,2.87,1,https://www.cian.ru/sale/flat/300575526/,False,468622.270531401
14507621.0,17.0,ЮВАО,45.9,13.1,3,8,2024,True,True,2.87,1,https://www.cian.ru/sale/flat/300575191/,False,316070.174291939
24192680.0,17.0,СЗАО,34.9,15.7,26,43,2023,True,False,3.15,1,https://www.cian.ru/sale/flat/296524857/,False,693200.0
23586571.0,25.0,ЮАО,37.4,12.0,16,16,2023,True,False,3.15,1,https://www.cian.ru/sale/flat/293203986/,False,630656.9786096257
25902163.0,5.0,ЗАО,47.07,,13,57,2024,True,False,2.9,1,https://www.cian.ru/sale/flat/283864415/,False,550290.2698109199
19762560.0,,СЗАО,43.8,,36,47,2023,True,False,3.05,1,https://www.cian.ru/sale/flat/296745561/,False,451200.00000000006
17775256.0,17.0,ЮВАО,37.4,10.5,22,29,2024,True,False,2.87,1,https://www.cian.ru/sale/flat/300575226/,False,475274.2245989305
25338760.0,4.0,ЦАО,46.2,16.4,10,10,2024,True,True,3.0,1,https://www.cian.ru/sale/flat/296548872/,False,548458.0086580086
10805117.0,10.0,ЗАО,33.3,,14,25,2021,True,False,2.63,1,https://www.cian.ru/sale/flat/299449816/,False,324477.987987988
13437922.0,5.0,СЗАО,34.7,12.8,16,22,2022,True,True,2.87,1,https://www.cian.ru/sale/flat/296571124/,False,387259.99999999994
27500000.0,18.0,ЗАО,48.9,15.8,4,36,2024,True,False,3.2,1,https://www.cian.ru/sale/flat/300607842/,False,562372.1881390593
27940000.0,27.0,ЗАО,44.0,14.2,12,14,2023,True,False,3.0,1,https://www.cian.ru/sale/flat/299262118/,False,635000.0
14100000.0,9.0,САО,36.73,,17,31,2024,True,False,2.7,1,https://www.cian.ru/sale/flat/298664660/,False,383882.38497141306
10594377.0,6.0,СЗАО,27.77,22.8,8,18,2022,True,True,4.5,1,https://www.cian.ru/sale/flat/297472751/,False,381504.3932301044
25440000.0,17.0,СЗАО,42.4,,43,43,2023,True,False,,1,https://www.cian.ru/sale/flat/293124821/,False,600000.0
18090016.0,24.0,ЗАО,41.5,14.6,5,21,2023,True,False,2.74,1,https://www.cian.ru/sale/flat/279592032/,False,435904.0
24427658.0,6.0,ЮАО,47.9,32.4,11,15,2023,True,False,3.15,1,https://www.cian.ru/sale/flat/293204219/,False,509971.98329853866
22000000.0,12.0,ЦАО,44.7,,8,11,2024,True,False,,1,https://www.cian.ru/sale/flat/300288765/,False,492170.02237136464
22995000.0,9.0,СВАО,52.0,,25,27,2022,True,False,,1,https://www.cian.ru/sale/flat/294554047/,False,442211.53846153844
10481185.0,12.0,САО,32.5,,9,10,2024,True,True,3.0,1,https://www.cian.ru/sale/flat/297303763/,False,322498.0
14527275.0,10.0,Неизвестно,37.5,11.5,30,33,2023,True,False,2.67,1,https://www.cian.ru/sale/flat/300979757/,False,387394.0
17350000.0,14.0,ЮАО,31.34,20.7,3,6,2024,True,False,,1,https://www.cian.ru/sale/flat/299485153/,False,553605.6158264199
15974666.0,24.0,ЗАО,31.8,10.4,18,21,2023,True,False,2.74,1,https://www.cian.ru/sale/flat/279592040/,False,502347.9874213836
15950000.0,14.0,СЗАО,28.0,14.6,25,41,2024,True,False,3.2,1,https://www.cian.ru/sale/flat/296680746/,False,569642.8571428572
11700000.0,5.0,ЗАО,31.8,20.8,8,9,1964,False,False,2.64,1,https://www.cian.ru/sale/flat/297302521/,False,367924.5283018868
25000000.0,10.0,СВАО,43.0,15.0,6,11,2022,False,False,3.0,1,https://www.cian.ru/sale/flat/297788340/,False,581395.3488372093
8050000.0,5.0,ВАО,32.5,19.0,7,9,1975,False,False,2.64,1,https://www.cian.ru/sale/flat/299080209/,False,247692.3076923077
11400000.0,10.0,ЮЗАО,35.0,20.0,2,5,1959,False,False,2.85,1,https://www.cian.ru/sale/flat/297817464/,False,325714.28571428574
13000000.0,7.0,ЗАО,37.0,,2,17,1984,False,False,2.64,1,https://www.cian.ru/sale/flat/295817542/,False,351351.35135135136
9900000.0,18.0,ЮЗАО,34.2,18.9,13,16,1980,False,False,,1,https://www.cian.ru/sale/flat/298503162/,False,289473.6842105263
41670000.0,6.0,ЦАО,46.0,,3,5,,False,True,,1,https://www.cian.ru/sale/flat/290522992/,False,905869.5652173914
21500000.0,5.0,ЦАО,36.0,19.0,6,14,1972,False,False,2.7,1,https://www.cian.ru/sale/flat/298275621/,False,597222.2222222222
9850000.0,12.0,ЮВАО,38.0,,7,17,1985,False,False,2.64,1,https://www.cian.ru/sale/flat/298401519/,False,259210.52631578947
14200000.0,9.0,ЮАО,30.6,18.7,7,8,,False,False,,1,https://www.cian.ru/sale/flat/300338572/,False,464052.2875816993
6507500.0,12.0,ЮВАО,26.8,15.0,4,9,1980,False,True,2.6,1,https://www.cian.ru/sale/flat/299016463/,False,242817.16417910447
3800000.0,6.0,ЗАО,19.6,,1,5,,False,True,,1,https://www.cian.ru/sale/flat/299570374/,False,193877.55102040814
8600000.0,16.0,ЗАО,17.6,9.6,13,22,1980,False,True,2.65,1,https://www.cian.ru/sale/flat/298843352/,False,488636.3636363636
10750000.0,17.0,ВАО,34.0,,8,9,1967,False,False,2.6,1,https://www.cian.ru/sale/flat/300157559/,False,316176.4705882353
7220000.0,12.0,ЮВАО,35.1,21.0,9,9,1980,False,True,2.6,1,https://www.cian.ru/sale/flat/300484387/,False,205698.0056980057
17500000.0,2.0,СВАО,37.5,22.5,4,15,2020,False,True,3.1,1,https://www.cian.ru/sale/flat/289459051/,False,466666.6666666667
8100000.0,8.0,ЮАО,32.6,18.5,9,9,1974,False,False,2.64,1,https://www.cian.ru/sale/flat/299694079/,False,248466.25766871165
13500000.0,12.0,ЮЗАО,32.5,21.0,6,9,1962,False,False,2.64,1,https://www.cian.ru/sale/flat/300396782/,False,415384.6153846154
10800000.0,11.0,САО,38.1,19.0,12,17,1998,False,False,,1,https://www.cian.ru/sale/flat/298706698/,False,283464.56692913384
13300000.0,10.0,СВАО,31.8,,4,5,1961,False,False,2.64,1,https://www.cian.ru/sale/flat/296658686/,False,418238.9937106918
16000000.0,11.0,ЮВАО,45.2,25.0,3,30,2023,False,False,3.0,1,https://www.cian.ru/sale/flat/299063844/,False,353982.30088495574
24990000.0,,ЗАО,37.3,20.0,2,13,,False,False,3.0,1,https://www.cian.ru/sale/flat/299466433/,False,669973.1903485255
7490000.0,17.0,ЦАО,17.0,9.0,1,5,,False,True,,1,https://www.cian.ru/sale/flat/299456568/,False,440588.23529411765
3300000.0,16.0,САО,11.8,3.8,1,5,,False,True,,1,https://www.cian.ru/sale/flat/300969240/,False,279661.0169491525
4500000.0,16.0,САО,17.8,7.8,1,5,,False,True,,1,https://www.cian.ru/sale/flat/300934690/,False,252808.98876404495
5200000.0,10.0,СВАО,18.5,10.5,4,16,1980,False,True,,1,https://www.cian.ru/sale/flat/297040416/,False,281081.08108108107
7198354.0,2.0,САО,25.1,15.1,1,3,,False,True,3.5,1,https://www.cian.ru/sale/flat/296523412/,False,286787.01195219124
10990000.0,9.0,ЮАО,37.0,20.0,10,12,1969,False,False,2.64,1,https://www.cian.ru/sale/flat/298037035/,False,297027.02702702704
14500000.0,17.0,ВАО,39.5,21.0,2,14,1994,False,False,2.65,1,https://www.cian.ru/sale/flat/300691701/,False,367088.60759493674
19490000.0,9.0,ЦАО,52.7,21.0,5,7,2018,False,True,3.4,1,https://www.cian.ru/sale/flat/298068780/,False,369829.2220113852
32500000.0,2.0,САО,50.0,,13,16,2023,False,True,,1,https://www.cian.ru/sale/flat/298220595/,False,650000.0
21999000.0,4.0,ЦАО,41.5,12.0,2,8,2009,False,False,,1,https://www.cian.ru/sale/flat/291907720/,False,530096.3855421686
6300000.0,8.0,ЦАО,19.7,12.7,2,3,1900,False,True,3.6,1,https://www.cian.ru/sale/flat/297145162/,False,319796.9543147208
15375000.0,18.0,СЗАО,41.5,14.3,13,21,2023,False,False,,1,https://www.cian.ru/sale/flat/300499412/,False,370481.9277108434
5700000.0,9.0,ЮАО,20.7,15.0,1,14,1985,False,True,2.64,1,https://www.cian.ru/sale/flat/296486978/,False,275362.3188405797
11200000.0,7.0,ВАО,35.2,19.4,9,14,1971,False,False,2.64,1,https://www.cian.ru/sale/flat/300848229/,False,318181.8181818182
7205000.0,7.0,ЦАО,13.1,6.1,1,2,1900,False,True,3.2,1,https://www.cian.ru/sale/flat/297959869/,False,550000.0
7900000.0,9.0,ВАО,37.0,19.0,4,4,,False,True,,1,https://www.cian.ru/sale/flat/298298332/,False,213513.51351351352
11800000.0,19.0,ВАО,38.0,19.2,15,17,2000,False,False,2.64,1,https://www.cian.ru/sale/flat/299520739/,False,310526.3157894737
9243500.0,16.0,ЗАО,20.3,12.3,15,22,1980,False,True,2.65,1,https://www.cian.ru/sale/flat/299873259/,False,455344.8275862069
23000000.0,17.0,Неизвестно,49.0,15.7,4,36,2018,False,False,3.2,1,https://www.cian.ru/sale/flat/300836271/,False,469387.7551020408
23800000.0,5.0,СЗАО,46.0,,4,25,,False,True,,1,https://www.cian.ru/sale/flat/296844261/,False,517391.3043478261
14800000.0,3.0,САО,36.9,19.0,10,24,2021,False,False,,1,https://www.cian.ru/sale/flat/299281002/,False,401084.01084010844
10500000.0,13.0,ВАО,35.2,20.1,6,12,,False,False,,1,https://www.cian.ru/sale/flat/295294075/,False,298295.45454545453
9380000.0,13.0,ЮВАО,39.0,20.9,9,12,,False,False,,1,https://www.cian.ru/sale/flat/298520114/,False,240512.8205128205
13100000.0,6.0,ЮАО,40.0,12.5,11,30,2021,False,False,3.15,1,https://www.cian.ru/sale/flat/300640655/,False,327500.0
12000000.0,1.0,ЮВАО,32.0,21.2,8,9,1962,False,False,2.6,1,https://www.cian.ru/sale/flat/300780545/,False,375000.0
25690000.0,5.0,ЗАО,44.4,13.8,4,14,,False,False,,1,https://www.cian.ru/sale/flat/295274044/,False,578603.6036036037
10200000.0,12.0,ЮЗАО,33.0,17.1,3,9,1969,False,False,2.64,1,https://www.cian.ru/sale/flat/298097974/,False,309090.9090909091
6875000.0,7.0,ЦАО,12.5,5.5,1,2,1900,False,True,3.2,1,https://www.cian.ru/sale/flat/298111008/,False,550000.0
25700000.0,18.0,ЗАО,46.0,15.0,11,26,2021,False,False,3.1,1,https://www.cian.ru/sale/flat/299796767/,False,558695.6521739131
21300000.0,14.0,ЮАО,42.0,25.0,2,7,2022,False,False,3.4,1,https://www.cian.ru/sale/flat/279019946/,False,507142.85714285716
8149000.0,6.0,ВАО,32.9,20.0,6,9,,False,False,,1,https://www.cian.ru/sale/flat/298846753/,False,247689.96960486323
5799999.0,1.0,САО,23.0,,2,3,2022,False,True,3.5,1,https://www.cian.ru/sale/flat/294972720/,False,252173.86956521738
15200000.0,9.0,ВАО,33.0,17.0,6,9,1965,False,False,2.6,1,https://www.cian.ru/sale/flat/300989405/,False,460606.0606060606
8350000.0,5.0,ВАО,32.4,19.0,7,9,1972,False,False,2.6,1,https://www.cian.ru/sale/flat/300826839/,False,257716.04938271607
21300000.0,5.0,СЗАО,37.9,14.0,11,43,2023,False,False,,1,https://www.cian.ru/sale/flat/300300191/,False,562005.2770448549
15978137.0,11.0,СЗАО,35.0,10.0,13,17,2014,False,False,2.75,1,https://www.cian.ru/sale/flat/300251102/,False,456518.2
3900000.0,4.0,ВАО,17.0,12.0,1,2,,False,True,4.0,1,https://www.cian.ru/sale/flat/298683140/,False,229411.76470588235
5015000.0,4.0,СВАО,19.7,10.7,4,5,1955,False,True,3.0,1,https://www.cian.ru/sale/flat/300153461/,False,254568.52791878174
13700000.0,5.0,ЮЗАО,38.7,,3,14,1994,False,False,2.64,1,https://www.cian.ru/sale/flat/299485140/,False,354005.1679586563
12500000.0,5.0,САО,37.0,16.7,17,17,2013,False,False,2.72,1,https://www.cian.ru/sale/flat/292113104/,False,337837.8378378378
30900000.0,15.0,САО,41.9,26.9,12,41,,False,False,,1,https://www.cian.ru/sale/flat/297726343/,False,737470.1670644392
11600000.0,19.0,САО,40.0,16.0,17,17,1976,False,False,2.7,1,https://www.cian.ru/sale/flat/300775701/,False,290000.0
13999900.0,9.0,СВАО,36.0,19.0,9,12,1970,False,False,2.64,1,https://www.cian.ru/sale/flat/300497842/,False,388886.1111111111
16800000.0,8.0,ЗАО,35.4,11.3,9,19,2019,False,False,2.7,1,https://www.cian.ru/sale/flat/300206672/,False,474576.2711864407
12200000.0,18.0,СЗАО,29.0,13.0,14,22,,False,False,3.1,1,https://www.cian.ru/sale/flat/298645710/,False,420689.6551724138
8200000.0,4.0,ВАО,30.0,17.0,1,9,1973,False,False,2.64,1,https://www.cian.ru/sale/flat/300796453/,False,273333.3333333333
9000000.0,5.0,САО,34.9,20.0,8,12,,False,False,,1,https://www.cian.ru/sale/flat/298065569/,False,257879.65616045846
14300000.0,3.0,ВАО,40.1,,2,8,1963,False,False,2.64,1,https://www.cian.ru/sale/flat/300571796/,False,356608.4788029925
9800000.0,10.0,ВАО,31.7,19.0,6,9,1966,False,False,2.8,1,https://www.cian.ru/sale/flat/294430204/,False,309148.26498422713
6749000.0,2.0,СВАО,28.6,20.6,1,5,1955,False,True,3.5,1,https://www.cian.ru/sale/flat/291328090/,False,235979.02097902098
8100000.0,10.0,СВАО,26.0,15.0,4,5,1954,False,True,3.15,1,https://www.cian.ru/sale/flat/300205593/,False,311538.46153846156
6089000.0,7.0,ЮВАО,21.0,13.0,1,7,,False,True,4.2,1,https://www.cian.ru/sale/flat/288557638/,False,289952.38095238095
5570000.0,8.0,ЦАО,18.9,11.9,3,3,1900,False,True,2.9,1,https://www.cian.ru/sale/flat/295649148/,False,294708.99470899475
4300000.0,17.0,ВАО,14.4,9.8,1,2,,False,True,,1,https://www.cian.ru/sale/flat/300499891/,False,298611.1111111111
21500000.0,5.0,ЮВАО,41.0,,13,23,2021,False,False,2.8,1,https://www.cian.ru/sale/flat/299382827/,False,524390.243902439
5800000.0,3.0,САО,20.3,,1,8,,False,True,4.1,1,https://www.cian.ru/sale/flat/299863166/,False,285714.2857142857
13700000.0,12.0,ЗАО,39.1,21.0,10,12,1980,False,False,2.64,1,https://www.cian.ru/sale/flat/299121621/,False,350383.63171355496
7100000.0,16.0,ЮВАО,18.0,,8,10,,False,False,,1,https://www.cian.ru/sale/flat/295974920/,False,394444.44444444444
7000000.0,4.0,ВАО,29.7,18.6,1,9,,False,True,2.6,1,https://www.cian.ru/sale/flat/299472476/,False,235690.23569023568
7700000.0,9.0,СЗАО,29.0,19.0,14,24,,False,True,3.0,1,https://www.cian.ru/sale/flat/299935320/,False,265517.2413793103
15000000.0,4.0,ЮВАО,40.0,20.0,2,7,2008,False,False,3.4,1,https://www.cian.ru/sale/flat/277942686/,False,375000.0
3865000.0,16.0,ВАО,13.2,5.2,2,6,1961,False,True,2.8,1,https://www.cian.ru/sale/flat/279298831/,False,292803.03030303033
32000000.0,5.0,ЗАО,45.0,20.0,19,23,2021,False,False,3.1,1,https://www.cian.ru/sale/flat/300931694/,False,711111.1111111111
12100000.0,11.0,ВАО,35.2,19.4,9,14,1971,False,False,2.5,1,https://www.cian.ru/sale/flat/300390378/,False,343750.0
14100000.0,7.0,ЮВАО,39.8,18.9,6,24,2018,False,False,2.7,1,https://www.cian.ru/sale/flat/299928892/,False,354271.3567839196
10800000.0,3.0,ЮАО,38.0,19.0,17,17,1997,False,False,2.6,1,https://www.cian.ru/sale/flat/300923704/,False,284210.5263157895
5430000.0,16.0,СВАО,22.5,14.0,2,16,1989,False,True,3.0,1,https://www.cian.ru/sale/flat/300111122/,False,241333.33333333334
8200000.0,5.0,ЮВАО,34.8,21.2,4,9,1979,False,False,2.64,1,https://www.cian.ru/sale/flat/299415187/,False,235632.183908046
11200000.0,18.0,ЗАО,31.4,17.1,6,9,1965,False,False,2.7,1,https://www.cian.ru/sale/flat/297010912/,False,356687.89808917197
25800000.0,12.0,САО,39.0,,6,22,,False,True,,1,https://www.cian.ru/sale/flat/300563521/,False,661538.4615384615
10999000.0,4.0,СЗАО,39.0,,2,12,1980,False,False,2.64,1,https://www.cian.ru/sale/flat/295522332/,False,282025.641025641
12400000.0,8.0,САО,32.7,19.0,4,9,1968,False,False,2.6,1,https://www.cian.ru/sale/flat/300619103/,False,379204.89296636084
7200000.0,8.0,СВАО,28.0,,1,6,1942,False,False,3.2,1,https://www.cian.ru/sale/flat/300191546/,False,257142.85714285713
6990000.0,11.0,СВАО,20.0,12.0,1,4,,False,True,,1,https://www.cian.ru/sale/flat/296475420/,False,349500.0
11600000.0,12.0,СВАО,37.0,19.0,6,16,1984,False,False,2.48,1,https://www.cian.ru/sale/flat/298103293/,False,313513.5135135135
19500000.0,8.0,ЦАО,35.0,18.0,7,9,1976,False,False,2.6,1,https://www.cian.ru/sale/flat/300225205/,False,557142.8571428572
8200000.0,20.0,ЮВАО,38.5,19.0,16,17,2007,False,False,,1,https://www.cian.ru/sale/flat/298532932/,False,212987.01298701297
4500000.0,9.0,САО,15.0,5.0,3,3,1943,False,True,2.64,1,https://www.cian.ru/sale/flat/297697989/,False,300000.0
9100000.0,13.0,САО,25.2,14.7,8,9,1975,False,False,,1,https://www.cian.ru/sale/flat/299575784/,False,361111.1111111111
58000000.0,13.0,ЗАО,72.0,28.0,9,15,,False,False,3.0,1,https://www.cian.ru/sale/flat/300859548/,False,805555.5555555555
11700000.0,9.0,ЮАО,38.8,19.1,12,15,1999,False,False,2.64,1,https://www.cian.ru/sale/flat/298072517/,False,301546.3917525773
21500000.0,5.0,ЦАО,40.0,19.0,6,14,1972,False,False,2.7,1,https://www.cian.ru/sale/flat/293420284/,False,537500.0
9700000.0,10.0,ЮВАО,35.0,18.0,4,12,1967,False,False,,1,https://www.cian.ru/sale/flat/299553350/,False,277142.85714285716
6400000.0,20.0,САО,22.5,11.5,1,1,2023,False,True,,1,https://www.cian.ru/sale/flat/299984268/,False,284444.44444444444
10200000.0,7.0,СВАО,31.5,21.4,4,9,1967,False,False,2.64,1,https://www.cian.ru/sale/flat/299842989/,False,323809.5238095238
23500000.0,18.0,ЮАО,40.0,14.0,38,40,2023,False,False,3.15,1,https://www.cian.ru/sale/flat/300027182/,False,587500.0
14250000.0,3.0,САО,42.2,15.3,5,24,2021,False,False,2.8,1,https://www.cian.ru/sale/flat/300009245/,False,337677.7251184834
3950000.0,10.0,САО,13.0,,1,8,1962,False,True,,1,https://www.cian.ru/sale/flat/299604849/,False,303846.1538461539
23400000.0,16.0,ЦАО,42.0,,5,14,1973,False,False,2.64,1,https://www.cian.ru/sale/flat/300695623/,False,557142.8571428572
7950000.0,13.0,ЮЗАО,27.6,14.1,7,7,2001,False,False,2.64,1,https://www.cian.ru/sale/flat/299962900/,False,288043.47826086957
7490000.0,9.0,СВАО,31.9,21.0,1,9,1967,False,False,2.64,1,https://www.cian.ru/sale/flat/300396855/,False,234796.23824451413
5390000.0,,САО,17.2,10.2,2,3,,False,True,3.4,1,https://www.cian.ru/sale/flat/300156073/,False,313372.0930232558
13200000.0,15.0,ЮЗАО,38.0,20.0,8,9,1976,False,False,2.64,1,https://www.cian.ru/sale/flat/300555782/,False,347368.4210526316
6300000.0,8.0,ЦАО,18.0,11.0,4,6,,False,True,,1,https://www.cian.ru/sale/flat/298484887/,False,350000.0
10200000.0,11.0,ЮЗАО,32.7,18.9,4,9,1972,False,False,2.64,1,https://www.cian.ru/sale/flat/300469439/,False,311926.6055045871
12700000.0,4.0,ЮЗАО,37.8,19.0,5,17,2003,False,False,2.74,1,https://www.cian.ru/sale/flat/300252459/,False,335978.835978836
8900000.0,1.0,ВАО,34.1,18.0,1,5,1960,False,False,,1,https://www.cian.ru/sale/flat/300298383/,False,260997.06744868035
14800000.0,11.0,ЮВАО,28.1,,5,27,2022,False,False,3.0,1,https://www.cian.ru/sale/flat/300883239/,False,526690.3914590747
13990000.0,14.0,ЮЗАО,40.1,,2,20,2022,False,False,2.7,1,https://www.cian.ru/sale/flat/300179831/,False,348877.80548628425
16800000.0,8.0,ЦАО,35.9,,3,5,1927,False,False,3.0,1,https://www.cian.ru/sale/flat/300401139/,False,467966.573816156
11800000.0,7.0,ЮВАО,36.8,19.1,11,17,1989,False,False,2.64,1,https://www.cian.ru/sale/flat/297048496/,False,320652.1739130435
7300000.0,10.0,ЮВАО,32.7,17.9,11,12,1980,False,False,2.5,1,https://www.cian.ru/sale/flat/300889888/,False,223241.59021406726
7750000.0,14.0,ЮВАО,23.0,12.0,5,16,,False,False,,1,https://www.cian.ru/sale/flat/298521910/,False,336956.52173913043
23300000.0,6.0,ЗАО,40.3,,11,15,,False,False,,1,https://www.cian.ru/sale/flat/300698958/,False,578163.7717121588
5690000.0,11.0,ЮВАО,13.2,5.2,1,12,1980,False,False,,1,https://www.cian.ru/sale/flat/299069460/,False,431060.6060606061
7700000.0,6.0,ЮАО,32.0,18.2,7,9,1974,False,False,2.64,1,https://www.cian.ru/sale/flat/297425926/,False,240625.0
17900000.0,16.0,ЮАО,40.4,17.0,12,16,2022,False,False,2.7,1,https://www.cian.ru/sale/flat/300242556/,False,443069.3069306931
7800000.0,11.0,ВАО,31.8,18.0,1,9,1966,False,False,2.64,1,https://www.cian.ru/sale/flat/300553532/,False,245283.01886792452
8000000.0,19.0,ЮЗАО,38.2,25.0,12,17,2009,False,False,,1,https://www.cian.ru/sale/flat/297324682/,False,209424.0837696335
18200000.0,7.0,САО,38.0,11.7,13,15,,False,True,2.9,1,https://www.cian.ru/sale/flat/299024926/,False,478947.36842105264
13200000.0,11.0,Неизвестно,30.7,,5,5,1959,False,False,,1,https://www.cian.ru/sale/flat/299554905/,False,429967.4267100977
12200000.0,1.0,ЮАО,37.2,18.9,15,16,1983,False,False,2.64,1,https://www.cian.ru/sale/flat/300943823/,False,327956.9892473118
25000000.0,20.0,ЮЗАО,48.2,,41,51,2010,False,False,3.0,1,https://www.cian.ru/sale/flat/300953502/,False,518672.1991701244
14990000.0,14.0,ЮЗАО,35.3,,6,12,1974,False,False,2.64,1,https://www.cian.ru/sale/flat/299990269/,False,424645.89235127484
6900000.0,11.0,ВАО,16.0,,5,9,1983,False,True,,1,https://www.cian.ru/sale/flat/299380581/,False,431250.0
8350000.0,13.0,ЮВАО,31.5,18.5,4,9,1968,False,False,,1,https://www.cian.ru/sale/flat/299652109/,False,265079.3650793651
17500000.0,8.0,САО,34.7,15.0,10,20,,False,False,,1,https://www.cian.ru/sale/flat/300931491/,False,504322.76657060516
25500000.0,,ЗАО,44.1,,1,14,,False,False,,1,https://www.cian.ru/sale/flat/300647525/,False,578231.2925170067
11300000.0,14.0,ВАО,38.0,18.9,17,17,2000,False,False,2.74,1,https://www.cian.ru/sale/flat/298596946/,False,297368.4210526316
49990000.0,3.0,ЦАО,55.0,30.0,6,6,2014,False,True,4.0,1,https://www.cian.ru/sale/flat/297235603/,False,908909.0909090909
105000000.0,9.0,ЦАО,72.0,,7,13,,False,False,,1,https://www.cian.ru/sale/flat/300698636/,False,1458333.3333333333
13800000.0,4.0,ЗАО,34.0,15.9,9,9,1965,False,False,2.7,1,https://www.cian.ru/sale/flat/300135242/,False,405882.35294117645
10800000.0,11.0,ЮАО,33.0,17.0,2,9,,False,False,,1,https://www.cian.ru/sale/flat/298873227/,False,327272.7272727273
21000000.0,5.0,СЗАО,41.0,,10,43,2023,False,False,3.1,1,https://www.cian.ru/sale/flat/300144570/,False,512195.1219512195
8200000.0,10.0,ЮЗАО,38.6,20.5,1,9,2000,False,False,2.64,1,https://www.cian.ru/sale/flat/300253311/,False,212435.23316062175
22000000.0,15.0,ЗАО,36.0,20.0,18,29,2020,False,False,3.0,1,https://www.cian.ru/sale/flat/295715281/,False,611111.1111111111
8200000.0,6.0,ЗАО,21.0,13.0,3,9,1975,False,False,2.64,1,https://www.cian.ru/sale/flat/300717594/,False,390476.1904761905
11650000.0,7.0,СВАО,33.0,18.0,4,9,1969,False,False,2.6,1,https://www.cian.ru/sale/flat/297683894/,False,353030.30303030304
21052800.0,4.0,ЦАО,33.2,8.8,2,9,1961,False,True,2.6,1,https://www.cian.ru/sale/flat/300957271/,False,634120.4819277108
23900000.0,8.0,ЗАО,46.0,20.0,31,39,2022,False,False,3.1,1,https://www.cian.ru/sale/flat/298481387/,False,519565.2173913043
4950000.0,9.0,ЗАО,35.8,19.0,2,4,1960,False,False,,1,https://www.cian.ru/sale/flat/300589646/,False,138268.15642458102
20000000.0,9.0,СЗАО,41.8,14.5,12,48,2022,False,False,3.1,1,https://www.cian.ru/sale/flat/299523717/,False,478468.89952153113
26000000.0,4.0,ЦАО,48.8,,8,12,,False,True,,1,https://www.cian.ru/sale/flat/300318674/,False,532786.8852459016
11500000.0,6.0,СВАО,38.9,20.4,2,12,1984,False,False,2.64,1,https://www.cian.ru/sale/flat/299719558/,False,295629.8200514139
7500000.0,17.0,ЮВАО,31.5,21.4,2,9,1966,False,False,2.64,1,https://www.cian.ru/sale/flat/299946851/,False,238095.2380952381
13300000.0,5.0,САО,34.5,28.0,3,6,1920,False,True,3.7,1,https://www.cian.ru/sale/flat/300268349/,False,385507.2463768116
11200000.0,19.0,ЗАО,30.8,18.8,2,10,1967,False,False,2.8,1,https://www.cian.ru/sale/flat/299859994/,False,363636.36363636365
23000000.0,15.0,СЗАО,43.5,13.4,9,46,2022,False,False,3.2,1,https://www.cian.ru/sale/flat/299198123/,False,528735.632183908
22000000.0,17.0,СЗАО,38.3,,24,28,2021,False,False,,1,https://www.cian.ru/sale/flat/296403474/,False,574412.5326370758
8300000.0,5.0,ЮВАО,37.5,18.8,6,17,2010,False,False,,1,https://www.cian.ru/sale/flat/300654476/,False,221333.33333333334
12800000.0,20.0,ВАО,36.0,19.0,20,20,2022,False,False,,1,https://www.cian.ru/sale/flat/297249360/,False,355555.55555555556
6899000.0,1.0,САО,25.1,,1,3,2022,False,True,3.5,1,https://www.cian.ru/sale/flat/294971554/,False,274860.5577689243
4150000.0,20.0,ЦАО,17.1,7.1,1,5,1957,False,True,,1,https://www.cian.ru/sale/flat/299098689/,False,242690.05847953213
14000000.0,13.0,ЮВАО,40.9,20.9,11,13,2022,False,False,2.8,1,https://www.cian.ru/sale/flat/299281102/,False,342298.2885085575
10500000.0,8.0,ЮЗАО,32.8,18.1,5,9,,False,False,2.5,1,https://www.cian.ru/sale/flat/299105195/,False,320121.9512195122
6460000.0,12.0,ЮВАО,27.0,16.0,5,9,1980,False,True,2.6,1,https://www.cian.ru/sale/flat/293493990/,False,239259.25925925927
7890000.0,15.0,ЮЗАО,26.9,11.8,1,9,1978,False,False,2.64,1,https://www.cian.ru/sale/flat/297727663/,False,293308.55018587364
8500000.0,14.0,ЮЗАО,32.2,18.8,1,9,1976,False,False,2.64,1,https://www.cian.ru/sale/flat/298465348/,False,263975.1552795031
10590000.0,12.0,ЮАО,31.0,16.6,3,9,1969,False,False,2.55,1,https://www.cian.ru/sale/flat/300385867/,False,341612.9032258064
12700000.0,14.0,СВАО,36.3,18.9,7,14,2003,False,False,2.74,1,https://www.cian.ru/sale/flat/299673462/,False,349862.25895316806
16000000.0,9.0,ЗАО,47.4,24.4,19,25,2017,False,False,,1,https://www.cian.ru/sale/flat/300667031/,False,337552.74261603376
8200000.0,20.0,ЮВАО,38.0,18.9,12,17,,False,False,,1,https://www.cian.ru/sale/flat/300115898/,False,215789.47368421053
16999000.0,17.0,СВАО,38.0,12.0,5,11,2019,False,False,2.65,1,https://www.cian.ru/sale/flat/298839861/,False,447342.1052631579
12500000.0,15.0,ЮЗАО,36.4,20.0,7,12,,False,True,,1,https://www.cian.ru/sale/flat/297478360/,False,343406.5934065934
94450000.0,9.0,ЦАО,71.06,36.8,3,13,,False,False,,1,https://www.cian.ru/sale/flat/300509292/,False,1329158.4576414297
6609260.0,2.0,САО,20.0,10.0,3,3,,False,True,3.5,1,https://www.cian.ru/sale/flat/295685444/,False,330463.0
7060000.0,7.0,ЦАО,25.3,,1,5,1959,False,True,2.8,1,https://www.cian.ru/sale/flat/299097548/,False,279051.3833992095
15900000.0,4.0,ЮАО,40.6,18.9,15,23,2015,False,False,2.7,1,https://www.cian.ru/sale/flat/298021901/,False,391625.6157635468
14950000.0,16.0,ЗАО,38.1,19.0,3,17,1993,False,False,2.7,1,https://www.cian.ru/sale/flat/300891715/,False,392388.45144356956
6507500.0,12.0,ЮВАО,26.9,15.0,6,9,1980,False,True,2.5,1,https://www.cian.ru/sale/flat/300558065/,False,241914.49814126396
11800000.0,10.0,ЮАО,33.2,21.1,5,12,1964,False,False,2.64,1,https://www.cian.ru/sale/flat/300505732/,False,355421.6867469879
10500000.0,12.0,ЮАО,35.2,20.1,1,12,,False,False,2.7,1,https://www.cian.ru/sale/flat/300708213/,False,298295.45454545453
8000000.0,20.0,ВАО,32.0,19.0,4,9,1976,False,False,2.64,1,https://www.cian.ru/sale/flat/283252548/,False,250000.0
2250000.0,7.0,ЗАО,30.6,20.0,3,5,1962,False,False,,1,https://www.cian.ru/sale/flat/295666829/,False,73529.41176470587
5500000.0,,ЮАО,27.0,14.0,4,5,1930,False,True,3.0,1,https://www.cian.ru/sale/flat/300718061/,False,203703.7037037037
18900000.0,11.0,ЮВАО,41.7,,5,26,2023,False,False,2.6,1,https://www.cian.ru/sale/flat/300832068/,False,453237.41007194243
10700000.0,15.0,ЮАО,30.0,15.6,6,12,1972,False,False,2.64,1,https://www.cian.ru/sale/flat/300386069/,False,356666.6666666667
8450000.0,9.0,ЮВАО,25.0,14.0,2,9,1973,False,False,2.64,1,https://www.cian.ru/sale/flat/300026900/,False,338000.0
7800000.0,17.0,ЦАО,15.3,7.3,1,7,2020,False,True,4.7,1,https://www.cian.ru/sale/flat/298976264/,False,509803.9215686274
12000000.0,10.0,ЮВАО,34.2,15.4,4,9,1963,False,False,2.6,1,https://www.cian.ru/sale/flat/299487467/,False,350877.1929824561
23700000.0,4.0,СЗАО,40.9,,12,48,2023,False,False,,1,https://www.cian.ru/sale/flat/300948524/,False,579462.1026894866
15000000.0,13.0,ЦАО,39.1,25.0,10,12,1978,False,False,2.64,1,https://www.cian.ru/sale/flat/300961532/,False,383631.7135549872
11350000.0,9.0,ЮЗАО,32.0,21.8,1,9,,False,False,,1,https://www.cian.ru/sale/flat/292686414/,False,354687.5
6370000.0,12.0,ЮВАО,29.8,,1,9,1980,False,True,2.5,1,https://www.cian.ru/sale/flat/298016388/,False,213758.38926174497
16990000.0,11.0,ЮЗАО,43.1,14.4,4,46,2023,False,False,,1,https://www.cian.ru/sale/flat/299208670/,False,394199.53596287704
8780000.0,6.0,ВАО,34.0,20.0,5,9,1963,False,False,2.5,1,https://www.cian.ru/sale/flat/299565654/,False,258235.29411764705
13490000.0,11.0,ЮЗАО,33.0,,9,9,1969,False,False,2.64,1,https://www.cian.ru/sale/flat/300980632/,False,408787.8787878788
15499000.0,7.0,ЦАО,36.8,19.3,11,16,1975,False,False,2.6,1,https://www.cian.ru/sale/flat/300045498/,False,421168.4782608696
14500000.0,7.0,САО,38.3,19.2,11,17,1988,False,False,2.7,1,https://www.cian.ru/sale/flat/298165816/,False,378590.07832898176
4150000.0,15.0,ЮЗАО,9.0,5.0,4,5,2022,False,True,4.0,1,https://www.cian.ru/sale/flat/299970822/,False,461111.1111111111
8900000.0,4.0,СВАО,26.4,,1,5,1963,False,False,2.5,1,https://www.cian.ru/sale/flat/300540690/,False,337121.21212121216
9900000.0,3.0,ЮВАО,38.2,19.2,7,10,1995,False,False,,1,https://www.cian.ru/sale/flat/300049945/,False,259162.30366492143
18990000.0,7.0,ЮЗАО,47.0,15.6,3,34,2023,False,False,3.0,1,https://www.cian.ru/sale/flat/300415453/,False,404042.55319148937
13000000.0,20.0,ЮАО,35.4,19.7,13,16,,False,False,2.5,1,https://www.cian.ru/sale/flat/300564827/,False,367231.6384180791
11950000.0,15.0,ЮВАО,42.0,18.1,2,23,,False,False,,1,https://www.cian.ru/sale/flat/299343814/,False,284523.8095238095
12500000.0,5.0,СЗАО,35.0,20.0,7,9,1963,False,False,2.7,1,https://www.cian.ru/sale/flat/298918712/,False,357142.85714285716
6500000.0,8.0,СЗАО,26.4,15.8,1,14,1994,False,True,2.7,1,https://www.cian.ru/sale/flat/288991914/,False,246212.12121212122
8800000.0,8.0,ЮВАО,33.0,16.7,8,9,,False,False,,1,https://www.cian.ru/sale/flat/300552265/,False,266666.6666666667
21000000.0,17.0,СЗАО,38.3,,2,28,2021,False,False,,1,https://www.cian.ru/sale/flat/297312651/,False,548302.8720626632
22800000.0,11.0,СЗАО,48.4,15.8,5,21,2024,False,False,3.1,1,https://www.cian.ru/sale/flat/299499349/,False,471074.3801652893
10500000.0,8.0,ЮАО,36.2,19.0,16,16,1976,False,False,2.64,1,https://www.cian.ru/sale/flat/300279567/,False,290055.24861878454
15000000.0,6.0,ЗАО,46.8,24.4,17,24,2018,False,False,2.65,1,https://www.cian.ru/sale/flat/300829361/,False,320512.82051282056
11400000.0,9.0,ЮВАО,38.9,20.9,2,14,1988,False,False,2.64,1,https://www.cian.ru/sale/flat/300055372/,False,293059.1259640103
14000000.0,14.0,СЗАО,30.0,20.0,21,24,2021,False,True,3.2,1,https://www.cian.ru/sale/flat/294594280/,False,466666.6666666667
11500000.0,17.0,ВАО,50.7,25.7,2,3,1967,False,True,5.0,1,https://www.cian.ru/sale/flat/300469442/,False,226824.45759368836
23000000.0,6.0,СВАО,50.0,,6,22,2020,False,False,3.0,1,https://www.cian.ru/sale/flat/288174193/,False,460000.0
9200000.0,11.0,ЮЗАО,33.0,,9,9,1976,False,False,,1,https://www.cian.ru/sale/flat/300158641/,False,278787.8787878788
7300000.0,11.0,СЗАО,31.5,14.0,1,14,,False,True,,1,https://www.cian.ru/sale/flat/293717676/,False,231746.03174603175
15150000.0,10.0,ЗАО,31.0,15.0,5,5,,False,False,,1,https://www.cian.ru/sale/flat/296556180/,False,488709.67741935485
10200000.0,15.0,ЮЗАО,33.0,19.0,7,9,,False,False,,1,https://www.cian.ru/sale/flat/300348297/,False,309090.9090909091
68000000.0,4.0,ЗАО,59.2,20.0,6,12,,False,False,,1,https://www.cian.ru/sale/flat/300702934/,False,1148648.6486486485
19700000.0,20.0,ЮЗАО,45.7,15.5,16,42,2023,False,False,3.0,1,https://www.cian.ru/sale/flat/300269721/,False,431072.2100656455
11600000.0,18.0,ВАО,37.7,23.0,1,9,1966,False,False,2.64,1,https://www.cian.ru/sale/flat/300905486/,False,307692.3076923077
17200000.0,7.0,СВАО,43.8,12.2,30,32,2023,False,False,2.65,1,https://www.cian.ru/sale/flat/297368415/,False,392694.06392694067
13500000.0,16.0,ЮЗАО,36.0,13.0,13,18,,False,False,,1,https://www.cian.ru/sale/flat/300015290/,False,375000.0
18000000.0,5.0,СЗАО,36.3,15.0,11,36,2022,False,False,2.75,1,https://www.cian.ru/sale/flat/298464053/,False,495867.76859504136
16190000.0,12.0,СВАО,38.5,16.0,6,20,2021,False,True,3.25,1,https://www.cian.ru/sale/flat/285754476/,False,420519.48051948054
10500000.0,15.0,ЮАО,38.0,19.0,6,17,1984,False,False,2.64,1,https://www.cian.ru/sale/flat/296045961/,False,276315.7894736842
12000000.0,4.0,ЮЗАО,39.1,21.0,2,14,1991,False,False,2.64,1,https://www.cian.ru/sale/flat/300794336/,False,306905.3708439898
8300000.0,20.0,САО,34.7,19.0,1,12,1967,False,False,2.64,1,https://www.cian.ru/sale/flat/300329313/,False,239193.083573487
10100000.0,10.0,САО,35.5,20.0,10,12,1968,False,False,,1,https://www.cian.ru/sale/flat/300659821/,False,284507.04225352115
19500000.0,8.0,ЗАО,36.9,,6,17,2022,False,False,3.12,1,https://www.cian.ru/sale/flat/295222259/,False,528455.2845528455
9200000.0,2.0,СВАО,32.8,19.8,3,18,2023,False,True,3.0,1,https://www.cian.ru/sale/flat/297171996/,False,280487.80487804883
14700000.0,9.0,САО,32.9,20.8,1,5,1960,False,False,2.9,1,https://www.cian.ru/sale/flat/297827474/,False,446808.5106382979
11300000.0,15.0,ЮЗАО,33.0,,4,9,1969,False,False,,1,https://www.cian.ru/sale/flat/300123359/,False,342424.24242424243
12500000.0,5.0,ВАО,40.0,23.0,7,12,1986,False,False,2.64,1,https://www.cian.ru/sale/flat/298728706/,False,312500.0
8740000.0,14.0,ВАО,31.6,21.4,6,9,1964,False,False,2.8,1,https://www.cian.ru/sale/flat/296173861/,False,276582.2784810126
8250000.0,10.0,ВАО,32.2,18.5,2,9,1971,False,False,2.64,1,https://www.cian.ru/sale/flat/298382874/,False,256211.18012422358
14500000.0,10.0,ЮВАО,30.0,18.0,10,27,2022,False,False,3.0,1,https://www.cian.ru/sale/flat/298826127/,False,483333.3333333333
13200000.0,19.0,ЮВАО,32.2,9.5,12,33,2023,False,False,2.8,1,https://www.cian.ru/sale/flat/297769271/,False,409937.8881987577
6990000.0,7.0,ЮАО,14.6,,10,13,2017,False,True,2.64,1,https://www.cian.ru/sale/flat/296418700/,False,478767.12328767125
6100000.0,10.0,САО,13.8,10.8,2,4,1939,False,True,3.2,1,https://www.cian.ru/sale/flat/299691408/,False,442028.98550724634
7900000.0,6.0,ВАО,35.1,20.8,3,9,,False,False,,1,https://www.cian.ru/sale/flat/293651268/,False,225071.22507122505
10300000.0,15.0,ЗАО,38.0,19.0,7,23,,False,False,,1,https://www.cian.ru/sale/flat/299785207/,False,271052.63157894736
7890000.0,7.0,Неизвестно,32.5,18.8,9,9,,False,False,2.5,1,https://www.cian.ru/sale/flat/295787702/,False,242769.23076923078
11300000.0,18.0,ЗАО,37.8,19.1,11,17,1987,False,False,2.64,1,https://www.cian.ru/sale/flat/299426713/,False,298941.798941799
8850000.0,9.0,ЮАО,27.4,14.7,1,12,1975,False,False,2.64,1,https://www.cian.ru/sale/flat/300374529/,False,322992.70072992705
19700000.0,20.0,ЮЗАО,42.7,13.2,10,42,2023,False,False,3.0,1,https://www.cian.ru/sale/flat/299323266/,False,461358.31381733017
10500000.0,13.0,ЮВАО,30.0,17.7,2,2,2023,False,True,5.0,1,https://www.cian.ru/sale/flat/300938234/,False,350000.0
9500000.0,,ЮАО,38.6,20.9,4,12,1983,False,False,2.64,1,https://www.cian.ru/sale/flat/299367215/,False,246113.9896373057
20700000.0,19.0,ЮАО,34.5,13.0,3,8,2022,False,False,3.15,1,https://www.cian.ru/sale/flat/299002987/,False,600000.0
12700000.0,7.0,ВАО,40.0,23.0,7,12,1986,False,False,2.8,1,https://www.cian.ru/sale/flat/299775850/,False,317500.0
7990000.0,4.0,ВАО,30.4,18.0,7,9,,False,False,,1,https://www.cian.ru/sale/flat/297551830/,False,262828.94736842107
21950000.0,10.0,СЗАО,37.0,,34,62,2022,False,False,3.1,1,https://www.cian.ru/sale/flat/300132043/,False,593243.2432432432
10900000.0,6.0,ЮАО,34.0,21.6,9,9,1966,False,False,2.6,1,https://www.cian.ru/sale/flat/299877600/,False,320588.23529411765
52000000.0,9.0,ЦАО,50.8,15.3,3,21,,False,False,3.0,1,https://www.cian.ru/sale/flat/299054058/,False,1023622.0472440945
12000000.0,9.0,ЦАО,31.6,21.4,4,7,1965,False,False,2.5,1,https://www.cian.ru/sale/flat/300100666/,False,379746.83544303797
19000000.0,5.0,СЗАО,35.5,15.2,7,23,2023,False,False,3.2,1,https://www.cian.ru/sale/flat/291807482/,False,535211.2676056338
24950000.0,8.0,ЦАО,39.8,12.0,7,11,2022,False,True,,1,https://www.cian.ru/sale/flat/299110205/,False,626884.4221105528
15950000.0,7.0,ЮВАО,49.7,25.0,3,8,1959,False,False,,1,https://www.cian.ru/sale/flat/300622311/,False,320925.5533199195
12000000.0,10.0,СЗАО,33.12,18.7,3,12,,False,False,,1,https://www.cian.ru/sale/flat/299564815/,False,362318.84057971014
13200000.0,15.0,ЮАО,38.1,18.0,9,10,2000,False,False,2.64,1,https://www.cian.ru/sale/flat/299963323/,False,346456.6929133858
12900000.0,19.0,ЗАО,32.5,20.0,6,9,1962,False,False,2.5,1,https://www.cian.ru/sale/flat/300472824/,False,396923.07692307694
9000000.0,8.0,ЮЗАО,32.9,18.0,9,9,1980,False,False,2.5,1,https://www.cian.ru/sale/flat/300912565/,False,273556.2310030395
4100000.0,10.0,САО,12.0,,1,8,1962,False,True,,1,https://www.cian.ru/sale/flat/298348886/,False,341666.6666666667
5699999.0,1.0,САО,23.1,,2,3,2022,False,True,3.5,1,https://www.cian.ru/sale/flat/294230460/,False,246753.20346320345
14500000.0,16.0,САО,43.9,,1,16,1977,False,False,2.7,1,https://www.cian.ru/sale/flat/300833245/,False,330296.1275626424
8990000.0,4.0,ЮВАО,38.4,20.8,11,14,2003,False,False,2.64,1,https://www.cian.ru/sale/flat/299624705/,False,234114.58333333334
11000000.0,11.0,ЮВАО,35.4,20.3,2,12,1966,False,False,,1,https://www.cian.ru/sale/flat/299098702/,False,310734.46327683615
9750000.0,2.0,ВАО,39.0,18.0,12,12,1967,False,False,2.64,1,https://www.cian.ru/sale/flat/297233032/,False,250000.0
11900000.0,9.0,СВАО,33.0,18.8,2,9,1974,False,False,2.64,1,https://www.cian.ru/sale/flat/300887823/,False,360606.0606060606
8350000.0,8.0,ВАО,35.0,,10,12,1966,False,False,2.64,1,https://www.cian.ru/sale/flat/300741487/,False,238571.42857142858
8200000.0,11.0,ВАО,32.7,18.7,8,9,1973,False,False,2.64,1,https://www.cian.ru/sale/flat/300562429/,False,250764.52599388378
7000000.0,4.0,СВАО,37.9,19.0,4,17,1988,False,False,2.64,1,https://www.cian.ru/sale/flat/300001960/,False,184696.56992084434
15700000.0,12.0,ЮВАО,38.8,17.4,18,20,2019,False,False,,1,https://www.cian.ru/sale/flat/300600848/,False,404639.175257732
16300000.0,11.0,ЮВАО,38.0,20.0,5,22,1990,False,False,2.8,1,https://www.cian.ru/sale/flat/300822428/,False,428947.36842105264
5000000.0,8.0,ЮАО,32.8,21.8,5,12,,False,False,,1,https://www.cian.ru/sale/flat/289694246/,False,152439.02439024393
3500000.0,20.0,ЦАО,13.1,5.1,1,5,1957,False,True,,1,https://www.cian.ru/sale/flat/299098691/,False,267175.572519084
9120000.0,12.0,ЮВАО,36.1,,4,9,1980,False,False,2.5,1,https://www.cian.ru/sale/flat/298016618/,False,252631.5789473684
28990000.0,9.0,ЦАО,50.0,18.0,6,22,2021,False,False,4.0,1,https://www.cian.ru/sale/flat/286010224/,False,579800.0
6950000.0,8.0,ЦАО,28.0,18.0,2,8,1995,False,True,3.2,1,https://www.cian.ru/sale/flat/299027789/,False,248214.2857142857
15500000.0,5.0,ЗАО,27.0,,6,14,,False,False,,1,https://www.cian.ru/sale/flat/300935784/,False,574074.074074074
20499990.0,20.0,ЮАО,40.0,11.1,13,48,2023,False,False,3.0,1,https://www.cian.ru/sale/flat/300422203/,False,512499.75
7900000.0,4.0,ВАО,30.0,18.0,1,9,1968,False,False,2.64,1,https://www.cian.ru/sale/flat/299205665/,False,263333.3333333333
6800000.0,17.0,ЮЗАО,23.0,12.0,1,9,1970,False,True,,1,https://www.cian.ru/sale/flat/283478568/,False,295652.17391304346
9500000.0,10.0,ВАО,40.6,20.6,4,12,2004,False,False,2.64,1,https://www.cian.ru/sale/flat/297937991/,False,233990.14778325122
9900000.0,5.0,ЮВАО,35.0,20.0,8,9,1970,False,False,,1,https://www.cian.ru/sale/flat/300710491/,False,282857.14285714284
10390000.0,14.0,ВАО,30.2,18.6,2,5,1964,False,False,2.5,1,https://www.cian.ru/sale/flat/300438271/,False,344039.73509933776
14999000.0,3.0,ЗАО,35.2,20.0,4,5,1961,False,False,2.7,1,https://www.cian.ru/sale/flat/299146321/,False,426107.95454545453
21500000.0,10.0,САО,31.2,,10,25,2020,False,True,3.0,1,https://www.cian.ru/sale/flat/299019109/,False,689102.5641025641
14650000.0,10.0,САО,36.0,15.0,5,17,2001,False,False,2.64,1,https://www.cian.ru/sale/flat/294761737/,False,406944.44444444444
8200000.0,11.0,САО,35.7,19.2,4,4,1957,False,False,,1,https://www.cian.ru/sale/flat/300644356/,False,229691.87675070026
9800000.0,7.0,ЗАО,33.5,,6,9,1971,False,False,2.64,1,https://www.cian.ru/sale/flat/298538616/,False,292537.3134328358
31500000.0,13.0,САО,40.5,,9,42,2022,False,False,3.1,1,https://www.cian.ru/sale/flat/300584442/,False,777777.7777777778
11350000.0,12.0,ЗАО,33.4,20.0,11,25,2022,False,False,2.7,1,https://www.cian.ru/sale/flat/293841011/,False,339820.3592814371
5700000.0,5.0,ВАО,16.2,,5,6,,False,True,3.6,1,https://www.cian.ru/sale/flat/296939878/,False,351851.85185185185
8350000.0,5.0,ЮАО,32.5,18.6,6,9,1976,False,False,,1,https://www.cian.ru/sale/flat/300152944/,False,256923.07692307694
5980000.0,13.0,ЗАО,24.1,21.3,1,14,1978,False,True,2.64,1,https://www.cian.ru/sale/flat/291263455/,False,248132.78008298753
22500000.0,7.0,ЗАО,38.0,,18,35,2021,False,False,3.0,1,https://www.cian.ru/sale/flat/299184972/,False,592105.2631578947
12500000.0,13.0,САО,30.0,19.0,2,9,1962,False,False,,1,https://www.cian.ru/sale/flat/298017739/,False,416666.6666666667
8200000.0,10.0,ЮАО,39.0,21.0,3,12,,False,False,,1,https://www.cian.ru/sale/flat/300010652/,False,210256.41025641025
14900000.0,8.0,СЗАО,40.0,21.0,10,12,1979,False,False,2.64,1,https://www.cian.ru/sale/flat/297396521/,False,372500.0
8150000.0,13.0,ВАО,19.0,11.0,3,11,1955,False,True,2.9,1,https://www.cian.ru/sale/flat/291141898/,False,428947.36842105264
9500000.0,6.0,ВАО,21.6,12.0,33,33,,False,False,,1,https://www.cian.ru/sale/flat/300756677/,False,439814.8148148148
30200000.0,6.0,ЦАО,43.6,18.4,10,53,2023,False,False,3.05,1,https://www.cian.ru/sale/flat/300270365/,False,692660.5504587155
12000000.0,5.0,ЮВАО,30.0,15.0,3,9,1964,False,False,2.7,1,https://www.cian.ru/sale/flat/300257640/,False,400000.0
9990000.0,11.0,ЮАО,20.3,,2,4,2017,False,True,,1,https://www.cian.ru/sale/flat/272423402/,False,492118.2266009852
7700000.0,,ЮАО,31.0,,1,17,,False,True,,1,https://www.cian.ru/sale/flat/300418736/,False,248387.09677419355
10400000.0,5.0,ЗАО,33.0,18.8,7,9,,False,False,,1,https://www.cian.ru/sale/flat/299506735/,False,315151.51515151514
8100000.0,11.0,СВАО,33.0,18.5,1,12,1974,False,False,2.64,1,https://www.cian.ru/sale/flat/300335752/,False,245454.54545454544
5478000.0,10.0,САО,16.6,7.6,4,4,,False,True,,1,https://www.cian.ru/sale/flat/293983413/,False,330000.0
19800000.0,11.0,ЦАО,31.0,,3,5,1958,False,False,2.85,1,https://www.cian.ru/sale/flat/294476646/,False,638709.6774193548
9640000.0,13.0,ЮАО,42.0,20.0,13,16,,False,False,2.7,1,https://www.cian.ru/sale/flat/298583239/,False,229523.80952380953
8950000.0,7.0,САО,37.4,19.0,17,17,1989,False,False,2.7,1,https://www.cian.ru/sale/flat/300737992/,False,239304.8128342246
8100000.0,8.0,САО,13.3,8.6,2,5,1963,False,False,,1,https://www.cian.ru/sale/flat/300374299/,False,609022.5563909775
17400000.0,13.0,СЗАО,39.1,,3,27,2022,False,False,3.3,1,https://www.cian.ru/sale/flat/297265242/,False,445012.78772378515
4350000.0,7.0,ЮВАО,14.3,,3,3,,False,True,2.8,1,https://www.cian.ru/sale/flat/300153550/,False,304195.8041958042
22000000.0,4.0,ЮАО,50.0,,4,19,2020,False,False,3.0,1,https://www.cian.ru/sale/flat/300738237/,False,440000.0
6800000.0,4.0,ЦАО,58.8,,1,5,1929,False,True,,1,https://www.cian.ru/sale/flat/300212234/,False,115646.25850340136
11489999.0,20.0,ВАО,36.7,18.0,11,22,2007,False,False,2.75,1,https://www.cian.ru/sale/flat/300843529/,False,313078.9918256131
12399000.0,4.0,ЮВАО,37.8,19.1,14,17,2003,False,False,2.75,1,https://www.cian.ru/sale/flat/298823679/,False,328015.873015873
99000000.0,4.0,ЦАО,123.0,69.0,51,75,,False,True,,1,https://www.cian.ru/sale/flat/297087850/,False,804878.0487804879
10690000.0,18.0,ЮЗАО,37.0,20.0,9,16,,False,False,,1,https://www.cian.ru/sale/flat/299250848/,False,288918.91891891893
12500000.0,19.0,СВАО,35.7,16.0,9,11,1978,False,False,2.8,1,https://www.cian.ru/sale/flat/299795791/,False,350140.05602240894
10190000.0,3.0,САО,33.1,19.0,5,9,1971,False,False,,1,https://www.cian.ru/sale/flat/300098216/,False,307854.98489425983
6333000.0,8.0,ЦАО,27.0,18.0,2,8,1995,False,True,3.2,1,https://www.cian.ru/sale/flat/299025994/,False,234555.55555555556
8200000.0,11.0,САО,35.6,22.0,3,4,1965,False,False,2.7,1,https://www.cian.ru/sale/flat/297903469/,False,230337.07865168538
8800000.0,15.0,ЮВАО,20.0,14.0,8,21,2022,False,False,,1,https://www.cian.ru/sale/flat/300753760/,False,440000.0
7700000.0,11.0,СВАО,21.0,14.0,3,9,1971,False,False,2.64,1,https://www.cian.ru/sale/flat/300078174/,False,366666.6666666667
8300000.0,7.0,ЦАО,15.1,8.1,2,2,1900,False,True,3.2,1,https://www.cian.ru/sale/flat/296956787/,False,549668.8741721854
14490000.0,7.0,САО,35.0,,5,12,1968,False,False,2.64,1,https://www.cian.ru/sale/flat/300557795/,False,414000.0
13590000.0,8.0,ЗАО,34.6,21.6,5,12,1967,False,False,2.6,1,https://www.cian.ru/sale/flat/300611928/,False,392774.5664739884
5350000.0,12.0,ЮАО,31.0,18.0,2,6,1986,False,True,4.5,1,https://www.cian.ru/sale/flat/292533826/,False,172580.64516129033
8700000.0,6.0,ЮАО,30.0,20.0,3,12,1972,False,False,2.64,1,https://www.cian.ru/sale/flat/298783952/,False,290000.0
8100000.0,18.0,СВАО,31.5,12.0,8,18,2023,False,True,,1,https://www.cian.ru/sale/flat/298902529/,False,257142.85714285713
7000000.0,15.0,ЮВАО,41.5,21.0,11,12,,False,False,2.65,1,https://www.cian.ru/sale/flat/287073904/,False,168674.6987951807
8200000.0,2.0,СВАО,31.4,14.0,8,18,2023,False,True,3.0,1,https://www.cian.ru/sale/flat/292134779/,False,261146.49681528663
4650000.0,14.0,ЮАО,10.1,3.1,3,6,,False,True,4.5,1,https://www.cian.ru/sale/flat/288041113/,False,460396.0396039604
9900000.0,7.0,ЗАО,41.0,20.0,15,22,,False,False,,1,https://www.cian.ru/sale/flat/300146260/,False,241463.41463414635
8880000.0,16.0,ЗАО,19.4,11.4,22,22,1980,False,True,2.65,1,https://www.cian.ru/sale/flat/300822403/,False,457731.95876288664
9500000.0,4.0,САО,37.6,19.7,2,17,2003,False,False,2.74,1,https://www.cian.ru/sale/flat/299190804/,False,252659.5744680851
6890000.0,9.0,ЦАО,10.2,,5,5,,False,True,,1,https://www.cian.ru/sale/flat/294542761/,False,675490.1960784314
15510000.0,9.0,ЦАО,34.0,27.0,2,5,1903,False,True,3.3,1,https://www.cian.ru/sale/flat/300551096/,False,456176.4705882353
8300000.0,5.0,ВАО,32.3,18.6,5,9,1972,False,False,2.64,1,https://www.cian.ru/sale/flat/300894152/,False,256965.94427244583
13900000.0,10.0,ЗАО,36.0,14.3,8,17,2000,False,False,2.64,1,https://www.cian.ru/sale/flat/299495080/,False,386111.1111111111
8900000.0,12.0,ВАО,40.0,21.3,9,9,1971,False,False,,1,https://www.cian.ru/sale/flat/299720943/,False,222500.0
14700000.0,13.0,ЦАО,30.0,18.0,3,5,1960,False,False,2.8,1,https://www.cian.ru/sale/flat/298670679/,False,490000.0
10200000.0,7.0,СВАО,31.5,21.3,4,9,,False,False,2.7,1,https://www.cian.ru/sale/flat/300201168/,False,323809.5238095238
6200000.0,13.0,ЮЗАО,52.8,,1,5,1960,False,True,2.6,1,https://www.cian.ru/sale/flat/299482165/,False,117424.24242424243
15550000.0,7.0,СЗАО,42.0,22.0,17,18,2000,False,False,3.0,1,https://www.cian.ru/sale/flat/300813614/,False,370238.09523809527
11490000.0,6.0,ЮАО,38.0,,5,17,1988,False,False,2.64,1,https://www.cian.ru/sale/flat/299601171/,False,302368.4210526316
11000000.0,14.0,ЗАО,36.0,19.0,6,16,1976,False,False,2.7,1,https://www.cian.ru/sale/flat/300506765/,False,305555.55555555556
32000000.0,19.0,ЮАО,44.0,17.5,9,9,2023,False,False,3.5,1,https://www.cian.ru/sale/flat/300477453/,False,727272.7272727273
8400000.0,15.0,ЮАО,32.0,13.9,1,17,2004,False,True,2.74,1,https://www.cian.ru/sale/flat/300134950/,False,262500.0
10000000.0,9.0,ЮЗАО,38.0,19.0,8,17,,False,False,,1,https://www.cian.ru/sale/flat/299469625/,False,263157.8947368421
10500000.0,17.0,ВАО,37.5,18.9,2,17,2007,False,False,,1,https://www.cian.ru/sale/flat/300693446/,False,280000.0
8590000.0,8.0,ЮАО,33.0,,4,9,1973,False,False,,1,https://www.cian.ru/sale/flat/300243658/,False,260303.0303030303
3200000.0,4.0,ЮАО,31.0,,9,12,1974,False,False,2.64,1,https://www.cian.ru/sale/flat/300818721/,False,103225.80645161291
8590000.0,16.0,ЗАО,17.3,9.3,6,22,1980,False,True,2.65,1,https://www.cian.ru/sale/flat/300858701/,False,496531.79190751445
8200000.0,18.0,СВАО,30.2,11.0,14,18,,False,True,,1,https://www.cian.ru/sale/flat/298622664/,False,271523.178807947
19499999.0,,ЮЗАО,47.2,17.0,3,42,,False,False,,1,https://www.cian.ru/sale/flat/296438200/,False,413135.57203389826
11500000.0,16.0,САО,34.6,19.3,4,16,1974,False,False,2.6,1,https://www.cian.ru/sale/flat/299106606/,False,332369.9421965318
9400000.0,20.0,ВАО,31.9,,9,9,1966,False,False,2.65,1,https://www.cian.ru/sale/flat/299247896/,False,294670.84639498434
10900000.0,12.0,СЗАО,33.6,19.2,1,14,1970,False,False,2.75,1,https://www.cian.ru/sale/flat/300692309/,False,324404.7619047619
11190000.0,15.0,ЗАО,31.0,18.5,2,10,1967,False,False,2.75,1,https://www.cian.ru/sale/flat/299893982/,False,360967.7419354839
8900000.0,20.0,ЮВАО,35.5,,5,16,2001,False,False,2.7,1,https://www.cian.ru/sale/flat/300599409/,False,250704.22535211267
12710000.0,11.0,ЮЗАО,42.5,,29,34,2019,False,False,2.7,1,https://www.cian.ru/sale/flat/298255599/,False,299058.82352941175
2900000.0,19.0,ВАО,56.0,30.0,5,5,,False,False,2.8,1,https://www.cian.ru/sale/flat/300427156/,False,51785.71428571428
8100000.0,5.0,ЗАО,37.0,17.0,3,8,,False,False,,1,https://www.cian.ru/sale/flat/299767197/,False,218918.9189189189
13389999.0,16.0,ЮАО,32.0,21.0,5,9,1962,False,False,2.5,1,https://www.cian.ru/sale/flat/299293185/,False,418437.46875
9550000.0,5.0,СЗАО,33.9,,8,22,2022,False,True,,1,https://www.cian.ru/sale/flat/298975287/,False,281710.9144542773
13000000.0,8.0,ВАО,37.0,25.0,6,16,1982,False,False,2.48,1,https://www.cian.ru/sale/flat/300499163/,False,351351.35135135136
6688500.0,12.0,ЮВАО,29.5,16.7,5,9,1980,False,True,2.5,1,https://www.cian.ru/sale/flat/300558938/,False,226728.81355932204
3800000.0,5.0,СЗАО,36.0,18.0,1,12,1967,False,False,2.64,1,https://www.cian.ru/sale/flat/299958853/,False,105555.55555555556
7990000.0,14.0,ВАО,33.0,17.0,5,5,1960,False,False,2.8,1,https://www.cian.ru/sale/flat/296182391/,False,242121.21212121213
10770000.0,11.0,ЦАО,14.0,4.0,1,5,1901,False,False,,1,https://www.cian.ru/sale/flat/300726879/,False,769285.7142857143
6500000.0,12.0,САО,23.0,10.0,1,5,1956,False,True,4.0,1,https://www.cian.ru/sale/flat/300081634/,False,282608.6956521739
12850000.0,12.0,ЮЗАО,35.5,18.3,2,10,2000,False,False,2.7,1,https://www.cian.ru/sale/flat/297908781/,False,361971.8309859155
8380000.0,18.0,ВАО,32.8,18.8,8,9,1971,False,False,2.65,1,https://www.cian.ru/sale/flat/300844028/,False,255487.8048780488
9700000.0,,ЮЗАО,27.4,,1,5,1967,False,False,,1,https://www.cian.ru/sale/flat/291751246/,False,354014.598540146
6600000.0,,САО,22.0,15.0,4,5,,False,True,3.5,1,https://www.cian.ru/sale/flat/300008616/,False,300000.0
8350000.0,13.0,ЮЗАО,18.0,10.0,1,9,,False,True,,1,https://www.cian.ru/sale/flat/296578003/,False,463888.8888888889
7900000.0,19.0,ЮВАО,23.2,11.0,19,25,2023,False,False,2.6,1,https://www.cian.ru/sale/flat/297515488/,False,340517.2413793104
9300000.0,16.0,СВАО,33.0,19.0,3,9,1974,False,False,2.64,1,https://www.cian.ru/sale/flat/299525068/,False,281818.1818181818
14900000.0,1.0,ЮЗАО,32.0,17.0,4,9,1970,False,False,2.58,1,https://www.cian.ru/sale/flat/300833544/,False,465625.0
51900000.0,6.0,ЦАО,60.9,,4,13,,False,True,,1,https://www.cian.ru/sale/flat/291376553/,False,852216.7487684729
6600000.0,18.0,САО,16.2,7.2,4,5,1965,False,True,,1,https://www.cian.ru/sale/flat/299009289/,False,407407.4074074074
12900000.0,11.0,СВАО,40.2,14.9,14,33,2023,False,False,2.7,1,https://www.cian.ru/sale/flat/299505290/,False,320895.5223880597
8990000.0,5.0,ЮЗАО,33.1,,6,9,1975,False,False,2.64,1,https://www.cian.ru/sale/flat/300789556/,False,271601.2084592145
14100000.0,12.0,СВАО,29.4,17.6,6,8,1959,False,False,2.7,1,https://www.cian.ru/sale/flat/300771393/,False,479591.8367346939
13600000.0,4.0,ЗАО,31.0,18.0,5,9,,False,False,,1,https://www.cian.ru/sale/flat/299253528/,False,438709.67741935485
12950000.0,15.0,Неизвестно,41.0,20.0,14,23,2022,False,False,2.75,1,https://www.cian.ru/sale/flat/300565210/,False,315853.65853658534
5900000.0,10.0,ЮАО,40.0,20.8,3,14,1986,False,False,2.64,1,https://www.cian.ru/sale/flat/297496940/,False,147500.0
9700000.0,6.0,ВАО,36.1,21.0,6,9,1976,False,False,2.64,1,https://www.cian.ru/sale/flat/300430041/,False,268698.06094182824
15899000.0,3.0,ЮВАО,38.1,20.0,5,15,2023,False,False,3.0,1,https://www.cian.ru/sale/flat/297903207/,False,417296.58792650915
13500000.0,13.0,СЗАО,39.5,20.0,10,16,1980,False,False,2.64,1,https://www.cian.ru/sale/flat/300365708/,False,341772.15189873416
11100000.0,5.0,СЗАО,36.3,20.0,8,22,2022,False,True,3.0,1,https://www.cian.ru/sale/flat/300577874/,False,305785.1239669422
5149999.0,2.0,СВАО,19.5,,1,5,1955,False,True,3.15,1,https://www.cian.ru/sale/flat/300668604/,False,264102.5128205128
6200000.0,11.0,СВАО,15.0,7.0,1,4,,False,True,,1,https://www.cian.ru/sale/flat/296475412/,False,413333.3333333333
9600000.0,5.0,СВАО,37.9,18.0,8,22,2009,False,False,2.75,1,https://www.cian.ru/sale/flat/297560632/,False,253298.1530343008
8450000.0,6.0,ВАО,39.2,19.1,1,12,1977,False,False,2.64,1,https://www.cian.ru/sale/flat/295977963/,False,215561.22448979592
11300000.0,8.0,ЮЗАО,36.0,,12,12,1966,False,False,2.64,1,https://www.cian.ru/sale/flat/298158138/,False,313888.8888888889
17900000.0,8.0,СЗАО,35.0,14.0,3,33,2023,False,False,3.0,1,https://www.cian.ru/sale/flat/297550566/,False,511428.5714285714
11500000.0,3.0,ЗАО,32.0,20.0,4,5,1961,False,False,,1,https://www.cian.ru/sale/flat/283607568/,False,359375.0
9800000.0,2.0,ЮВАО,38.0,19.0,17,17,2015,False,False,2.74,1,https://www.cian.ru/sale/flat/297858614/,False,257894.73684210525
11950000.0,5.0,ЮЗАО,32.6,,7,9,1963,False,False,2.64,1,https://www.cian.ru/sale/flat/300355036/,False,366564.4171779141
8700000.0,16.0,ЮАО,32.6,18.7,4,9,1974,False,False,2.6,1,https://www.cian.ru/sale/flat/296521470/,False,266871.16564417176
6000000.0,12.0,ЮАО,32.0,18.0,3,6,1986,False,True,3.0,1,https://www.cian.ru/sale/flat/294074358/,False,187500.0
15000000.0,5.0,СВАО,31.7,20.1,1,5,1962,False,False,2.64,1,https://www.cian.ru/sale/flat/300487094/,False,473186.119873817
8200000.0,16.0,СВАО,30.7,17.7,6,18,2023,False,True,3.0,1,https://www.cian.ru/sale/flat/299217033/,False,267100.9771986971
7980000.0,,ЮВАО,37.0,21.0,4,9,,False,True,,1,https://www.cian.ru/sale/flat/300294201/,False,215675.67567567568
8300000.0,10.0,ВАО,32.3,18.6,2,9,,False,False,,1,https://www.cian.ru/sale/flat/298004529/,False,256965.94427244583
10300000.0,8.0,САО,30.0,17.0,5,5,1958,False,False,2.5,1,https://www.cian.ru/sale/flat/300734523/,False,343333.3333333333
9400000.0,10.0,ЮВАО,35.0,15.0,8,16,2000,False,False,2.7,1,https://www.cian.ru/sale/flat/300578229/,False,268571.4285714286
31500000.0,2.0,САО,47.0,19.9,2,17,2023,False,True,3.28,1,https://www.cian.ru/sale/flat/300577876/,False,670212.7659574468
258868870.0,10.0,ЦАО,98.0,,5,7,,False,False,,1,https://www.cian.ru/sale/flat/300509400/,False,2641519.0816326533
13140000.0,10.0,ВАО,43.8,,2,3,,False,True,,1,https://www.cian.ru/sale/flat/293546579/,False,300000.0
6800000.0,7.0,ЮАО,28.0,11.0,1,10,1983,False,False,2.48,1,https://www.cian.ru/sale/flat/299185625/,False,242857.14285714287
18500000.0,2.0,ЮВАО,35.1,12.0,27,30,2021,False,False,3.0,1,https://www.cian.ru/sale/flat/297730158/,False,527065.527065527
17950000.0,6.0,ЮЗАО,39.0,18.6,6,25,2023,False,False,3.2,1,https://www.cian.ru/sale/flat/295315041/,False,460256.41025641025
9600000.0,12.0,ЮЗАО,32.0,18.0,1,5,1959,False,False,3.0,1,https://www.cian.ru/sale/flat/299621067/,False,300000.0
17400000.0,8.0,СВАО,35.8,20.2,4,10,1957,False,False,3.32,1,https://www.cian.ru/sale/flat/299433333/,False,486033.5195530727
15800000.0,16.0,СВАО,40.0,27.0,1,14,2022,False,False,,1,https://www.cian.ru/sale/flat/300329735/,False,395000.0
8600000.0,15.0,ЗАО,17.5,14.0,12,22,1980,False,True,2.7,1,https://www.cian.ru/sale/flat/296150165/,False,491428.5714285714
9390000.0,4.0,ВАО,32.6,19.0,3,9,1968,False,False,2.64,1,https://www.cian.ru/sale/flat/300907778/,False,288036.8098159509
9650000.0,19.0,ЗАО,38.0,19.0,17,17,,False,False,,1,https://www.cian.ru/sale/flat/300442511/,False,253947.36842105264
19990000.0,15.0,ЮВАО,34.0,20.0,6,28,2021,False,False,3.0,1,https://www.cian.ru/sale/flat/299108822/,False,587941.1764705882
30600000.0,8.0,САО,42.0,,16,21,2020,False,False,3.1,1,https://www.cian.ru/sale/flat/299727973/,False,728571.4285714285
9900000.0,15.0,ВАО,40.0,19.0,9,16,1981,False,False,2.65,1,https://www.cian.ru/sale/flat/299884223/,False,247500.0
19000000.0,8.0,СЗАО,35.0,,3,32,2023,False,False,3.0,1,https://www.cian.ru/sale/flat/298159475/,False,542857.1428571428
5450000.0,60.0,ЗАО,18.0,,4,5,,False,True,,1,https://www.cian.ru/sale/flat/286867547/,False,302777.77777777775
22960000.0,12.0,СЗАО,32.8,,15,36,2018,False,True,,1,https://www.cian.ru/sale/flat/296082953/,False,700000.0000000001
12100000.0,7.0,СВАО,35.4,16.2,10,17,2021,False,False,2.8,1,https://www.cian.ru/sale/flat/293574412/,False,341807.9096045198
9999000.0,6.0,САО,38.6,20.0,2,14,1994,False,False,2.64,1,https://www.cian.ru/sale/flat/296044216/,False,259041.45077720206
14700000.0,10.0,ЮВАО,30.0,15.0,5,29,2022,False,False,3.0,1,https://www.cian.ru/sale/flat/299360335/,False,490000.0
8750000.0,,ЮАО,39.0,19.0,1,17,1983,False,False,2.64,1,https://www.cian.ru/sale/flat/283705645/,False,224358.97435897434
7950000.0,20.0,ЮАО,32.2,19.0,1,9,1971,False,False,2.64,1,https://www.cian.ru/sale/flat/300437152/,False,246894.40993788818
15500000.0,10.0,ЦАО,36.0,19.0,7,12,1974,False,False,2.64,1,https://www.cian.ru/sale/flat/299241650/,False,430555.55555555556
15500000.0,6.0,ЦАО,33.6,19.0,2,9,,False,False,,1,https://www.cian.ru/sale/flat/299055856/,False,461309.5238095238
10000000.0,5.0,ЮАО,28.3,13.0,10,12,1975,False,False,2.48,1,https://www.cian.ru/sale/flat/300935419/,False,353356.89045936393
6500000.0,6.0,СВАО,18.2,9.2,2,5,,False,True,,1,https://www.cian.ru/sale/flat/294948955/,False,357142.85714285716
9100000.0,7.0,ЮВАО,33.0,,4,9,1974,False,False,2.64,1,https://www.cian.ru/sale/flat/298728880/,False,275757.57575757575
6500000.0,19.0,ЮВАО,40.6,20.0,6,6,2019,False,True,4.0,1,https://www.cian.ru/sale/flat/300977548/,False,160098.52216748768
10500000.0,11.0,СЗАО,32.9,17.6,3,9,1969,False,False,2.64,1,https://www.cian.ru/sale/flat/299560983/,False,319148.9361702128
21000000.0,4.0,СЗАО,55.7,20.0,2,19,,False,False,,1,https://www.cian.ru/sale/flat/300728418/,False,377019.74865350086
9450000.0,15.0,ВАО,33.0,18.8,5,9,1970,False,False,2.64,1,https://www.cian.ru/sale/flat/299359436/,False,286363.63636363635
8300000.0,17.0,САО,33.2,19.0,2,9,1968,False,False,,1,https://www.cian.ru/sale/flat/300772468/,False,249999.99999999997
20700000.0,17.0,СЗАО,43.0,22.0,18,22,2022,False,True,3.0,1,https://www.cian.ru/sale/flat/297952059/,False,481395.3488372093
21000000.0,8.0,ЦАО,35.0,20.0,4,7,1932,False,False,3.15,1,https://www.cian.ru/sale/flat/297548827/,False,600000.0
9990000.0,4.0,СВАО,35.1,21.5,1,9,,False,False,,1,https://www.cian.ru/sale/flat/295014997/,False,284615.3846153846
10600000.0,2.0,СЗАО,37.1,18.0,13,17,1992,False,False,,1,https://www.cian.ru/sale/flat/298296311/,False,285714.2857142857
10500000.0,10.0,ЗАО,33.0,10.0,22,25,2022,False,False,2.6,1,https://www.cian.ru/sale/flat/295075346/,False,318181.8181818182
10300000.0,11.0,ВАО,35.0,20.0,5,12,1968,False,False,2.64,1,https://www.cian.ru/sale/flat/300417729/,False,294285.71428571426
11500000.0,18.0,ВАО,42.6,18.1,7,14,2013,False,False,2.64,1,https://www.cian.ru/sale/flat/300500053/,False,269953.0516431925
11200000.0,15.0,ЮАО,39.0,19.0,11,17,1989,False,False,2.64,1,https://www.cian.ru/sale/flat/299919212/,False,287179.4871794872
6500000.0,12.0,СВАО,18.0,,4,12,1981,False,False,2.7,1,https://www.cian.ru/sale/flat/300726839/,False,361111.1111111111
11150000.0,14.0,ЮАО,31.5,21.0,8,9,1965,False,False,2.64,1,https://www.cian.ru/sale/flat/300077196/,False,353968.25396825396
12100000.0,18.0,ВАО,39.0,18.0,10,24,2022,False,False,,1,https://www.cian.ru/sale/flat/298488707/,False,310256.41025641025
17500000.0,5.0,САО,37.0,12.0,2,22,2021,False,False,2.8,1,https://www.cian.ru/sale/flat/296989997/,False,472972.97297297296
20990000.0,8.0,ЦАО,38.0,18.0,4,7,1932,False,False,3.0,1,https://www.cian.ru/sale/flat/300745064/,False,552368.4210526316
21500000.0,5.0,ЦАО,40.0,25.0,6,14,1972,False,False,,1,https://www.cian.ru/sale/flat/300572581/,False,537500.0
22350000.0,,ЮЗАО,46.8,,28,34,2023,,,,1,https://www.cian.ru/sale/flat/300190758/,False,477564.1025641026
8300000.0,20.0,ВАО,33.1,19.4,6,9,1972,False,False,2.64,1,https://www.cian.ru/sale/flat/295335071/,False,250755.28700906344
10950000.0,13.0,САО,35.0,20.0,1,12,1969,False,False,2.64,1,https://www.cian.ru/sale/flat/296030466/,False,312857.14285714284
11400000.0,11.0,ЗАО,37.9,18.9,9,23,2007,False,False,2.7,1,https://www.cian.ru/sale/flat/300461258/,False,300791.5567282322
46000000.0,10.0,ЦАО,63.0,21.0,5,14,2013,False,False,,1,https://www.cian.ru/sale/flat/266304398/,False,730158.7301587302
11990000.0,10.0,ЗАО,36.6,20.0,2,9,1974,False,False,2.5,1,https://www.cian.ru/sale/flat/298517117/,False,327595.6284153005
8790000.0,16.0,ЮАО,32.5,,7,9,1974,False,False,2.64,1,https://www.cian.ru/sale/flat/299774427/,False,270461.53846153844
14200000.0,4.0,ВАО,40.0,23.5,3,12,1969,False,False,2.64,1,https://www.cian.ru/sale/flat/298965296/,False,355000.0
11000000.0,13.0,ЮВАО,31.4,19.0,2,2,2023,False,True,5.0,1,https://www.cian.ru/sale/flat/300938241/,False,350318.47133757966
10150000.0,10.0,СВАО,32.6,18.7,4,9,1975,False,False,2.64,1,https://www.cian.ru/sale/flat/298373961/,False,311349.6932515337
8900000.0,3.0,ЮВАО,32.8,18.7,6,9,,,,,1,https://www.cian.ru/sale/flat/295758505/,False,271341.46341463417
12337000.0,2.0,САО,31.9,15.0,2,15,2016,False,True,3.0,1,https://www.cian.ru/sale/flat/297916901/,False,386739.81191222573
12290000.0,9.0,Неизвестно,31.6,21.5,6,9,1964,False,False,2.7,1,https://www.cian.ru/sale/flat/300430616/,False,388924.0506329114
15500000.0,2.0,СВАО,36.3,25.1,14,15,2020,False,True,3.0,1,https://www.cian.ru/sale/flat/299027298/,False,426997.2451790634
25000000.0,11.0,ЦАО,31.2,,5,9,1965,False,False,2.5,1,https://www.cian.ru/sale/flat/300245372/,False,801282.0512820513
2120000.0,14.0,ЮВАО,13.8,5.8,1,16,2001,False,True,3.0,1,https://www.cian.ru/sale/flat/299098459/,False,153623.1884057971
9900000.0,5.0,ВАО,43.2,11.9,11,12,2022,False,False,2.7,1,https://www.cian.ru/sale/flat/296478167/,False,229166.66666666666
8000000.0,4.0,ЮАО,22.0,,15,22,,False,False,,1,https://www.cian.ru/sale/flat/296390586/,False,363636.36363636365
16800000.0,10.0,ЮВАО,37.8,20.3,10,15,2023,False,False,,1,https://www.cian.ru/sale/flat/294768716/,False,444444.4444444445
16400000.0,18.0,Неизвестно,41.4,21.0,17,33,2023,False,False,3.0,1,https://www.cian.ru/sale/flat/299415345/,False,396135.2657004831
15200000.0,17.0,САО,35.2,20.0,12,12,1967,False,False,2.64,1,https://www.cian.ru/sale/flat/300948330/,False,431818.18181818177
7490000.0,19.0,САО,24.9,,7,9,1972,False,False,2.6,1,https://www.cian.ru/sale/flat/299568425/,False,300803.21285140567
14500000.0,14.0,ЮЗАО,37.5,20.0,5,14,2007,False,False,2.75,1,https://www.cian.ru/sale/flat/298572994/,False,386666.6666666667
18600000.0,11.0,СЗАО,37.6,,37,53,2021,False,False,,1,https://www.cian.ru/sale/flat/295760765/,False,494680.8510638298
25000000.0,14.0,ЮВАО,42.0,17.7,3,17,2018,False,False,,1,https://www.cian.ru/sale/flat/300573137/,False,595238.0952380953
8240000.0,7.0,ВАО,30.7,19.3,5,5,1964,False,False,,1,https://www.cian.ru/sale/flat/300019266/,False,268403.9087947883
29890000.0,14.0,ЦАО,45.0,15.0,26,35,2023,,,,1,https://www.cian.ru/sale/flat/297168961/,False,664222.2222222222
29900000.0,14.0,ЮЗАО,37.0,,17,19,,False,True,3.2,1,https://www.cian.ru/sale/flat/297951595/,False,808108.1081081082
9754000.0,12.0,САО,38.4,20.0,4,10,2024,False,True,3.3,1,https://www.cian.ru/sale/flat/300869329/,False,254010.4166666667
10300000.0,5.0,СВАО,37.5,19.1,13,16,,False,False,,1,https://www.cian.ru/sale/flat/297902239/,False,274666.6666666667
17480000.0,14.0,ЦАО,44.9,19.2,11,16,2000,,,,1,https://www.cian.ru/sale/flat/298620907/,False,389309.5768374165
15000000.0,16.0,ЮЗАО,33.0,,4,9,1964,False,False,2.64,1,https://www.cian.ru/sale/flat/299495592/,False,454545.45454545453
9120000.0,12.0,ЮВАО,36.1,21.0,4,9,1980,,,,1,https://www.cian.ru/sale/flat/297473076/,False,252631.5789473684
15800000.0,12.0,ЮВАО,36.8,18.0,3,9,1962,False,False,,1,https://www.cian.ru/sale/flat/298255017/,False,429347.82608695654
12000000.0,6.0,ЮЗАО,30.0,16.0,1,8,1960,False,False,2.7,1,https://www.cian.ru/sale/flat/300332458/,False,400000.0
5900000.0,3.0,ВАО,15.7,12.0,2,3,,False,True,3.3,1,https://www.cian.ru/sale/flat/297261517/,False,375796.1783439491
10000000.0,14.0,СЗАО,38.8,20.5,1,12,1983,False,False,2.64,1,https://www.cian.ru/sale/flat/300886403/,False,257731.9587628866
11300000.0,11.0,СВАО,41.2,,13,19,2015,False,False,2.7,1,https://www.cian.ru/sale/flat/300749553/,False,274271.8446601942
22000000.0,5.0,ЗАО,41.0,20.0,6,15,2022,False,False,3.2,1,https://www.cian.ru/sale/flat/294495712/,False,536585.3658536585
13450000.0,20.0,СВАО,36.2,19.8,6,16,1980,False,False,2.64,1,https://www.cian.ru/sale/flat/300622955/,False,371546.9613259668
11500000.0,6.0,СВАО,38.1,19.9,16,22,,False,False,,1,https://www.cian.ru/sale/flat/279367183/,False,301837.27034120733
9300000.0,7.0,ЮАО,37.2,19.2,16,17,1983,False,False,2.7,1,https://www.cian.ru/sale/flat/299656583/,False,249999.99999999997
4999999.0,2.0,СВАО,20.0,,4,5,1955,False,True,3.0,1,https://www.cian.ru/sale/flat/300710740/,False,249999.95
16200000.0,11.0,ЮАО,42.0,22.0,12,12,2022,False,False,2.75,1,https://www.cian.ru/sale/flat/298704944/,False,385714.28571428574
5444000.0,5.0,ВАО,23.0,15.0,1,12,1977,False,True,2.5,1,https://www.cian.ru/sale/flat/281954303/,False,236695.65217391305
15100000.0,5.0,САО,41.0,18.0,3,16,1983,False,False,2.6,1,https://www.cian.ru/sale/flat/299997376/,False,368292.68292682926
14500000.0,3.0,ЗАО,37.6,18.0,8,17,1984,False,False,2.7,1,https://www.cian.ru/sale/flat/300685886/,False,385638.2978723404
10600000.0,11.0,САО,35.0,15.0,1,14,1994,False,False,2.64,1,https://www.cian.ru/sale/flat/299572625/,False,302857.14285714284
13690000.0,3.0,ЮВАО,40.0,20.0,5,17,1991,False,False,2.7,1,https://www.cian.ru/sale/flat/300782277/,False,342250.0
8900000.0,12.0,САО,34.9,23.0,3,10,2024,False,True,3.3,1,https://www.cian.ru/sale/flat/300868520/,False,255014.32664756448
15400000.0,4.0,САО,32.0,,6,15,2018,False,True,3.0,1,https://www.cian.ru/sale/flat/298939258/,False,481250.0
15890000.0,5.0,ЮЗАО,44.9,19.8,18,24,2003,False,False,2.78,1,https://www.cian.ru/sale/flat/300871933/,False,353897.5501113586
21500000.0,2.0,СВАО,39.7,18.0,14,16,2018,False,False,3.0,1,https://www.cian.ru/sale/flat/299924739/,False,541561.7128463476
18000000.0,10.0,САО,32.1,20.0,4,15,,False,True,,1,https://www.cian.ru/sale/flat/300540943/,False,560747.6635514018
7400000.0,11.0,СВАО,21.0,13.0,1,4,,False,True,,1,https://www.cian.ru/sale/flat/296475423/,False,352380.95238095237
13500000.0,15.0,ЗАО,38.2,21.4,2,9,,False,False,,1,https://www.cian.ru/sale/flat/300616358/,False,353403.14136125654
7300000.0,15.0,ЮВАО,20.0,9.0,10,18,2022,False,False,2.8,1,https://www.cian.ru/sale/flat/291183295/,False,365000.0
7900000.0,15.0,ЗАО,19.6,15.0,12,22,1980,False,True,2.65,1,https://www.cian.ru/sale/flat/294621795/,False,403061.2244897959
26550000.0,14.0,СЗАО,35.4,,9,29,2021,False,True,3.2,1,https://www.cian.ru/sale/flat/300644939/,False,750000.0
7950000.0,3.0,ВАО,32.6,18.0,2,12,1966,False,False,2.64,1,https://www.cian.ru/sale/flat/300050892/,False,243865.0306748466
8700000.0,17.0,ВАО,42.0,19.0,5,16,1988,False,False,2.48,1,https://www.cian.ru/sale/flat/183733799/,False,207142.85714285713
12500000.0,17.0,ЗАО,30.0,12.0,8,19,2019,False,False,,1,https://www.cian.ru/sale/flat/300894636/,False,416666.6666666667
11600000.0,9.0,ЮЗАО,35.0,20.0,6,12,1969,False,False,,1,https://www.cian.ru/sale/flat/294398120/,False,331428.5714285714
6000000.0,3.0,ЮЗАО,37.0,23.5,6,7,2013,False,True,3.2,1,https://www.cian.ru/sale/flat/300193305/,False,162162.16216216216
8200000.0,11.0,ЮЗАО,43.0,20.0,8,17,2007,False,False,2.64,1,https://www.cian.ru/sale/flat/299679053/,False,190697.67441860464
11800000.0,10.0,СЗАО,39.0,21.0,2,12,1981,False,False,2.64,1,https://www.cian.ru/sale/flat/300918991/,False,302564.10256410256
16480000.0,13.0,ЮАО,38.0,,4,19,2016,False,False,2.8,1,https://www.cian.ru/sale/flat/298556166/,False,433684.2105263158
15190000.0,5.0,СЗАО,37.0,20.0,4,21,2002,False,False,,1,https://www.cian.ru/sale/flat/300384806/,False,410540.54054054053
7800000.0,6.0,СЗАО,20.7,,4,4,,False,True,,1,https://www.cian.ru/sale/flat/298261390/,False,376811.59420289856
9990000.0,7.0,ЮВАО,38.3,18.0,16,17,,False,False,,1,https://www.cian.ru/sale/flat/300790165/,False,260835.50913838123
8550000.0,7.0,ЗАО,33.1,22.0,1,9,1966,False,False,2.64,1,https://www.cian.ru/sale/flat/300059358/,False,258308.15709969788
10500000.0,17.0,СВАО,35.1,21.2,5,9,1974,False,False,2.64,1,https://www.cian.ru/sale/flat/299927384/,False,299145.2991452991
30000000.0,8.0,САО,37.5,28.5,3,15,2020,False,True,3.1,1,https://www.cian.ru/sale/flat/300099173/,False,800000.0
16490000.0,15.0,ЗАО,45.0,20.0,19,29,,False,False,,1,https://www.cian.ru/sale/flat/300110674/,False,366444.44444444444
14400000.0,8.0,САО,36.0,19.0,8,9,1970,False,False,2.7,1,https://www.cian.ru/sale/flat/300600845/,False,400000.0
8200000.0,16.0,СЗАО,37.7,1.0,14,28,2023,False,True,3.0,1,https://www.cian.ru/sale/flat/299110504/,False,217506.63129973473
15500000.0,12.0,ЮВАО,38.8,15.0,18,20,2019,False,False,3.0,1,https://www.cian.ru/sale/flat/300551345/,False,399484.5360824743
9000000.0,9.0,ЮЗАО,37.0,19.0,1,12,2000,False,False,2.64,1,https://www.cian.ru/sale/flat/299341352/,False,243243.24324324325
5699999.0,1.0,САО,22.7,,3,3,2022,False,True,3.5,1,https://www.cian.ru/sale/flat/294911919/,False,251101.27753303965
7495000.0,7.0,ЮВАО,18.9,10.9,1,7,,False,True,4.0,1,https://www.cian.ru/sale/flat/296279120/,False,396560.8465608466
24000000.0,17.0,САО,44.0,11.8,9,27,2022,False,False,,1,https://www.cian.ru/sale/flat/300463313/,False,545454.5454545454
5600000.0,12.0,ВАО,15.0,,4,4,,False,True,,1,https://www.cian.ru/sale/flat/296522814/,False,373333.3333333333
12900000.0,4.0,СВАО,43.0,20.0,15,16,2023,False,False,2.8,1,https://www.cian.ru/sale/flat/300224325/,False,300000.0
14500000.0,16.0,ЗАО,42.0,18.0,16,25,1998,False,False,2.8,1,https://www.cian.ru/sale/flat/295181332/,False,345238.09523809527
10750000.0,16.0,ВАО,40.0,19.0,17,24,2007,False,False,2.78,1,https://www.cian.ru/sale/flat/300966108/,False,268750.0
11200000.0,13.0,СВАО,34.0,,4,5,1959,False,False,2.95,1,https://www.cian.ru/sale/flat/299962573/,False,329411.76470588235
9300000.0,13.0,ЮЗАО,38.3,,2,14,,False,False,,1,https://www.cian.ru/sale/flat/297263854/,False,242819.84334203656
18900000.0,4.0,ЮАО,41.7,15.9,23,26,2023,False,False,3.0,1,https://www.cian.ru/sale/flat/295736833/,False,453237.41007194243
26900000.0,1.0,ЮЗАО,55.0,35.0,20,22,2012,False,False,3.4,1,https://www.cian.ru/sale/flat/296147935/,False,489090.9090909091
9490000.0,9.0,ЮАО,39.3,20.0,7,12,1982,False,False,2.64,1,https://www.cian.ru/sale/flat/300824342/,False,241475.8269720102
11300000.0,15.0,ЮЗАО,42.1,17.6,2,12,,False,False,,1,https://www.cian.ru/sale/flat/300838166/,False,268408.5510688836
9300000.0,3.0,ВАО,39.1,24.0,1,12,,False,False,2.64,1,https://www.cian.ru/sale/flat/300779233/,False,237851.66240409206
9100000.0,1.0,ВАО,38.0,18.9,14,14,2006,False,False,2.74,1,https://www.cian.ru/sale/flat/300448810/,False,239473.68421052632
11399000.0,2.0,ЮЗАО,38.0,19.0,13,17,1991,False,False,2.75,1,https://www.cian.ru/sale/flat/300832025/,False,299973.6842105263
6500000.0,5.0,ЗАО,31.5,21.3,4,9,,False,False,,1,https://www.cian.ru/sale/flat/299237703/,False,206349.20634920636
8000000.0,15.0,ВАО,32.0,18.0,1,5,1960,False,False,2.7,1,https://www.cian.ru/sale/flat/292648915/,False,250000.0
38000000.0,5.0,ЦАО,61.3,,11,12,2019,False,True,3.4,1,https://www.cian.ru/sale/flat/292989536/,False,619902.1207177815
8200000.0,16.0,ЮАО,32.7,19.0,8,9,1974,False,False,2.6,1,https://www.cian.ru/sale/flat/299610779/,False,250764.52599388378
23700000.0,4.0,СЗАО,43.0,,21,49,2023,False,False,3.1,1,https://www.cian.ru/sale/flat/300553598/,False,551162.7906976744
27500000.0,9.0,ЗАО,50.0,25.0,12,21,,False,False,,1,https://www.cian.ru/sale/flat/293328305/,False,550000.0
10450000.0,7.0,ЮАО,37.9,18.9,14,17,1986,False,False,2.64,1,https://www.cian.ru/sale/flat/299938068/,False,275725.59366754617
7200000.0,8.0,ЦАО,19.0,7.0,2,3,1900,False,True,,1,https://www.cian.ru/sale/flat/296211422/,False,378947.36842105264
13990000.0,6.0,ЮАО,39.0,,12,16,1981,False,False,2.64,1,https://www.cian.ru/sale/flat/298934809/,False,358717.9487179487
7900000.0,5.0,СЗАО,26.4,,13,22,2022,False,True,,1,https://www.cian.ru/sale/flat/296629506/,False,299242.42424242425
4250000.0,16.0,ЮЗАО,11.2,2.2,3,31,2018,False,True,2.7,1,https://www.cian.ru/sale/flat/290185551/,False,379464.28571428574
11100000.0,10.0,ЗАО,34.0,19.0,1,5,1960,False,False,2.7,1,https://www.cian.ru/sale/flat/299032300/,False,326470.5882352941
19000000.0,,СЗАО,43.0,22.0,19,22,,False,True,3.0,1,https://www.cian.ru/sale/flat/300397973/,False,441860.4651162791
18000000.0,12.0,СЗАО,32.0,19.0,2,37,2018,False,True,3.2,1,https://www.cian.ru/sale/flat/299655895/,False,562500.0
18500000.0,10.0,СЗАО,41.0,,12,28,2022,False,False,3.02,1,https://www.cian.ru/sale/flat/298839224/,False,451219.51219512196
8690000.0,11.0,ЦАО,21.6,,3,8,1957,False,True,3.0,1,https://www.cian.ru/sale/flat/290627963/,False,402314.8148148148
14200000.0,5.0,СЗАО,40.6,26.0,18,25,,False,False,2.85,1,https://www.cian.ru/sale/flat/298599181/,False,349753.69458128075
10100000.0,20.0,САО,35.0,,3,12,1968,False,False,2.64,1,https://www.cian.ru/sale/flat/300501002/,False,288571.4285714286
19700000.0,13.0,ЗАО,33.0,,5,9,1962,False,False,3.0,1,https://www.cian.ru/sale/flat/300709125/,False,596969.696969697
11990000.0,14.0,ЮЗАО,35.0,17.4,9,9,1968,False,False,2.64,1,https://www.cian.ru/sale/flat/300133799/,False,342571.4285714286
10900000.0,10.0,ЮВАО,37.8,18.9,3,17,,False,False,,1,https://www.cian.ru/sale/flat/299570022/,False,288359.78835978836
73000000.0,11.0,ЦАО,49.0,,2,8,,False,True,,1,https://www.cian.ru/sale/flat/300885088/,False,1489795.918367347
8100000.0,7.0,ВАО,38.0,19.0,10,17,1985,False,False,2.65,1,https://www.cian.ru/sale/flat/298115061/,False,213157.8947368421
7000000.0,14.0,ЗАО,20.3,9.3,5,16,,False,False,,1,https://www.cian.ru/sale/flat/294760157/,False,344827.5862068965
9300000.0,7.0,СВАО,33.0,18.0,4,9,,False,False,,1,https://www.cian.ru/sale/flat/287487167/,False,281818.1818181818
15000000.0,8.0,ЦАО,32.8,,11,12,1966,False,False,2.64,1,https://www.cian.ru/sale/flat/298085850/,False,457317.0731707318
23000000.0,10.0,ЮАО,33.0,17.5,4,5,1934,False,False,2.8,1,https://www.cian.ru/sale/flat/300608412/,False,696969.696969697
15300000.0,,ВАО,45.8,21.4,10,14,2004,False,False,2.8,1,https://www.cian.ru/sale/flat/292545798/,False,334061.1353711791
9300000.0,12.0,ЮАО,38.7,21.0,12,12,,False,False,,1,https://www.cian.ru/sale/flat/299776431/,False,240310.07751937982
22500000.0,13.0,Неизвестно,37.0,,8,16,2022,False,False,3.0,1,https://www.cian.ru/sale/flat/300160132/,False,608108.1081081082
2250000.0,15.0,САО,31.6,18.0,1,5,1967,False,False,,1,https://www.cian.ru/sale/flat/298991779/,False,71202.53164556962
34990000.0,13.0,ЦАО,43.3,,16,53,2023,False,False,,1,https://www.cian.ru/sale/flat/297089420/,False,808083.1408775982
35490000.0,13.0,САО,40.1,20.0,20,41,,False,False,,1,https://www.cian.ru/sale/flat/300393598/,False,885037.4064837905
8450000.0,19.0,СВАО,32.2,12.0,16,18,,False,True,,1,https://www.cian.ru/sale/flat/298622666/,False,262422.36024844716
13800000.0,17.0,СЗАО,40.3,30.0,9,28,,False,True,,1,https://www.cian.ru/sale/flat/300592124/,False,342431.7617866005
17500000.0,4.0,СЗАО,42.9,25.0,14,47,,False,False,3.1,1,https://www.cian.ru/sale/flat/300664236/,False,407925.4079254079
29780000.0,2.0,Неизвестно,42.1,13.5,9,21,,False,True,,1,https://www.cian.ru/sale/flat/299726123/,False,707363.4204275535
18300000.0,12.0,ЦАО,38.7,20.0,13,14,2011,False,False,2.75,1,https://www.cian.ru/sale/flat/297215041/,False,472868.2170542635
12990000.0,14.0,ЗАО,35.0,21.0,1,9,1972,False,False,2.64,1,https://www.cian.ru/sale/flat/300197540/,False,371142.85714285716
11900000.0,11.0,ЮВАО,38.6,20.8,4,9,2000,False,False,2.9,1,https://www.cian.ru/sale/flat/300155365/,False,308290.1554404145
11400000.0,15.0,ВАО,38.2,19.2,14,16,1976,False,False,2.7,1,https://www.cian.ru/sale/flat/294166690/,False,298429.3193717277
8300000.0,15.0,ВАО,30.4,18.0,1,5,1960,False,False,,1,https://www.cian.ru/sale/flat/298978405/,False,273026.3157894737
8000000.0,16.0,Неизвестно,32.6,12.0,2,18,,False,True,,1,https://www.cian.ru/sale/flat/296406224/,False,245398.77300613496
12000000.0,16.0,САО,36.6,19.3,4,24,2023,False,False,,1,https://www.cian.ru/sale/flat/298620400/,False,327868.8524590164
15300000.0,3.0,СВАО,40.0,12.0,13,22,2022,False,False,3.0,1,https://www.cian.ru/sale/flat/296383358/,False,382500.0
13400000.0,14.0,ЮЗАО,39.0,20.0,13,16,1981,False,False,2.64,1,https://www.cian.ru/sale/flat/298755272/,False,343589.74358974356
7490000.0,7.0,СВАО,19.1,10.1,7,7,,False,True,,1,https://www.cian.ru/sale/flat/298794106/,False,392146.5968586387
10000000.0,8.0,СВАО,38.5,20.6,2,12,1981,False,False,2.64,1,https://www.cian.ru/sale/flat/300824442/,False,259740.25974025973
5850000.0,,САО,22.8,14.0,2,3,,False,True,3.4,1,https://www.cian.ru/sale/flat/300272054/,False,256578.94736842104
13900000.0,3.0,САО,38.0,19.2,10,17,2001,False,False,2.7,1,https://www.cian.ru/sale/flat/299875131/,False,365789.4736842105
7000000.0,11.0,ЮАО,21.7,12.7,2,3,,False,True,,1,https://www.cian.ru/sale/flat/300395248/,False,322580.64516129036
14980000.0,20.0,СЗАО,48.0,15.0,4,19,2023,False,False,3.0,1,https://www.cian.ru/sale/flat/300148604/,False,312083.3333333333
7100000.0,7.0,ВАО,29.4,15.5,2,5,1972,False,False,2.77,1,https://www.cian.ru/sale/flat/300373889/,False,241496.5986394558
11800000.0,19.0,СЗАО,39.9,19.0,4,4,1948,False,False,3.2,1,https://www.cian.ru/sale/flat/299093726/,False,295739.3483709273
21800000.0,8.0,ЗАО,36.3,19.0,25,26,,False,False,,1,https://www.cian.ru/sale/flat/297951795/,False,600550.9641873279
13850000.0,10.0,ЮАО,40.3,22.6,21,24,2022,False,False,2.9,1,https://www.cian.ru/sale/flat/296405462/,False,343672.4565756824
11300000.0,5.0,СВАО,38.0,25.0,5,17,,False,False,,1,https://www.cian.ru/sale/flat/299356077/,False,297368.4210526316
14200000.0,5.0,СВАО,42.4,21.0,2,23,2021,False,False,2.8,1,https://www.cian.ru/sale/flat/297722022/,False,334905.6603773585
7000000.0,4.0,СВАО,21.0,13.0,9,16,,False,True,,1,https://www.cian.ru/sale/flat/297150227/,False,333333.3333333333
9100000.0,10.0,ВАО,36.0,19.3,4,16,,False,False,,1,https://www.cian.ru/sale/flat/299944808/,False,252777.77777777778
7500000.0,8.0,ЮАО,32.5,19.0,1,9,1973,False,False,2.64,1,https://www.cian.ru/sale/flat/300413307/,False,230769.23076923078
10850000.0,20.0,ВАО,38.7,20.4,4,9,1983,False,False,2.7,1,https://www.cian.ru/sale/flat/300377102/,False,280361.7571059431
8150000.0,5.0,ВАО,33.1,19.1,3,9,1973,False,False,2.64,1,https://www.cian.ru/sale/flat/297901577/,False,246223.56495468278
17970000.0,20.0,СЗАО,36.0,15.0,20,25,2022,False,False,2.8,1,https://www.cian.ru/sale/flat/300246480/,False,499166.6666666667
7650000.0,19.0,САО,35.0,22.0,4,7,2022,False,True,4.2,1,https://www.cian.ru/sale/flat/298702852/,False,218571.42857142858
13300000.0,4.0,ВАО,44.5,,22,24,2007,False,False,2.78,1,https://www.cian.ru/sale/flat/295618764/,False,298876.40449438203
13590000.0,8.0,ЗАО,34.9,,5,12,1967,False,False,2.6,1,https://www.cian.ru/sale/flat/300787335/,False,389398.2808022923
21900000.0,3.0,СЗАО,41.4,17.0,7,22,2020,False,False,3.1,1,https://www.cian.ru/sale/flat/300685195/,False,528985.5072463768
6990000.0,7.0,ВАО,21.0,,1,6,1927,False,True,3.0,1,https://www.cian.ru/sale/flat/300302065/,False,332857.14285714284
13500000.0,14.0,ЮАО,37.0,18.0,10,23,1984,False,False,2.75,1,https://www.cian.ru/sale/flat/300277635/,False,364864.86486486485
12990000.0,8.0,ЗАО,34.5,17.1,5,19,2019,False,False,,1,https://www.cian.ru/sale/flat/300146036/,False,376521.73913043475
14500000.0,5.0,САО,37.9,19.0,12,17,1986,False,False,2.75,1,https://www.cian.ru/sale/flat/298554787/,False,382585.75197889184
10000000.0,9.0,ЗАО,39.0,21.0,2,14,1988,False,False,2.64,1,https://www.cian.ru/sale/flat/300305305/,False,256410.2564102564
10390000.0,10.0,САО,27.0,,5,8,1961,False,False,2.8,1,https://www.cian.ru/sale/flat/300646975/,False,384814.81481481483
9850000.0,,ВАО,29.6,17.1,4,9,1968,False,False,2.64,1,https://www.cian.ru/sale/flat/265719814/,False,332770.27027027024
21000000.0,4.0,ЗАО,45.0,25.0,18,28,2021,False,False,3.0,1,https://www.cian.ru/sale/flat/300134952/,False,466666.6666666667
6854250.0,12.0,ЮВАО,34.9,,1,9,1980,False,True,2.5,1,https://www.cian.ru/sale/flat/296746930/,False,196396.84813753582
16000000.0,12.0,ЗАО,41.9,21.5,19,19,2022,False,False,2.72,1,https://www.cian.ru/sale/flat/300703424/,False,381861.57517899765
26000000.0,3.0,САО,51.0,26.0,18,32,2010,False,False,3.0,1,https://www.cian.ru/sale/flat/300069031/,False,509803.92156862747
18700000.0,14.0,ЗАО,37.7,17.7,7,27,,False,False,,1,https://www.cian.ru/sale/flat/300110671/,False,496021.2201591512
7500000.0,5.0,САО,15.3,7.3,7,9,,False,False,,1,https://www.cian.ru/sale/flat/300591126/,False,490196.07843137253
8700000.0,17.0,СЗАО,31.8,18.0,2,4,,False,False,,1,https://www.cian.ru/sale/flat/300691951/,False,273584.90566037735
8450000.0,15.0,ЮВАО,20.0,14.0,14,23,2023,False,False,,1,https://www.cian.ru/sale/flat/300430476/,False,422500.0
25000000.0,4.0,СЗАО,43.2,20.0,4,20,,False,False,,1,https://www.cian.ru/sale/flat/285973385/,False,578703.7037037037
10490000.0,5.0,ЮАО,32.7,,2,12,1975,False,False,2.5,1,https://www.cian.ru/sale/flat/300635008/,False,320795.1070336391
8400000.0,15.0,ЮАО,35.0,20.0,5,9,,False,False,,1,https://www.cian.ru/sale/flat/300444908/,False,240000.0
14150000.0,11.0,ЮЗАО,38.5,19.0,17,17,2010,False,False,2.74,1,https://www.cian.ru/sale/flat/300454579/,False,367532.4675324675
13500000.0,5.0,САО,34.8,20.0,6,16,2020,False,True,2.8,1,https://www.cian.ru/sale/flat/298982026/,False,387931.03448275867
5445000.0,2.0,СВАО,19.8,,2,5,,False,True,3.15,1,https://www.cian.ru/sale/flat/299884766/,False,275000.0
5723000.0,1.0,СВАО,19.4,,3,5,,False,True,3.15,1,https://www.cian.ru/sale/flat/299880337/,False,295000.0
8590000.0,15.0,СЗАО,29.6,18.3,1,5,1960,False,False,2.7,1,https://www.cian.ru/sale/flat/298868538/,False,290202.70270270266
6400000.0,15.0,ВАО,24.0,16.0,2,6,1970,False,True,3.3,1,https://www.cian.ru/sale/flat/300184257/,False,266666.6666666667
7700000.0,15.0,ЮЗАО,35.0,15.0,12,14,2008,False,False,2.64,1,https://www.cian.ru/sale/flat/296254383/,False,220000.0
9900000.0,7.0,ЗАО,41.0,19.0,15,22,,False,False,,1,https://www.cian.ru/sale/flat/300146314/,False,241463.41463414635
12300000.0,19.0,САО,35.2,11.7,14,33,2021,False,False,,1,https://www.cian.ru/sale/flat/300150280/,False,349431.8181818182
9800000.0,9.0,ЮВАО,41.4,18.0,9,17,2011,False,False,2.8,1,https://www.cian.ru/sale/flat/300946150/,False,236714.97584541063
16300000.0,11.0,ЮАО,38.0,18.3,7,20,,False,False,3.0,1,https://www.cian.ru/sale/flat/296209050/,False,428947.36842105264
8300000.0,9.0,ЮАО,33.0,18.0,9,12,,False,False,,1,https://www.cian.ru/sale/flat/299729992/,False,251515.15151515152
15000000.0,11.0,СВАО,39.1,11.7,20,32,2023,False,False,2.75,1,https://www.cian.ru/sale/flat/300067352/,False,383631.7135549872
8300000.0,12.0,ЮВАО,30.0,18.0,2,5,1964,False,False,2.5,1,https://www.cian.ru/sale/flat/298808258/,False,276666.6666666667
12500000.0,7.0,ВАО,34.0,19.0,1,13,1975,False,False,2.5,1,https://www.cian.ru/sale/flat/300691248/,False,367647.0588235294
67500000.0,10.0,СЗАО,106.1,18.3,49,58,2022,False,False,,1,https://www.cian.ru/sale/flat/300752525/,False,636192.2714420358
8200000.0,20.0,ЗАО,23.5,18.0,3,5,1968,False,False,2.5,1,https://www.cian.ru/sale/flat/300845591/,False,348936.170212766
11990000.0,15.0,ВАО,31.9,,16,21,2023,False,True,2.62,1,https://www.cian.ru/sale/flat/300137251/,False,375862.0689655173
13890000.0,16.0,СЗАО,35.7,12.2,13,21,2023,False,False,3.1,1,https://www.cian.ru/sale/flat/300073845/,False,389075.6302521008
8100000.0,12.0,Неизвестно,19.0,,7,12,1981,False,False,2.7,1,https://www.cian.ru/sale/flat/300141878/,False,426315.7894736842
16200000.0,17.0,ЮВАО,40.4,13.0,4,30,2022,False,False,2.9,1,https://www.cian.ru/sale/flat/300865217/,False,400990.099009901
5155000.0,2.0,СВАО,20.3,,3,5,1955,False,True,3.0,1,https://www.cian.ru/sale/flat/300667780/,False,253940.8866995074
6137000.0,12.0,ЮВАО,26.8,15.0,5,9,1980,False,True,2.6,1,https://www.cian.ru/sale/flat/300484391/,False,228992.53731343284
17900000.0,8.0,ЗАО,40.0,18.0,14,31,,False,False,,1,https://www.cian.ru/sale/flat/300197753/,False,447500.0
10990000.0,7.0,ЮАО,38.1,19.2,7,17,,False,False,,1,https://www.cian.ru/sale/flat/294267082/,False,288451.4435695538
10500000.0,11.0,САО,30.5,18.5,2,5,1963,False,False,2.5,1,https://www.cian.ru/sale/flat/300617206/,False,344262.2950819672
60000000.0,6.0,Неизвестно,60.0,,12,13,,False,True,,1,https://www.cian.ru/sale/flat/293370044/,False,1000000.0
7580000.0,3.0,ВАО,32.0,18.0,2,9,,False,False,,1,https://www.cian.ru/sale/flat/299472933/,False,236875.0
13300000.0,17.0,ЮВАО,42.0,20.0,15,17,2023,False,False,2.8,1,https://www.cian.ru/sale/flat/298260764/,False,316666.6666666667
10990000.0,9.0,ЮВАО,38.4,20.0,17,19,2018,False,False,2.74,1,https://www.cian.ru/sale/flat/300821406/,False,286197.9166666667
5900000.0,12.0,ВАО,30.0,21.0,-1,7,,False,True,,1,https://www.cian.ru/sale/flat/297954187/,True,196666.66666666666
10200000.0,6.0,ВАО,38.0,21.0,3,9,1970,False,False,2.64,1,https://www.cian.ru/sale/flat/299278048/,False,268421.05263157893
12699000.0,7.0,СВАО,35.4,16.2,10,17,2021,False,False,2.8,1,https://www.cian.ru/sale/flat/298657575/,False,358728.81355932204
9215000.0,12.0,ЮВАО,36.5,,9,9,1980,False,False,2.5,1,https://www.cian.ru/sale/flat/298882717/,False,252465.75342465754
15000000.0,5.0,САО,33.8,15.0,17,17,2018,False,False,3.0,1,https://www.cian.ru/sale/flat/299989219/,False,443786.98224852077
60000000.0,6.0,ЦАО,60.0,,12,13,2016,False,True,3.0,1,https://www.cian.ru/sale/flat/289242301/,False,1000000.0
14800000.0,8.0,ЮВАО,41.1,15.0,14,26,2023,False,False,2.7,1,https://www.cian.ru/sale/flat/299560332/,False,360097.32360097324
12200000.0,10.0,САО,35.3,17.0,9,14,,False,True,,1,https://www.cian.ru/sale/flat/299589586/,False,345609.0651558074
9900000.0,13.0,ЮАО,38.5,19.5,2,16,,False,False,,1,https://www.cian.ru/sale/flat/299567278/,False,257142.85714285713
15990000.0,16.0,ЮАО,45.9,20.0,21,21,2006,False,False,2.78,1,https://www.cian.ru/sale/flat/300334903/,False,348366.01307189546
9500000.0,8.0,ЮЗАО,36.0,16.0,1,12,1999,False,False,2.7,1,https://www.cian.ru/sale/flat/300301003/,False,263888.8888888889
10499000.0,11.0,ЮВАО,38.0,16.6,8,19,2013,False,False,2.78,1,https://www.cian.ru/sale/flat/300959550/,False,276289.4736842105
24500000.0,5.0,САО,39.9,,15,24,2022,False,False,3.1,1,https://www.cian.ru/sale/flat/297841625/,False,614035.0877192983
5230000.0,2.0,СВАО,20.6,,2,5,1955,False,True,3.0,1,https://www.cian.ru/sale/flat/293859596/,False,253883.49514563105
6299000.0,15.0,ВАО,29.5,,6,6,2023,False,True,6.0,1,https://www.cian.ru/sale/flat/285374995/,False,213525.42372881356
8500000.0,20.0,СВАО,32.6,20.0,4,9,1975,False,False,2.64,1,https://www.cian.ru/sale/flat/299733663/,False,260736.1963190184
11790000.0,15.0,ЦАО,31.0,18.0,3,8,1961,False,False,2.75,1,https://www.cian.ru/sale/flat/299147351/,False,380322.5806451613
8100000.0,16.0,СВАО,30.7,17.7,5,18,2023,False,True,3.0,1,https://www.cian.ru/sale/flat/299217031/,False,263843.64820846904
8200000.0,11.0,САО,36.0,19.0,4,4,1957,False,False,3.2,1,https://www.cian.ru/sale/flat/298484384/,False,227777.77777777778
6700000.0,18.0,САО,26.0,16.2,4,4,1975,False,True,,1,https://www.cian.ru/sale/flat/298225520/,False,257692.3076923077
12490000.0,6.0,ЮВАО,38.0,20.0,12,14,1971,False,False,2.7,1,https://www.cian.ru/sale/flat/298730339/,False,328684.2105263158
8270000.0,,ЮАО,32.4,19.0,3,9,1971,False,False,2.64,1,https://www.cian.ru/sale/flat/299322012/,False,255246.91358024694
5000000.0,3.0,ЮЗАО,16.0,7.0,6,7,2013,False,True,3.2,1,https://www.cian.ru/sale/flat/300611210/,False,312500.0
12000000.0,16.0,СЗАО,36.7,18.7,1,9,1979,False,False,2.64,1,https://www.cian.ru/sale/flat/299920940/,False,326975.47683923703
6300000.0,1.0,ВАО,18.3,16.0,3,4,,False,True,2.8,1,https://www.cian.ru/sale/flat/296717856/,False,344262.2950819672
17000000.0,10.0,СЗАО,34.7,11.6,24,53,2022,False,False,3.1,1,https://www.cian.ru/sale/flat/289908475/,False,489913.54466858786
15550000.0,,ЗАО,38.0,,9,17,1984,False,False,2.64,1,https://www.cian.ru/sale/flat/296688010/,False,409210.5263157895
13550000.0,11.0,СЗАО,37.2,,3,16,1981,False,False,2.64,1,https://www.cian.ru/sale/flat/299496599/,False,364247.311827957
12500000.0,6.0,ЮЗАО,37.0,16.7,4,17,2005,False,False,2.78,1,https://www.cian.ru/sale/flat/300311562/,False,337837.8378378378
10900000.0,9.0,ЗАО,34.9,21.0,2,14,1973,False,False,2.7,1,https://www.cian.ru/sale/flat/298556528/,False,312320.9169054441
11000000.0,5.0,ЮАО,37.0,19.1,7,16,1995,False,False,2.6,1,https://www.cian.ru/sale/flat/299027336/,False,297297.2972972973
14100000.0,13.0,САО,36.19,12.0,10,22,2023,False,False,2.7,1,https://www.cian.ru/sale/flat/300889696/,False,389610.38961038965
7600000.0,9.0,ЗАО,32.6,18.0,10,12,1979,False,False,2.7,1,https://www.cian.ru/sale/flat/291066914/,False,233128.8343558282
25000000.0,14.0,ЮВАО,42.0,17.7,3,15,2018,False,False,2.8,1,https://www.cian.ru/sale/flat/300436978/,False,595238.0952380953
7588000.0,13.0,ЮЗАО,38.0,19.1,10,17,2009,False,False,2.7,1,https://www.cian.ru/sale/flat/296151287/,False,199684.2105263158
17250000.0,14.0,ЗАО,36.2,,5,27,2022,False,False,2.95,1,https://www.cian.ru/sale/flat/300622309/,False,476519.3370165746
11400000.0,3.0,ЮАО,38.9,20.9,5,12,1976,False,False,2.64,1,https://www.cian.ru/sale/flat/300528636/,False,293059.1259640103
11500000.0,13.0,ЮВАО,37.2,14.5,5,18,2018,False,False,2.65,1,https://www.cian.ru/sale/flat/299814181/,False,309139.7849462365
7600000.0,3.0,Неизвестно,33.0,19.0,2,9,1976,False,False,2.64,1,https://www.cian.ru/sale/flat/300708101/,False,230303.0303030303
10000000.0,10.0,ЮВАО,39.1,21.0,10,14,1986,False,False,2.64,1,https://www.cian.ru/sale/flat/300560954/,False,255754.4757033248
10700000.0,19.0,ЗАО,34.4,18.8,1,4,1949,False,False,3.0,1,https://www.cian.ru/sale/flat/299728439/,False,311046.511627907
8600000.0,7.0,ЦАО,21.0,14.0,4,4,1917,False,True,3.85,1,https://www.cian.ru/sale/flat/300391726/,False,409523.8095238095
7250000.0,5.0,ЗАО,13.0,5.0,9,10,1986,False,True,,1,https://www.cian.ru/sale/flat/281954881/,False,557692.3076923077
10700000.0,21.0,ЗАО,35.3,19.5,10,14,1969,False,False,2.64,1,https://www.cian.ru/sale/flat/298131853/,False,303116.1473087819
14390000.0,3.0,ЮАО,38.2,20.1,6,9,1961,False,False,3.0,1,https://www.cian.ru/sale/flat/300660959/,False,376701.57068062824
21000000.0,,СЗАО,34.0,15.0,6,36,2023,False,False,3.05,1,https://www.cian.ru/sale/flat/298526069/,False,617647.0588235294
8200000.0,5.0,Неизвестно,39.2,21.0,1,14,1990,False,False,2.64,1,https://www.cian.ru/sale/flat/297030030/,False,209183.67346938775
8300000.0,15.0,ЮВАО,32.0,17.0,6,17,2019,False,False,2.7,1,https://www.cian.ru/sale/flat/300418834/,False,259375.0
7500000.0,8.0,ЗАО,30.4,18.7,5,5,1967,False,False,,1,https://www.cian.ru/sale/flat/298101474/,False,246710.5263157895
11800000.0,15.0,ЮЗАО,33.0,19.0,8,9,1977,False,False,2.64,1,https://www.cian.ru/sale/flat/300793062/,False,357575.75757575757
2200000.0,17.0,ЮЗАО,34.9,,5,16,,False,False,2.5,1,https://www.cian.ru/sale/flat/296830781/,False,63037.249283667625
10500000.0,13.0,ЮЗАО,34.83,19.6,3,5,1960,False,False,2.8,1,https://www.cian.ru/sale/flat/300797878/,False,301464.25495262706
24700000.0,5.0,СЗАО,40.6,26.5,6,29,2023,False,False,,1,https://www.cian.ru/sale/flat/296064946/,False,608374.3842364532
9000000.0,13.0,ЮАО,43.4,24.5,6,6,2021,False,True,4.0,1,https://www.cian.ru/sale/flat/297366114/,False,207373.27188940093
8000000.0,9.0,ЮВАО,30.1,19.0,7,9,1968,False,False,2.6,1,https://www.cian.ru/sale/flat/298847221/,False,265780.73089700995
18300000.0,14.0,ЗАО,37.7,11.0,7,27,2022,False,False,2.9,1,https://www.cian.ru/sale/flat/300836735/,False,485411.14058355434
13550000.0,5.0,ЮАО,39.8,21.0,3,23,,False,False,2.6,1,https://www.cian.ru/sale/flat/299167916/,False,340452.26130653266
9699000.0,7.0,ЗАО,38.0,20.0,16,22,2006,False,False,2.64,1,https://www.cian.ru/sale/flat/299727317/,False,255236.84210526315
8590000.0,15.0,ЗАО,17.3,13.0,6,22,1980,False,True,2.65,1,https://www.cian.ru/sale/flat/295014010/,False,496531.79190751445
7500000.0,10.0,СВАО,25.3,17.3,1,9,1976,False,False,2.64,1,https://www.cian.ru/sale/flat/299267264/,False,296442.6877470356
11600000.0,11.0,ВАО,33.7,18.0,5,5,1951,False,False,3.0,1,https://www.cian.ru/sale/flat/292408397/,False,344213.649851632
13990000.0,8.0,ЗАО,36.0,,9,9,1970,False,False,2.64,1,https://www.cian.ru/sale/flat/300664967/,False,388611.1111111111
25200000.0,17.0,ЗАО,49.0,25.0,20,23,,False,False,,1,https://www.cian.ru/sale/flat/297827625/,False,514285.71428571426
6990000.0,9.0,ЦАО,10.9,,5,5,,False,True,,1,https://www.cian.ru/sale/flat/294544035/,False,641284.4036697247
9500000.0,15.0,ВАО,30.0,13.0,6,9,1972,False,False,2.5,1,https://www.cian.ru/sale/flat/300295943/,False,316666.6666666667
11250000.0,4.0,ЗАО,32.0,21.5,2,9,1962,False,False,2.64,1,https://www.cian.ru/sale/flat/300870617/,False,351562.5
8250000.0,14.0,ЮВАО,32.6,18.8,1,9,1980,False,False,2.64,1,https://www.cian.ru/sale/flat/297731761/,False,253067.48466257667
12000000.0,15.0,ЮВАО,34.7,19.1,6,16,1982,False,False,2.48,1,https://www.cian.ru/sale/flat/299565713/,False,345821.32564841496
10950000.0,20.0,СЗАО,36.2,14.3,6,25,2019,False,False,2.74,1,https://www.cian.ru/sale/flat/298169068/,False,302486.18784530385
14850000.0,10.0,САО,43.7,19.3,10,12,1975,False,False,2.65,1,https://www.cian.ru/sale/flat/300553239/,False,339816.93363844394
7105000.0,7.0,ЮВАО,24.5,16.0,1,7,1956,False,True,4.0,1,https://www.cian.ru/sale/flat/291960828/,False,290000.0
21900000.0,15.0,ЮВАО,50.0,20.0,24,30,2024,False,False,3.0,1,https://www.cian.ru/sale/flat/300155347/,False,438000.0
8250000.0,9.0,ЮАО,34.2,18.0,9,9,1973,False,False,2.64,1,https://www.cian.ru/sale/flat/297943447/,False,241228.07017543857
10600000.0,2.0,САО,30.0,19.0,5,5,1960,False,False,2.48,1,https://www.cian.ru/sale/flat/298743351/,False,353333.3333333333
9500000.0,11.0,ЮВАО,39.3,18.9,8,25,2016,False,False,,1,https://www.cian.ru/sale/flat/296135318/,False,241730.27989821884
8200000.0,11.0,САО,35.7,18.8,4,4,1957,False,False,3.2,1,https://www.cian.ru/sale/flat/298546312/,False,229691.87675070026
21000000.0,5.0,ЗАО,41.0,20.0,3,28,2022,False,False,3.12,1,https://www.cian.ru/sale/flat/299210533/,False,512195.1219512195
11599000.0,17.0,САО,35.2,19.6,2,12,1967,False,False,2.5,1,https://www.cian.ru/sale/flat/300419481/,False,329517.0454545454
9800000.0,8.0,ВАО,35.5,20.2,8,12,1967,False,False,,1,https://www.cian.ru/sale/flat/298174244/,False,276056.338028169
9100000.0,5.0,СЗАО,30.0,18.0,2,5,1967,False,False,,1,https://www.cian.ru/sale/flat/299920319/,False,303333.3333333333
15000000.0,6.0,ЦАО,27.0,19.0,2,6,1928,False,True,3.1,1,https://www.cian.ru/sale/flat/292654290/,False,555555.5555555555
6800000.0,19.0,Неизвестно,30.0,14.0,6,6,2019,False,True,4.0,1,https://www.cian.ru/sale/flat/292447340/,False,226666.66666666666
7800000.0,11.0,ЮАО,18.0,9.0,2,4,1999,False,True,,1,https://www.cian.ru/sale/flat/300745951/,False,433333.3333333333
13000000.0,14.0,ЮАО,38.7,20.8,4,12,1982,False,False,,1,https://www.cian.ru/sale/flat/300647536/,False,335917.31266149867
6825000.0,12.0,ЮВАО,30.3,,3,9,1980,False,True,2.5,1,https://www.cian.ru/sale/flat/298016918/,False,225247.52475247523
9500000.0,12.0,ЮЗАО,35.0,15.0,1,9,2001,False,False,2.65,1,https://www.cian.ru/sale/flat/298622113/,False,271428.5714285714
10500000.0,,СВАО,38.0,19.0,14,17,2002,False,False,2.7,1,https://www.cian.ru/sale/flat/300779111/,False,276315.7894736842
15000000.0,11.0,СВАО,36.4,19.3,12,14,1971,False,False,2.7,1,https://www.cian.ru/sale/flat/300295957/,False,412087.9120879121
12399000.0,17.0,ВАО,41.0,18.0,6,14,2013,False,False,,1,https://www.cian.ru/sale/flat/298657199/,False,302414.6341463415
15000000.0,20.0,СЗАО,38.1,12.8,23,27,2023,False,False,,1,https://www.cian.ru/sale/flat/300345102/,False,393700.7874015748
13800000.0,12.0,ЦАО,35.0,,10,12,1972,False,False,2.48,1,https://www.cian.ru/sale/flat/300232347/,False,394285.71428571426
26000000.0,19.0,ЮАО,40.0,15.2,13,29,2023,False,False,3.0,1,https://www.cian.ru/sale/flat/300678338/,False,650000.0
12990000.0,10.0,ЮЗАО,35.0,19.7,11,12,1972,False,False,2.48,1,https://www.cian.ru/sale/flat/300897156/,False,371142.85714285716
21700000.0,1.0,СВАО,44.8,16.5,6,23,2020,False,False,,1,https://www.cian.ru/sale/flat/298519482/,False,484375.00000000006
19000000.0,8.0,САО,47.0,20.0,35,35,2021,False,False,3.0,1,https://www.cian.ru/sale/flat/296780495/,False,404255.3191489362
7350000.0,7.0,ЮАО,35.5,20.0,1,9,1973,False,False,2.64,1,https://www.cian.ru/sale/flat/298284201/,False,207042.25352112675
14290000.0,8.0,СВАО,38.0,20.0,4,9,1975,False,False,2.64,1,https://www.cian.ru/sale/flat/300809061/,False,376052.63157894736
41670000.0,6.0,ЦАО,46.3,32.0,3,5,,False,True,3.1,1,https://www.cian.ru/sale/flat/287688964/,False,900000.0
9200000.0,20.0,ЗАО,30.1,16.0,3,5,1965,False,False,2.5,1,https://www.cian.ru/sale/flat/297115762/,False,305647.84053156147
7300000.0,20.0,САО,26.4,12.0,5,5,,False,True,8.0,1,https://www.cian.ru/sale/flat/299715031/,False,276515.15151515155
8645000.0,12.0,ЮВАО,34.7,21.0,8,9,1980,False,False,2.5,1,https://www.cian.ru/sale/flat/298263575/,False,249135.44668587894
37000000.0,12.0,ЦАО,43.6,14.0,4,13,,False,False,,1,https://www.cian.ru/sale/flat/296311040/,False,848623.8532110092
10450000.0,7.0,ЗАО,38.2,19.8,16,21,2007,False,False,2.7,1,https://www.cian.ru/sale/flat/300867612/,False,273560.20942408376
9300000.0,12.0,ВАО,31.0,19.0,2,9,1965,False,False,2.64,1,https://www.cian.ru/sale/flat/299798021/,False,300000.0
6600000.0,13.0,ЮЗАО,26.2,15.0,1,14,,False,True,,1,https://www.cian.ru/sale/flat/298261972/,False,251908.3969465649
17500000.0,7.0,ЗАО,38.7,18.8,3,41,,False,False,,1,https://www.cian.ru/sale/flat/300739522/,False,452196.38242894056
9100000.0,5.0,ВАО,35.5,15.0,3,14,2000,False,False,2.7,1,https://www.cian.ru/sale/flat/300157236/,False,256338.02816901408
12499000.0,5.0,ЮВАО,32.7,19.0,6,8,1961,False,False,2.7,1,https://www.cian.ru/sale/flat/300928131/,False,382232.41590214067
9072500.0,12.0,ЮВАО,35.9,,9,9,1980,False,False,2.5,1,https://www.cian.ru/sale/flat/295766589/,False,252715.87743732592
8350000.0,7.0,САО,27.0,10.0,5,9,,False,False,,1,https://www.cian.ru/sale/flat/300598910/,False,309259.25925925927
11700000.0,12.0,ЮАО,38.4,19.3,9,17,1995,False,False,2.64,1,https://www.cian.ru/sale/flat/298772084/,False,304687.5
6800000.0,17.0,ВАО,37.0,30.0,1,2,,False,True,5.0,1,https://www.cian.ru/sale/flat/299776751/,False,183783.7837837838
15700000.0,9.0,СВАО,37.1,20.2,11,16,1982,False,False,2.7,1,https://www.cian.ru/sale/flat/299208022/,False,423180.5929919137
7990000.0,19.0,ЮЗАО,38.2,,12,16,2009,False,False,,1,https://www.cian.ru/sale/flat/298901375/,False,209162.30366492146
6370000.0,12.0,ЮВАО,30.0,18.0,1,9,1980,False,True,2.6,1,https://www.cian.ru/sale/flat/279800832/,False,212333.33333333334
9200000.0,14.0,СВАО,32.8,19.8,3,18,2023,False,True,3.0,1,https://www.cian.ru/sale/flat/298561550/,False,280487.80487804883
22500000.0,3.0,САО,44.0,32.0,11,20,2022,False,False,3.0,1,https://www.cian.ru/sale/flat/300140948/,False,511363.63636363635
14250000.0,5.0,САО,35.0,19.0,3,9,1973,False,False,,1,https://www.cian.ru/sale/flat/300986104/,False,407142.85714285716
5300000.0,10.0,СВАО,19.0,10.0,1,16,1980,False,True,2.7,1,https://www.cian.ru/sale/flat/294771543/,False,278947.36842105264
7650000.0,18.0,СВАО,31.5,19.0,6,18,,False,True,3.1,1,https://www.cian.ru/sale/flat/300384115/,False,242857.14285714287
6507900.0,12.0,ЮВАО,26.9,,6,9,1980,False,True,2.5,1,https://www.cian.ru/sale/flat/299789518/,False,241929.3680297398
10100000.0,20.0,САО,35.0,20.0,3,12,,False,False,,1,https://www.cian.ru/sale/flat/300594074/,False,288571.4285714286
13500000.0,10.0,СЗАО,32.5,16.8,7,12,,False,False,,1,https://www.cian.ru/sale/flat/300985185/,False,415384.6153846154
9000000.0,13.0,ЮВАО,40.0,18.0,11,14,,False,False,,1,https://www.cian.ru/sale/flat/299562651/,False,225000.0
21190000.0,6.0,ЦАО,34.1,17.4,2,9,1965,False,False,2.6,1,https://www.cian.ru/sale/flat/297062106/,False,621407.6246334311
6700000.0,11.0,СВАО,19.0,11.0,1,4,,False,True,,1,https://www.cian.ru/sale/flat/296475414/,False,352631.5789473684
13700000.0,8.0,СЗАО,22.1,,5,32,2024,False,False,3.0,1,https://www.cian.ru/sale/flat/300835111/,False,619909.5022624434
5700000.0,12.0,ЮВАО,26.4,,1,7,1958,False,True,2.8,1,https://www.cian.ru/sale/flat/299743847/,False,215909.0909090909
38700000.0,2.0,ЮАО,46.0,14.5,8,13,2019,False,False,3.15,1,https://www.cian.ru/sale/flat/299186158/,False,841304.3478260869
8200000.0,6.0,ВАО,34.8,,10,16,,False,False,,1,https://www.cian.ru/sale/flat/299612275/,False,235632.183908046
9700000.0,6.0,СЗАО,30.0,16.1,4,5,1965,False,False,2.48,1,https://www.cian.ru/sale/flat/300670685/,False,323333.3333333333
14800000.0,5.0,СВАО,30.0,16.0,11,12,1972,False,False,2.64,1,https://www.cian.ru/sale/flat/300045417/,False,493333.3333333333
11499000.0,5.0,Неизвестно,31.8,21.4,8,9,1964,False,False,2.5,1,https://www.cian.ru/sale/flat/297853204/,False,361603.77358490566
8977500.0,12.0,ЮВАО,35.3,,9,9,1980,False,False,2.5,1,https://www.cian.ru/sale/flat/295766411/,False,254320.1133144476
12700000.0,6.0,ЗАО,36.5,,4,16,1982,False,False,2.64,1,https://www.cian.ru/sale/flat/300265337/,False,347945.20547945204
10500000.0,10.0,ЮАО,38.0,19.0,2,17,1987,False,False,2.64,1,https://www.cian.ru/sale/flat/300980941/,False,276315.7894736842
13500000.0,8.0,СВАО,40.0,19.4,5,16,1986,False,False,2.5,1,https://www.cian.ru/sale/flat/300961036/,False,337500.0
10400000.0,7.0,ЮВАО,37.9,18.9,11,17,2016,False,False,2.7,1,https://www.cian.ru/sale/flat/300832689/,False,274406.33245382586
10800000.0,11.0,ЮВАО,33.9,15.1,15,17,2018,False,False,2.8,1,https://www.cian.ru/sale/flat/300797184/,False,318584.0707964602
15950000.0,22.0,ЗАО,37.4,14.0,20,30,,False,False,,1,https://www.cian.ru/sale/flat/300113747/,False,426470.58823529416
10500000.0,4.0,ЮАО,38.9,20.9,12,12,,False,False,,1,https://www.cian.ru/sale/flat/299774443/,False,269922.8791773779
9600000.0,6.0,ЮАО,31.0,20.8,1,9,1963,False,False,2.64,1,https://www.cian.ru/sale/flat/300927327/,False,309677.4193548387
16100000.0,8.0,СЗАО,33.0,16.0,6,23,2023,False,False,,1,https://www.cian.ru/sale/flat/299962346/,False,487878.7878787879
6370000.0,12.0,ЮВАО,29.8,17.0,1,9,1980,False,True,2.5,1,https://www.cian.ru/sale/flat/300557537/,False,213758.38926174497
9215000.0,12.0,ЮВАО,37.0,,8,9,1980,False,False,2.5,1,https://www.cian.ru/sale/flat/294228710/,False,249054.05405405405
9200000.0,10.0,ВАО,36.3,20.0,12,12,1968,False,False,2.64,1,https://www.cian.ru/sale/flat/298956219/,False,253443.52617079893
14800000.0,5.0,СВАО,30.0,15.6,11,12,1972,False,False,,1,https://www.cian.ru/sale/flat/300881473/,False,493333.3333333333
7600000.0,10.0,ВАО,25.0,,6,9,1972,False,False,2.64,1,https://www.cian.ru/sale/flat/300460233/,False,304000.0
7990000.0,9.0,ЮАО,17.7,,10,13,2021,False,True,3.2,1,https://www.cian.ru/sale/flat/299352834/,False,451412.4293785311
14900000.0,8.0,ЮАО,40.2,18.9,24,25,2018,False,False,2.7,1,https://www.cian.ru/sale/flat/298878638/,False,370646.7661691542
23650000.0,11.0,СЗАО,46.7,18.0,31,36,2020,False,False,3.0,1,https://www.cian.ru/sale/flat/298593226/,False,506423.982869379
15500000.0,8.0,СЗАО,42.0,19.0,17,25,2008,False,False,2.8,1,https://www.cian.ru/sale/flat/297471744/,False,369047.61904761905
3500000.0,8.0,ВАО,38.6,19.0,8,14,,False,False,,1,https://www.cian.ru/sale/flat/298512685/,False,90673.57512953368
8300000.0,18.0,САО,32.7,19.0,1,9,1978,False,False,2.64,1,https://www.cian.ru/sale/flat/300509346/,False,253822.62996941895
11490000.0,19.0,САО,38.0,20.0,9,17,2001,False,False,2.8,1,https://www.cian.ru/sale/flat/300872900/,False,302368.4210526316
7550000.0,7.0,ЦАО,19.0,14.0,4,4,1917,False,True,,1,https://www.cian.ru/sale/flat/299526999/,False,397368.4210526316
8290000.0,5.0,СВАО,31.7,19.0,2,8,1965,False,False,2.64,1,https://www.cian.ru/sale/flat/300397959/,False,261514.1955835962
9900000.0,7.0,ЗАО,38.7,21.0,15,21,1988,False,False,2.7,1,https://www.cian.ru/sale/flat/300298041/,False,255813.95348837206
9400000.0,13.0,САО,39.1,20.8,1,12,1979,False,False,2.64,1,https://www.cian.ru/sale/flat/298036066/,False,240409.20716112532
12490000.0,12.0,ЮВАО,32.1,,1,9,1966,False,False,2.6,1,https://www.cian.ru/sale/flat/300489090/,False,389096.57320872275
7300000.0,20.0,ЮЗАО,30.6,,1,3,1960,False,False,,1,https://www.cian.ru/sale/flat/298365407/,False,238562.09150326796
9990000.0,13.0,ЮВАО,28.7,17.4,2,2,2023,False,True,5.0,1,https://www.cian.ru/sale/flat/300967755/,False,348083.6236933798
9300000.0,15.0,ЮАО,35.6,19.8,1,12,1979,False,False,2.5,1,https://www.cian.ru/sale/flat/299766316/,False,261235.95505617975
7400000.0,17.0,ВАО,24.3,,2,3,,False,True,,1,https://www.cian.ru/sale/flat/299027821/,False,304526.7489711934
10750000.0,16.0,ВАО,40.0,19.0,17,24,2007,False,False,,1,https://www.cian.ru/sale/flat/297883038/,False,268750.0
8100000.0,8.0,ЮАО,32.7,19.0,9,9,1973,False,False,2.64,1,https://www.cian.ru/sale/flat/294802470/,False,247706.4220183486
17750000.0,14.0,ЮАО,38.9,19.0,7,20,2022,False,False,,1,https://www.cian.ru/sale/flat/300698867/,False,456298.20051413885
25000000.0,5.0,СЗАО,50.0,25.0,7,25,,False,True,3.2,1,https://www.cian.ru/sale/flat/300670946/,False,500000.0
7220000.0,12.0,ЮВАО,35.1,,9,9,1980,False,True,2.5,1,https://www.cian.ru/sale/flat/296746996/,False,205698.0056980057
22700000.0,10.0,ЗАО,48.7,15.3,2,8,,False,False,,1,https://www.cian.ru/sale/flat/295466321/,False,466119.0965092402
9730000.0,16.0,ЮАО,37.0,19.0,10,17,1998,False,False,,1,https://www.cian.ru/sale/flat/300281735/,False,262972.97297297296
6700000.0,4.0,СВАО,20.0,14.0,9,16,,False,True,,1,https://www.cian.ru/sale/flat/295180835/,False,335000.0
12600000.0,10.0,СЗАО,39.0,20.8,7,12,1981,False,False,2.64,1,https://www.cian.ru/sale/flat/297699499/,False,323076.92307692306
10100000.0,4.0,ЮВАО,31.6,19.9,2,5,1962,False,False,2.5,1,https://www.cian.ru/sale/flat/299130688/,False,319620.2531645569
12400000.0,3.0,ЮАО,38.4,20.0,22,22,2000,False,False,2.7,1,https://www.cian.ru/sale/flat/298369798/,False,322916.6666666667
8000000.0,7.0,ЦАО,21.0,,1,12,1972,False,True,,1,https://www.cian.ru/sale/flat/300595497/,False,380952.38095238095
8350000.0,12.0,САО,16.7,10.0,3,7,2023,False,True,2.94,1,https://www.cian.ru/sale/flat/300331601/,False,500000.0
19990000.0,19.0,ЮАО,49.0,11.0,2,29,2023,False,False,3.0,1,https://www.cian.ru/sale/flat/300176709/,False,407959.1836734694
9215000.0,12.0,ЮВАО,36.3,,7,9,1980,False,False,2.5,1,https://www.cian.ru/sale/flat/297465291/,False,253856.74931129479
7100000.0,7.0,ВАО,28.7,,2,5,1972,False,False,2.64,1,https://www.cian.ru/sale/flat/300393795/,False,247386.75958188155
21500000.0,18.0,СЗАО,55.8,25.0,11,17,2000,False,False,3.1,1,https://www.cian.ru/sale/flat/294716072/,False,385304.6594982079
8100000.0,10.0,СВАО,36.0,25.0,1,4,1958,False,False,,1,https://www.cian.ru/sale/flat/300383224/,False,225000.0
5050000.0,10.0,САО,16.3,8.3,2,8,1962,False,True,,1,https://www.cian.ru/sale/flat/298790582/,False,309815.9509202454
13380000.0,15.0,ЗАО,30.0,,7,9,1976,False,False,2.7,1,https://www.cian.ru/sale/flat/300542693/,False,446000.0
10890000.0,27.0,ЗАО,33.2,18.0,8,9,1966,False,False,2.64,1,https://www.cian.ru/sale/flat/299110667/,False,328012.04819277104
12399000.0,5.0,САО,40.0,19.4,6,11,2018,False,False,2.8,1,https://www.cian.ru/sale/flat/300899799/,False,309975.0
12900000.0,16.0,ЮВАО,39.0,20.0,4,16,1982,False,False,2.7,1,https://www.cian.ru/sale/flat/295987840/,False,330769.23076923075
21500000.0,7.0,ЮЗАО,45.6,15.7,30,34,2024,False,False,3.26,1,https://www.cian.ru/sale/flat/299668666/,False,471491.22807017545
14999000.0,7.0,ЗАО,41.0,20.0,2,12,1974,False,False,2.64,1,https://www.cian.ru/sale/flat/298517952/,False,365829.26829268294
5699000.0,16.0,СЗАО,36.0,20.0,8,9,,False,True,2.7,1,https://www.cian.ru/sale/flat/297265190/,False,158305.55555555556
17500000.0,16.0,ЮЗАО,38.0,18.0,7,14,2023,False,False,,1,https://www.cian.ru/sale/flat/300420717/,False,460526.3157894737
9440000.0,5.0,ЮВАО,38.8,24.0,5,10,2003,False,False,2.8,1,https://www.cian.ru/sale/flat/294302570/,False,243298.96907216497
12999999.0,5.0,ЮЗАО,34.6,18.0,4,7,,False,True,,1,https://www.cian.ru/sale/flat/299772470/,False,375722.514450867
7500000.0,7.0,ВАО,32.6,18.6,8,9,1974,False,False,2.64,1,https://www.cian.ru/sale/flat/297124834/,False,230061.3496932515
9600000.0,8.0,ЮАО,31.9,18.7,10,12,1974,False,False,2.64,1,https://www.cian.ru/sale/flat/298021673/,False,300940.43887147336
18900000.0,7.0,ЦАО,33.0,16.7,8,12,1974,False,False,2.6,1,https://www.cian.ru/sale/flat/296836592/,False,572727.2727272727
52000000.0,8.0,ЦАО,41.0,27.0,12,21,2021,False,False,3.2,1,https://www.cian.ru/sale/flat/300369462/,False,1268292.6829268292
4000000.0,19.0,СВАО,15.0,7.0,1,8,1957,False,True,3.0,1,https://www.cian.ru/sale/flat/299107847/,False,266666.6666666667
6600000.0,9.0,ЮАО,22.7,10.0,4,6,2020,False,True,4.6,1,https://www.cian.ru/sale/flat/299890881/,False,290748.8986784141
27379000.0,8.0,ЗАО,47.2,12.0,2,31,2023,False,False,3.0,1,https://www.cian.ru/sale/flat/299207021/,False,580063.5593220339
10550000.0,16.0,СВАО,30.0,19.0,10,18,2023,False,True,3.0,1,https://www.cian.ru/sale/flat/300410066/,False,351666.6666666667
20900000.0,18.0,ЮАО,39.2,,2,29,2022,False,False,3.5,1,https://www.cian.ru/sale/flat/284708774/,False,533163.2653061224
13500000.0,13.0,ЮЗАО,29.8,14.8,4,8,1958,False,False,2.5,1,https://www.cian.ru/sale/flat/298204608/,False,453020.1342281879
6507000.0,12.0,ЮВАО,26.7,15.0,4,9,,False,True,2.6,1,https://www.cian.ru/sale/flat/299938675/,False,243707.86516853934
18490000.0,20.0,ЮАО,21.5,15.0,23,28,2023,False,False,3.0,1,https://www.cian.ru/sale/flat/300218010/,False,860000.0
12400000.0,5.0,СВАО,31.0,18.0,5,7,1987,False,True,4.25,1,https://www.cian.ru/sale/flat/299241993/,False,400000.0
12390000.0,9.0,ЮЗАО,42.0,12.0,19,26,2016,False,False,2.8,1,https://www.cian.ru/sale/flat/300945228/,False,295000.0
7750000.0,9.0,САО,19.0,15.0,4,5,,False,True,3.1,1,https://www.cian.ru/sale/flat/284697038/,False,407894.7368421053
15800000.0,18.0,СЗАО,38.1,18.2,24,25,2009,False,False,3.0,1,https://www.cian.ru/sale/flat/300774778/,False,414698.16272965877
17000000.0,10.0,САО,33.0,,6,15,2017,False,True,,1,https://www.cian.ru/sale/flat/279125910/,False,515151.51515151514
9990000.0,4.0,ЮВАО,38.0,19.0,5,17,2003,False,False,2.74,1,https://www.cian.ru/sale/flat/300232028/,False,262894.7368421053
22000000.0,17.0,САО,43.0,12.0,5,27,2022,False,False,2.9,1,https://www.cian.ru/sale/flat/300472192/,False,511627.9069767442
8850000.0,20.0,САО,35.0,20.0,5,5,2023,False,True,,1,https://www.cian.ru/sale/flat/297532577/,False,252857.14285714287
16000000.0,19.0,ЗАО,42.0,21.0,4,12,2023,False,False,,1,https://www.cian.ru/sale/flat/300860664/,False,380952.38095238095
10500000.0,19.0,САО,38.0,,12,17,2004,False,False,2.74,1,https://www.cian.ru/sale/flat/300472406/,False,276315.7894736842
7999990.0,10.0,СВАО,35.0,,1,12,1975,False,True,,1,https://www.cian.ru/sale/flat/297153518/,False,228571.14285714287
8200000.0,11.0,САО,35.6,18.8,4,4,1957,False,False,3.2,1,https://www.cian.ru/sale/flat/297414315/,False,230337.07865168538
8300000.0,17.0,ВАО,30.3,18.1,5,5,1961,False,False,2.8,1,https://www.cian.ru/sale/flat/298872925/,False,273927.3927392739
10000000.0,7.0,ЮВАО,38.6,,3,12,1968,False,False,2.64,1,https://www.cian.ru/sale/flat/299937034/,False,259067.35751295337
10500000.0,10.0,САО,36.1,13.0,3,14,1972,False,True,4.6,1,https://www.cian.ru/sale/flat/298219243/,False,290858.72576177283
9290000.0,14.0,САО,32.9,17.8,7,12,1968,False,False,2.64,1,https://www.cian.ru/sale/flat/299026219/,False,282370.82066869305
10500000.0,8.0,ВАО,38.7,20.9,3,9,,False,False,,1,https://www.cian.ru/sale/flat/298527999/,False,271317.82945736434
28500000.0,18.0,СЗАО,50.5,,18,22,2023,False,False,,1,https://www.cian.ru/sale/flat/300914382/,False,564356.4356435643
11300000.0,15.0,ЗАО,40.1,19.0,6,17,,False,False,,1,https://www.cian.ru/sale/flat/300373282/,False,281795.5112219451
6895000.0,8.0,ЦАО,20.9,12.9,1,3,1900,False,True,4.5,1,https://www.cian.ru/sale/flat/284489277/,False,329904.3062200957
31500000.0,10.0,САО,40.0,,2,21,2020,False,False,3.0,1,https://www.cian.ru/sale/flat/273670298/,False,787500.0
9000000.0,5.0,ЮЗАО,34.0,18.0,9,12,1974,False,False,2.7,1,https://www.cian.ru/sale/flat/299451757/,False,264705.8823529412
15500000.0,16.0,ЗАО,35.0,,12,15,1969,False,False,2.64,1,https://www.cian.ru/sale/flat/294632911/,False,442857.14285714284
5000000.0,4.0,ЦАО,34.7,17.0,4,12,1966,False,False,2.64,1,https://www.cian.ru/sale/flat/300062146/,False,144092.2190201729
8200000.0,16.0,СВАО,32.5,18.0,1,9,1978,False,False,2.64,1,https://www.cian.ru/sale/flat/295159744/,False,252307.6923076923
96000000.0,6.0,ЦАО,86.0,38.0,63,66,,False,True,,1,https://www.cian.ru/sale/flat/299330003/,False,1116279.0697674418
38000000.0,18.0,ЦАО,40.0,23.0,10,21,2019,False,False,3.2,1,https://www.cian.ru/sale/flat/299242742/,False,950000.0
5999999.0,3.0,СВАО,20.0,,3,5,,False,True,,1,https://www.cian.ru/sale/flat/290999760/,False,299999.95
8000000.0,10.0,СВАО,35.0,15.0,1,12,1975,False,True,2.6,1,https://www.cian.ru/sale/flat/297046262/,False,228571.42857142858
29450000.0,2.0,САО,47.0,,2,8,2023,False,True,,1,https://www.cian.ru/sale/flat/296779707/,False,626595.7446808511
8000000.0,14.0,ВАО,33.0,20.0,1,9,,False,False,,1,https://www.cian.ru/sale/flat/300385771/,False,242424.24242424243
30500000.0,13.0,ЮЗАО,48.8,24.9,9,26,2021,False,False,,1,https://www.cian.ru/sale/flat/299934509/,False,625000.0
10500000.0,13.0,ЗАО,38.3,18.8,2,13,2011,False,False,2.65,1,https://www.cian.ru/sale/flat/299928314/,False,274151.4360313316
9000000.0,15.0,ЗАО,20.5,15.0,12,22,1980,False,True,2.65,1,https://www.cian.ru/sale/flat/300706310/,False,439024.39024390245
14250000.0,2.0,СЗАО,37.5,19.0,11,22,1987,False,False,2.64,1,https://www.cian.ru/sale/flat/300603353/,False,380000.0
10850000.0,18.0,СВАО,33.0,19.0,8,9,1974,False,False,2.7,1,https://www.cian.ru/sale/flat/300188888/,False,328787.8787878788
15600000.0,3.0,ЦАО,35.1,,12,12,1969,False,False,,1,https://www.cian.ru/sale/flat/300873918/,False,444444.44444444444
13400000.0,17.0,ЮВАО,42.0,19.0,10,14,1977,False,False,,1,https://www.cian.ru/sale/flat/300019961/,False,319047.61904761905
8299999.0,12.0,СВАО,25.6,16.0,9,9,1976,False,False,2.64,1,https://www.cian.ru/sale/flat/297042689/,False,324218.7109375
9600000.0,8.0,ЮВАО,38.0,19.0,7,17,2011,False,False,2.8,1,https://www.cian.ru/sale/flat/300831522/,False,252631.57894736843
7000000.0,11.0,ВАО,31.7,12.0,1,17,1983,False,True,2.64,1,https://www.cian.ru/sale/flat/300072372/,False,220820.18927444794
4750000.0,,ЮАО,42.3,21.0,5,16,2004,False,False,2.6,1,https://www.cian.ru/sale/flat/298263988/,False,112293.14420803783
12300000.0,17.0,ЗАО,30.7,18.0,2,4,1960,False,False,2.8,1,https://www.cian.ru/sale/flat/298808458/,False,400651.4657980456
10100000.0,8.0,ЮЗАО,38.3,20.8,3,14,2003,False,False,2.64,1,https://www.cian.ru/sale/flat/298981209/,False,263707.5718015666
22500000.0,11.0,ЮАО,36.1,,8,10,2021,False,True,3.0,1,https://www.cian.ru/sale/flat/299463560/,False,623268.6980609418
9499000.0,5.0,ЮВАО,31.5,18.0,5,9,1970,False,False,2.65,1,https://www.cian.ru/sale/flat/300291039/,False,301555.55555555556
13950000.0,19.0,СЗАО,31.0,,5,22,2022,False,True,3.0,1,https://www.cian.ru/sale/flat/299768562/,False,450000.0
6182125.0,12.0,ЮВАО,26.8,,4,9,1980,False,True,2.5,1,https://www.cian.ru/sale/flat/294926126/,False,230676.30597014926
7790000.0,9.0,СВАО,31.8,,1,12,1973,False,False,2.64,1,https://www.cian.ru/sale/flat/300225912/,False,244968.5534591195
9400000.0,15.0,ЮВАО,37.8,16.8,5,12,,False,False,,1,https://www.cian.ru/sale/flat/297048212/,False,248677.2486772487
23500000.0,7.0,ЦАО,41.0,20.0,8,17,2016,False,False,2.8,1,https://www.cian.ru/sale/flat/300738679/,False,573170.731707317
10700000.0,16.0,СВАО,37.0,19.0,15,17,2005,False,False,2.74,1,https://www.cian.ru/sale/flat/298208285/,False,289189.1891891892
10300000.0,20.0,СВАО,38.0,20.1,15,16,1980,False,False,2.7,1,https://www.cian.ru/sale/flat/300009662/,False,271052.63157894736
11500000.0,7.0,ЮАО,38.8,19.0,13,17,1986,False,False,6.0,1,https://www.cian.ru/sale/flat/300160548/,False,296391.7525773196
11850000.0,16.0,СВАО,32.7,20.0,4,9,1978,False,False,2.65,1,https://www.cian.ru/sale/flat/300981591/,False,362385.3211009174
10500000.0,5.0,СЗАО,38.4,18.0,6,17,1992,False,False,2.64,1,https://www.cian.ru/sale/flat/300138776/,False,273437.5
8200000.0,2.0,СВАО,33.0,17.0,16,18,2023,False,True,,1,https://www.cian.ru/sale/flat/299654462/,False,248484.84848484848
16000000.0,17.0,ЮВАО,41.1,13.5,23,30,,False,False,,1,https://www.cian.ru/sale/flat/300319816/,False,389294.40389294404
11199999.0,19.0,ЮЗАО,32.0,21.5,7,9,1964,False,False,2.64,1,https://www.cian.ru/sale/flat/297849335/,False,349999.96875
11500000.0,5.0,ЮЗАО,42.4,19.0,3,16,2003,False,False,2.64,1,https://www.cian.ru/sale/flat/300967353/,False,271226.41509433964
12990000.0,10.0,ЮЗАО,34.7,19.7,12,12,1972,False,False,,1,https://www.cian.ru/sale/flat/299587318/,False,374351.5850144092
10300000.0,11.0,САО,38.1,,15,17,1998,False,False,,1,https://www.cian.ru/sale/flat/299916899/,False,270341.20734908135
10600000.0,2.0,ВАО,42.5,,7,16,2006,False,False,2.9,1,https://www.cian.ru/sale/flat/297163771/,False,249411.76470588235
7990000.0,17.0,САО,36.9,17.7,19,25,2013,False,False,2.78,1,https://www.cian.ru/sale/flat/294374828/,False,216531.16531165314
9050000.0,14.0,ЮАО,38.2,19.2,13,17,1985,False,False,2.64,1,https://www.cian.ru/sale/flat/300189623/,False,236910.99476439788
10900000.0,17.0,СЗАО,30.0,20.0,9,9,1966,False,False,2.64,1,https://www.cian.ru/sale/flat/299168359/,False,363333.3333333333
10600000.0,4.0,САО,37.3,19.0,2,17,1984,False,False,2.64,1,https://www.cian.ru/sale/flat/298213552/,False,284182.30563002685
8100000.0,9.0,ЮАО,32.7,18.7,7,9,1973,False,False,2.5,1,https://www.cian.ru/sale/flat/299017677/,False,247706.4220183486
10150000.0,9.0,ЮАО,36.2,17.7,2,17,2003,False,False,2.64,1,https://www.cian.ru/sale/flat/298431321/,False,280386.7403314917
9250000.0,3.0,ЮЗАО,34.3,14.8,6,12,2002,False,False,2.75,1,https://www.cian.ru/sale/flat/300788111/,False,269679.3002915452
21250000.0,4.0,ЗАО,44.3,25.5,21,28,2021,False,False,3.0,1,https://www.cian.ru/sale/flat/299981252/,False,479683.97291196394
8700000.0,10.0,ЮВАО,32.1,,8,9,1972,False,False,2.64,1,https://www.cian.ru/sale/flat/300961329/,False,271028.03738317755
7700000.0,6.0,ЮАО,22.0,13.0,6,9,1970,False,False,2.64,1,https://www.cian.ru/sale/flat/300939633/,False,350000.0
7900000.0,12.0,ЮЗАО,43.4,20.0,16,17,2008,False,False,2.7,1,https://www.cian.ru/sale/flat/300894774/,False,182027.64976958526
8300000.0,15.0,СВАО,33.0,20.0,11,17,2023,False,True,2.8,1,https://www.cian.ru/sale/flat/299152509/,False,251515.15151515152
3700000.0,4.0,СЗАО,39.7,,1,27,2011,False,True,3.3,1,https://www.cian.ru/sale/flat/297962396/,False,93198.99244332493
5900000.0,15.0,ЮЗАО,13.0,8.0,2,5,,False,True,,1,https://www.cian.ru/sale/flat/300117178/,False,453846.1538461539
13750000.0,20.0,ВАО,38.6,26.5,8,24,,False,False,2.9,1,https://www.cian.ru/sale/flat/299963312/,False,356217.61658031086
13800000.0,9.0,СВАО,33.0,21.4,3,9,1968,False,False,2.65,1,https://www.cian.ru/sale/flat/300441251/,False,418181.8181818182
13800000.0,11.0,СВАО,38.8,,12,19,2020,False,False,2.8,1,https://www.cian.ru/sale/flat/300757392/,False,355670.10309278354
18700000.0,,САО,44.7,20.0,3,22,2023,False,True,,1,https://www.cian.ru/sale/flat/299969211/,False,418344.5190156599
9215000.0,12.0,ЮВАО,36.9,,7,9,1980,False,False,2.5,1,https://www.cian.ru/sale/flat/294926973/,False,249728.9972899729
11290000.0,4.0,ЮВАО,37.2,18.0,6,14,1994,False,False,2.64,1,https://www.cian.ru/sale/flat/298211447/,False,303494.623655914
9300000.0,11.0,САО,31.5,21.4,8,9,1965,False,False,2.7,1,https://www.cian.ru/sale/flat/297846883/,False,295238.09523809527
5200000.0,14.0,ЮАО,30.0,18.0,2,6,,False,True,,1,https://www.cian.ru/sale/flat/297050402/,False,173333.33333333334
11200000.0,15.0,ЮЗАО,34.5,,3,5,1959,False,False,2.7,1,https://www.cian.ru/sale/flat/297540716/,False,324637.6811594203
13900000.0,5.0,ЮВАО,47.0,19.0,11,23,2009,False,False,2.7,1,https://www.cian.ru/sale/flat/296689256/,False,295744.6808510638
16500000.0,15.0,ЮЗАО,38.4,19.8,3,22,2004,False,False,2.64,1,https://www.cian.ru/sale/flat/300767627/,False,429687.5
10890000.0,4.0,СЗАО,40.0,20.0,2,16,1988,False,False,2.48,1,https://www.cian.ru/sale/flat/299979419/,False,272250.0
10500000.0,13.0,ЮВАО,29.3,17.8,2,2,2023,False,True,5.0,1,https://www.cian.ru/sale/flat/300938238/,False,358361.7747440273
7950000.0,4.0,ВАО,33.2,18.0,6,9,1967,False,False,2.64,1,https://www.cian.ru/sale/flat/300557845/,False,239457.83132530117
8150000.0,11.0,ЮАО,34.7,19.2,2,12,1975,False,False,2.48,1,https://www.cian.ru/sale/flat/268804300/,False,234870.3170028818
12000000.0,5.0,СВАО,38.3,20.9,5,17,1989,False,False,2.6,1,https://www.cian.ru/sale/flat/294034791/,False,313315.92689295043
7220000.0,12.0,ЮВАО,35.1,20.0,9,9,1980,False,True,2.5,1,https://www.cian.ru/sale/flat/300556981/,False,205698.0056980057
13450000.0,8.0,СВАО,38.5,19.0,8,17,2010,False,False,2.74,1,https://www.cian.ru/sale/flat/300469110/,False,349350.6493506493
15300000.0,13.0,САО,40.0,12.0,14,22,2023,False,False,3.0,1,https://www.cian.ru/sale/flat/299966367/,False,382500.0
27000000.0,6.0,ЦАО,36.2,22.0,8,17,1968,False,False,2.0,1,https://www.cian.ru/sale/flat/300812067/,False,745856.3535911602
12600000.0,14.0,СВАО,38.5,17.0,5,9,2017,False,False,2.8,1,https://www.cian.ru/sale/flat/300199245/,False,327272.7272727273
8990000.0,13.0,ВАО,32.7,18.7,5,9,1970,False,False,2.64,1,https://www.cian.ru/sale/flat/298297454/,False,274923.54740061157
12700000.0,16.0,САО,42.0,21.0,3,12,1978,False,False,2.64,1,https://www.cian.ru/sale/flat/300806179/,False,302380.95238095237
8450000.0,10.0,ЮВАО,33.1,20.0,9,9,1967,False,False,2.64,1,https://www.cian.ru/sale/flat/297053574/,False,255287.0090634441
21800000.0,5.0,ЗАО,63.0,,6,24,2017,False,False,2.9,1,https://www.cian.ru/sale/flat/297150066/,False,346031.74603174604
17600000.0,3.0,ЦАО,32.8,,2,9,1970,False,False,2.7,1,https://www.cian.ru/sale/flat/300987795/,False,536585.3658536585
8278000.0,19.0,СВАО,25.0,15.0,18,18,2023,False,True,,1,https://www.cian.ru/sale/flat/298754386/,False,331120.0
13700000.0,20.0,ВАО,39.3,20.0,16,22,2007,False,False,2.75,1,https://www.cian.ru/sale/flat/296816715/,False,348600.50890585245
9800000.0,7.0,ЗАО,38.5,19.3,17,17,1989,False,False,2.6,1,https://www.cian.ru/sale/flat/299567766/,False,254545.45454545456
90000000.0,6.0,ЦАО,86.0,18.0,63,66,,False,True,,1,https://www.cian.ru/sale/flat/299723346/,False,1046511.6279069767
5200000.0,10.0,СВАО,18.5,,4,16,2019,False,True,2.5,1,https://www.cian.ru/sale/flat/292204416/,False,281081.08108108107
19950000.0,8.0,ЗАО,36.0,10.0,3,33,2022,False,False,2.6,1,https://www.cian.ru/sale/flat/294952977/,False,554166.6666666666
5700000.0,15.0,СЗАО,27.6,14.0,8,9,1980,False,True,4.0,1,https://www.cian.ru/sale/flat/277531258/,False,206521.73913043478
26000000.0,5.0,ЗАО,45.0,30.0,4,14,2024,False,False,3.2,1,https://www.cian.ru/sale/flat/299579932/,False,577777.7777777778
6300000.0,15.0,ЦАО,40.4,,1,1,,False,True,3.65,1,https://www.cian.ru/sale/flat/298986136/,False,155940.59405940594
8600000.0,4.0,ВАО,31.0,19.0,1,9,1974,False,False,2.65,1,https://www.cian.ru/sale/flat/300344381/,False,277419.3548387097
19450000.0,15.0,ЮВАО,37.0,15.0,5,28,2021,False,False,3.2,1,https://www.cian.ru/sale/flat/295896231/,False,525675.6756756756
18800000.0,12.0,СВАО,34.2,,18,20,2021,False,True,,1,https://www.cian.ru/sale/flat/300241514/,False,549707.6023391812
19999900.0,,СЗАО,48.6,18.0,19,21,2022,False,True,3.0,1,https://www.cian.ru/sale/flat/293743894/,False,411520.5761316872
12000000.0,14.0,СВАО,38.8,20.8,3,12,1975,False,False,2.7,1,https://www.cian.ru/sale/flat/300176787/,False,309278.3505154639
10000000.0,14.0,ВАО,30.0,15.0,5,5,,False,False,,1,https://www.cian.ru/sale/flat/299329406/,False,333333.3333333333
8400000.0,5.0,ЮВАО,35.0,21.2,3,9,1979,False,False,2.75,1,https://www.cian.ru/sale/flat/298296711/,False,240000.0
7750000.0,20.0,ЮЗАО,34.0,17.1,3,5,1986,False,False,,1,https://www.cian.ru/sale/flat/299057343/,False,227941.17647058822
2500000.0,7.0,СЗАО,38.0,19.0,4,17,,False,False,,1,https://www.cian.ru/sale/flat/293269136/,False,65789.47368421052
9499000.0,16.0,ЮВАО,30.0,19.0,6,9,1971,False,False,2.55,1,https://www.cian.ru/sale/flat/300520887/,False,316633.3333333333
7600000.0,4.0,ЮЗАО,37.7,17.7,2,14,2009,False,False,2.7,1,https://www.cian.ru/sale/flat/298991889/,False,201591.51193633952
7749999.0,4.0,СВАО,29.5,,1,5,1955,False,True,3.0,1,https://www.cian.ru/sale/flat/300775172/,False,262711.83050847455
17000000.0,10.0,САО,34.1,20.0,21,22,2022,False,True,3.15,1,https://www.cian.ru/sale/flat/300297108/,False,498533.7243401759
18888888.0,5.0,САО,38.64,7.0,22,30,2018,False,False,2.8,1,https://www.cian.ru/sale/flat/300441246/,False,488842.85714285716
16299000.0,10.0,ЗАО,33.3,12.0,13,25,,False,False,,1,https://www.cian.ru/sale/flat/297049321/,False,489459.4594594595
6500000.0,6.0,СВАО,30.0,20.0,1,5,2019,False,True,2.5,1,https://www.cian.ru/sale/flat/297248368/,False,216666.66666666666
8000000.0,10.0,ЮАО,39.1,20.7,1,12,,False,False,,1,https://www.cian.ru/sale/flat/275891629/,False,204603.58056265983
14500000.0,6.0,ЮАО,35.1,13.3,2,26,2023,False,False,2.7,1,https://www.cian.ru/sale/flat/300799595/,False,413105.4131054131
8150000.0,6.0,ВАО,34.9,19.6,1,9,1976,False,False,2.64,1,https://www.cian.ru/sale/flat/300241684/,False,233524.3553008596
9120000.0,12.0,ЮВАО,36.1,,5,9,1980,False,False,2.5,1,https://www.cian.ru/sale/flat/294226529/,False,252631.5789473684
29000000.0,13.0,САО,40.1,,2,40,2021,False,False,3.0,1,https://www.cian.ru/sale/flat/299005437/,False,723192.0199501247
11499000.0,15.0,ЮЗАО,39.0,15.0,15,23,2024,False,False,3.0,1,https://www.cian.ru/sale/flat/299862230/,False,294846.1538461539
15500000.0,10.0,САО,39.3,11.2,4,6,,False,True,3.2,1,https://www.cian.ru/sale/flat/294768332/,False,394402.03562340967
15550000.0,,ЦАО,35.6,20.3,1,12,1980,False,False,2.65,1,https://www.cian.ru/sale/flat/300011260/,False,436797.75280898873
7900000.0,11.0,ЮЗАО,43.4,19.8,13,17,2008,False,False,,1,https://www.cian.ru/sale/flat/300592828/,False,182027.64976958526
12500000.0,4.0,ЮАО,39.0,20.0,3,14,1973,False,False,2.7,1,https://www.cian.ru/sale/flat/294755887/,False,320512.8205128205
15700000.0,5.0,ЗАО,26.9,13.4,8,14,,False,False,,1,https://www.cian.ru/sale/flat/300650861/,False,583643.12267658
8950000.0,15.0,ЗАО,20.8,14.0,6,22,1980,False,True,2.65,1,https://www.cian.ru/sale/flat/294623881/,False,430288.4615384615
17999900.0,12.0,СЗАО,46.7,18.0,18,21,2022,False,True,3.0,1,https://www.cian.ru/sale/flat/293749407/,False,385436.8308351177
18700000.0,17.0,ЮАО,36.5,10.2,16,46,,False,False,3.0,1,https://www.cian.ru/sale/flat/300499349/,False,512328.76712328766
8150000.0,11.0,ЮЗАО,42.0,19.7,12,17,2007,False,False,2.64,1,https://www.cian.ru/sale/flat/300724047/,False,194047.61904761905
20200000.0,5.0,СЗАО,38.0,14.0,11,23,,False,False,3.3,1,https://www.cian.ru/sale/flat/297298638/,False,531578.947368421
11689000.0,9.0,ЮАО,31.8,21.3,1,9,1961,False,False,2.64,1,https://www.cian.ru/sale/flat/300615994/,False,367578.61635220126
19000000.0,9.0,ЗАО,40.6,17.7,12,16,,False,False,,1,https://www.cian.ru/sale/flat/300889564/,False,467980.29556650243
3900000.0,20.0,ЦАО,15.6,7.6,1,5,1957,False,True,,1,https://www.cian.ru/sale/flat/299098694/,False,250000.0
8977500.0,12.0,ЮВАО,35.3,21.0,9,9,1980,False,False,2.5,1,https://www.cian.ru/sale/flat/300844691/,False,254320.1133144476
14100000.0,14.0,ЮЗАО,31.0,19.0,3,9,1965,False,False,2.5,1,https://www.cian.ru/sale/flat/300386735/,False,454838.70967741933
11900000.0,8.0,ЮАО,38.1,19.1,10,17,,False,False,,1,https://www.cian.ru/sale/flat/299944351/,False,312335.9580052493
7450000.0,7.0,ЮВАО,25.7,16.0,1,7,1956,False,True,4.0,1,https://www.cian.ru/sale/flat/284402254/,False,289883.26848249027
8300000.0,7.0,СВАО,37.1,11.1,8,8,2024,False,True,2.8,1,https://www.cian.ru/sale/flat/300829868/,False,223719.67654986522
9950000.0,13.0,САО,31.7,,1,9,1976,False,False,2.5,1,https://www.cian.ru/sale/flat/298337714/,False,313880.1261829653
8100000.0,5.0,ВАО,32.5,18.9,5,9,,False,False,2.64,1,https://www.cian.ru/sale/flat/299282460/,False,249230.76923076922
13000000.0,12.0,САО,35.1,20.0,11,12,,False,False,,1,https://www.cian.ru/sale/flat/299241818/,False,370370.37037037034
5700000.0,14.0,ЦАО,43.0,18.0,1,6,,False,False,,1,https://www.cian.ru/sale/flat/297971520/,False,132558.13953488372
13400000.0,19.0,ВАО,48.5,20.0,4,4,2014,False,True,3.0,1,https://www.cian.ru/sale/flat/289202649/,False,276288.6597938144
12000000.0,13.0,ВАО,32.0,18.0,4,4,1927,False,False,3.2,1,https://www.cian.ru/sale/flat/299479360/,False,375000.0
18400000.0,8.0,ЮАО,46.3,17.0,2,28,,False,False,,1,https://www.cian.ru/sale/flat/300941020/,False,397408.20734341256
17990000.0,8.0,ЮВАО,40.0,,24,30,2023,False,False,3.2,1,https://www.cian.ru/sale/flat/300775267/,False,449750.0
12500000.0,10.0,ЮВАО,34.1,14.0,18,32,2023,False,False,2.6,1,https://www.cian.ru/sale/flat/300938365/,False,366568.9149560117
7150000.0,13.0,Неизвестно,34.7,19.5,3,16,,False,True,,1,https://www.cian.ru/sale/flat/297486057/,False,206051.87319884726
9450000.0,7.0,ЮАО,37.7,,1,16,1982,False,False,2.64,1,https://www.cian.ru/sale/flat/263316279/,False,250663.12997347477
14000000.0,12.0,СВАО,37.0,19.0,13,17,,False,False,2.7,1,https://www.cian.ru/sale/flat/298527239/,False,378378.3783783784
7500000.0,7.0,ЮАО,33.0,19.0,5,9,1973,False,False,2.64,1,https://www.cian.ru/sale/flat/298662291/,False,227272.72727272726
9200000.0,4.0,СВАО,34.8,18.3,12,14,1971,False,False,2.7,1,https://www.cian.ru/sale/flat/299105222/,False,264367.81609195407
10000000.0,8.0,ЗАО,37.7,19.0,12,17,1989,False,False,2.64,1,https://www.cian.ru/sale/flat/300882682/,False,265251.98938992043
10300000.0,16.0,ВАО,41.0,19.0,16,24,2007,False,False,2.7,1,https://www.cian.ru/sale/flat/299098438/,False,251219.51219512196
8350000.0,5.0,СВАО,30.7,18.7,5,8,1965,False,False,2.64,1,https://www.cian.ru/sale/flat/300876707/,False,271986.9706840391
6099000.0,7.0,ЦАО,11.0,9.0,1,2,,False,True,3.4,1,https://www.cian.ru/sale/flat/298375255/,False,554454.5454545454
24200000.0,9.0,СЗАО,42.0,20.0,9,48,,False,False,,1,https://www.cian.ru/sale/flat/297511312/,False,576190.4761904762
8190000.0,17.0,ВАО,35.4,19.3,4,12,1973,False,False,2.48,1,https://www.cian.ru/sale/flat/298749193/,False,231355.93220338985
12200000.0,12.0,САО,37.8,20.0,3,17,2006,False,False,2.64,1,https://www.cian.ru/sale/flat/298787848/,False,322751.32275132276
8987654.0,9.0,ЮАО,34.0,15.3,16,17,2003,False,False,2.64,1,https://www.cian.ru/sale/flat/296195090/,False,264342.76470588235
32500000.0,12.0,САО,40.4,20.0,9,41,,False,False,,1,https://www.cian.ru/sale/flat/294106758/,False,804455.4455445545
4444444.0,3.0,САО,11.0,6.0,1,9,,False,True,,1,https://www.cian.ru/sale/flat/288413164/,False,404040.36363636365
9000000.0,7.0,ВАО,28.7,15.5,5,5,1966,False,False,2.5,1,https://www.cian.ru/sale/flat/300652846/,False,313588.85017421603
11600000.0,9.0,ЮАО,37.7,18.9,13,14,2010,False,False,2.74,1,https://www.cian.ru/sale/flat/299987453/,False,307692.3076923077
9000000.0,10.0,ВАО,31.0,18.0,2,5,1964,False,False,2.65,1,https://www.cian.ru/sale/flat/300865417/,False,290322.5806451613
9200000.0,8.0,ВАО,35.0,21.5,6,9,1967,False,False,2.64,1,https://www.cian.ru/sale/flat/292809252/,False,262857.14285714284
12400000.0,10.0,ВАО,40.0,22.0,3,23,2022,False,False,2.75,1,https://www.cian.ru/sale/flat/299132838/,False,310000.0
12100000.0,4.0,ЮАО,39.0,18.9,4,17,2004,False,False,2.7,1,https://www.cian.ru/sale/flat/297493776/,False,310256.41025641025
8300000.0,6.0,ВАО,39.2,21.0,9,12,1977,False,False,2.7,1,https://www.cian.ru/sale/flat/300793174/,False,211734.693877551
14600000.0,4.0,Неизвестно,38.4,18.4,12,22,,False,False,,1,https://www.cian.ru/sale/flat/300050876/,False,380208.3333333334
8000000.0,4.0,ВАО,30.0,19.0,5,9,1971,False,False,2.64,1,https://www.cian.ru/sale/flat/298700761/,False,266666.6666666667
12700000.0,17.0,СЗАО,32.5,,9,9,1979,False,False,2.64,1,https://www.cian.ru/sale/flat/300985679/,False,390769.23076923075
6500000.0,14.0,САО,18.1,13.1,2,17,2022,False,True,,1,https://www.cian.ru/sale/flat/299560251/,False,359116.0220994475
22399990.0,4.0,ЗАО,40.3,14.9,15,28,2022,False,False,3.12,1,https://www.cian.ru/sale/flat/289439918/,False,555831.0173697271
8599000.0,7.0,ЦАО,21.0,11.0,4,4,1917,False,True,3.85,1,https://www.cian.ru/sale/flat/297214225/,False,409476.1904761905
12700000.0,20.0,ЗАО,44.0,18.0,22,25,2010,False,False,2.8,1,https://www.cian.ru/sale/flat/299892401/,False,288636.36363636365
8000000.0,13.0,ВАО,32.1,,6,9,1970,False,False,2.64,1,https://www.cian.ru/sale/flat/300834581/,False,249221.18380062305
11300000.0,7.0,ЮВАО,32.4,15.0,4,9,,False,False,,1,https://www.cian.ru/sale/flat/298111522/,False,348765.43209876545
4999999.0,2.0,СВАО,20.2,,3,5,1955,False,True,3.0,1,https://www.cian.ru/sale/flat/298357242/,False,247524.70297029705
20000000.0,9.0,СЗАО,41.3,15.2,12,48,2022,False,False,3.1,1,https://www.cian.ru/sale/flat/299523715/,False,484261.5012106538
12500000.0,7.0,СЗАО,35.9,,7,9,1974,False,False,2.64,1,https://www.cian.ru/sale/flat/300670903/,False,348189.4150417827
4350000.0,10.0,ЮВАО,17.6,11.6,4,16,1974,False,True,2.5,1,https://www.cian.ru/sale/flat/297254800/,False,247159.09090909088
9500000.0,19.0,ВАО,32.0,17.0,9,9,1973,False,False,2.64,1,https://www.cian.ru/sale/flat/300795150/,False,296875.0
38000000.0,5.0,ЦАО,47.0,,62,78,,False,True,3.2,1,https://www.cian.ru/sale/flat/300512672/,False,808510.6382978724
11794000.0,15.0,ВАО,46.0,,2,4,,False,True,,1,https://www.cian.ru/sale/flat/297071145/,False,256391.30434782608
11800000.0,15.0,ЮАО,33.1,17.0,9,22,,False,False,,1,https://www.cian.ru/sale/flat/300669958/,False,356495.4682779456
14250000.0,10.0,СЗАО,43.0,18.0,20,20,2015,,,,1,https://www.cian.ru/sale/flat/300615394/,False,331395.3488372093
10100000.0,15.0,ЮАО,21.1,,2,26,,False,False,,1,https://www.cian.ru/sale/flat/298464986/,False,478672.9857819905
27999000.0,7.0,САО,43.0,,5,6,,False,True,,1,https://www.cian.ru/sale/flat/293718260/,False,651139.5348837209
6650000.0,12.0,СВАО,19.0,,7,12,1981,False,False,2.7,1,https://www.cian.ru/sale/flat/300116229/,False,350000.0
46000000.0,15.0,ЗАО,46.4,,8,11,2020,False,False,3.3,1,https://www.cian.ru/sale/flat/300549135/,False,991379.3103448276
10850000.0,12.0,ЮАО,41.2,19.6,7,14,1969,False,False,2.6,1,https://www.cian.ru/sale/flat/296562644/,False,263349.51456310676
12999999.0,7.0,СЗАО,38.0,15.0,12,12,2004,False,False,2.7,1,https://www.cian.ru/sale/flat/298414628/,False,342105.2368421053
12400000.0,12.0,ЮАО,32.2,18.7,7,9,1973,False,False,2.64,1,https://www.cian.ru/sale/flat/300197626/,False,385093.16770186333
5500000.0,10.0,ЦАО,21.0,12.0,1,5,1956,False,True,,1,https://www.cian.ru/sale/flat/300433015/,False,261904.7619047619
17500000.0,10.0,САО,30.2,20.0,4,15,,False,True,,1,https://www.cian.ru/sale/flat/300540938/,False,579470.1986754967
27500000.0,15.0,ЦАО,45.0,20.0,8,9,2014,False,True,,1,https://www.cian.ru/sale/flat/294833419/,False,611111.1111111111
10900000.0,11.0,ЮЗАО,38.0,,14,16,1981,False,False,2.65,1,https://www.cian.ru/sale/flat/300576055/,False,286842.1052631579
15400000.0,4.0,ЮЗАО,41.9,22.0,17,22,2007,False,False,,1,https://www.cian.ru/sale/flat/299724639/,False,367541.76610978524
17400000.0,10.0,ЮЗАО,40.9,,6,18,2023,False,False,,1,https://www.cian.ru/sale/flat/299203398/,False,425427.8728606357
6300000.0,3.0,ЦАО,13.0,10.0,4,5,1930,False,True,,1,https://www.cian.ru/sale/flat/284009990/,False,484615.3846153846
54000000.0,7.0,ЦАО,54.0,30.0,4,21,2023,False,False,3.1,1,https://www.cian.ru/sale/flat/298922993/,False,1000000.0
18200000.0,22.0,ЮАО,35.6,12.5,11,15,2024,False,False,,1,https://www.cian.ru/sale/flat/299000581/,False,511235.9550561798
9300000.0,8.0,ЮВАО,38.0,20.0,16,17,2013,False,False,2.74,1,https://www.cian.ru/sale/flat/299330882/,False,244736.84210526315
9650000.0,13.0,СВАО,36.0,17.0,5,12,1977,False,False,2.7,1,https://www.cian.ru/sale/flat/300272864/,False,268055.55555555556
13400000.0,10.0,ЮАО,41.15,20.9,6,12,1985,False,False,2.64,1,https://www.cian.ru/sale/flat/299486441/,False,325637.9100850547
4500000.0,9.0,ЮАО,81.9,,5,5,1951,False,False,,1,https://www.cian.ru/sale/flat/293949247/,False,54945.054945054944
19990000.0,7.0,ЮЗАО,46.4,17.7,11,34,,False,False,3.0,1,https://www.cian.ru/sale/flat/296361605/,False,430818.9655172414
9600000.0,1.0,ЮАО,42.0,13.0,1,22,1987,False,False,2.64,1,https://www.cian.ru/sale/flat/300930286/,False,228571.42857142858
7450000.0,16.0,ЗАО,14.3,10.0,16,22,1980,False,True,2.65,1,https://www.cian.ru/sale/flat/292414373/,False,520979.020979021
10300000.0,4.0,ЦАО,26.8,14.0,6,13,,False,False,,1,https://www.cian.ru/sale/flat/299722483/,False,384328.3582089552
15000000.0,2.0,ЮАО,40.2,,4,17,1972,False,False,2.64,1,https://www.cian.ru/sale/flat/299525163/,False,373134.32835820894
8290000.0,19.0,САО,34.3,13.8,8,12,,False,False,,1,https://www.cian.ru/sale/flat/300639142/,False,241690.96209912538
8900000.0,12.0,Неизвестно,32.8,18.9,5,9,1971,False,False,2.64,1,https://www.cian.ru/sale/flat/300297049/,False,271341.46341463417
5699000.0,15.0,ВАО,29.8,,6,6,1953,False,True,6.0,1,https://www.cian.ru/sale/flat/293823518/,False,191241.61073825503
20300000.0,4.0,Неизвестно,39.0,13.5,9,33,,False,False,3.0,1,https://www.cian.ru/sale/flat/300011239/,False,520512.8205128205
160000000.0,15.0,ЦАО,144.0,56.0,14,21,,False,False,,1,https://www.cian.ru/sale/flat/300436631/,False,1111111.111111111
11500000.0,5.0,ЗАО,35.0,20.0,4,9,1970,False,False,2.64,1,https://www.cian.ru/sale/flat/289479862/,False,328571.4285714286
9500000.0,12.0,ЮВАО,31.3,18.0,2,5,,False,False,,1,https://www.cian.ru/sale/flat/300073203/,False,303514.3769968051
23000000.0,10.0,ЗАО,30.0,,3,52,2020,False,False,3.0,1,https://www.cian.ru/sale/flat/296959546/,False,766666.6666666666
14900000.0,11.0,ЮВАО,34.2,,24,33,2023,False,False,2.59,1,https://www.cian.ru/sale/flat/297087775/,False,435672.51461988303
14400000.0,6.0,ЮАО,36.9,14.0,18,26,2023,False,False,2.7,1,https://www.cian.ru/sale/flat/299427439/,False,390243.9024390244
7950000.0,16.0,ЮВАО,31.0,18.0,9,9,1962,False,False,2.64,1,https://www.cian.ru/sale/flat/297818711/,False,256451.61290322582
7900000.0,3.0,ВАО,33.0,19.0,2,9,1976,False,False,2.7,1,https://www.cian.ru/sale/flat/300892104/,False,239393.9393939394
21000000.0,,СЗАО,43.0,24.0,18,22,2022,False,True,,1,https://www.cian.ru/sale/flat/297558153/,False,488372.0930232558
10100000.0,15.0,ВАО,38.0,19.0,5,14,1995,False,False,2.64,1,https://www.cian.ru/sale/flat/299635064/,False,265789.4736842105
60000000.0,9.0,ЦАО,49.3,36.3,2,11,,False,False,,1,https://www.cian.ru/sale/flat/292945725/,False,1217038.5395537526
17290000.0,7.0,СЗАО,31.7,12.0,19,33,2023,False,False,3.4,1,https://www.cian.ru/sale/flat/300658108/,False,545425.8675078865
30600000.0,3.0,САО,42.0,18.0,16,21,2020,False,False,3.1,1,https://www.cian.ru/sale/flat/300900853/,False,728571.4285714285
16350000.0,16.0,СВАО,40.0,19.0,2,13,2021,False,False,2.72,1,https://www.cian.ru/sale/flat/292434467/,False,408750.0
13650000.0,14.0,СВАО,32.0,,8,8,1962,False,False,2.8,1,https://www.cian.ru/sale/flat/300935802/,False,426562.5
10490000.0,16.0,СВАО,37.0,20.0,7,12,1967,False,False,2.64,1,https://www.cian.ru/sale/flat/298191085/,False,283513.5135135135
17500000.0,9.0,ЮЗАО,40.7,24.4,15,16,,False,False,2.6,1,https://www.cian.ru/sale/flat/299110690/,False,429975.42997542996
12800000.0,6.0,ЗАО,40.8,18.0,6,9,2023,False,False,2.7,1,https://www.cian.ru/sale/flat/300327603/,False,313725.49019607843
3800000.0,13.0,ВАО,44.0,20.0,12,12,,False,False,,1,https://www.cian.ru/sale/flat/290644239/,False,86363.63636363637
18500000.0,15.0,ЮАО,37.0,12.0,8,8,,,,,1,https://www.cian.ru/sale/flat/295930960/,False,500000.0
10600000.0,9.0,ЮАО,37.7,17.7,28,50,2013,False,False,2.9,1,https://www.cian.ru/sale/flat/299980989/,False,281167.10875331564
14400000.0,16.0,ЮЗАО,30.0,18.0,8,9,1966,False,False,2.7,1,https://www.cian.ru/sale/flat/299241579/,False,480000.0
8300000.0,19.0,ЮЗАО,38.2,17.6,12,16,,False,False,,1,https://www.cian.ru/sale/flat/298470529/,False,217277.48691099475
21100000.0,5.0,СЗАО,37.0,15.0,6,29,,False,False,3.0,1,https://www.cian.ru/sale/flat/300281966/,False,570270.2702702703
28000000.0,3.0,ЗАО,50.0,30.0,16,23,,False,False,3.0,1,https://www.cian.ru/sale/flat/299141019/,False,560000.0
5180000.0,10.0,СВАО,16.9,,16,16,2019,False,True,2.5,1,https://www.cian.ru/sale/flat/293971061/,False,306508.875739645
21500000.0,5.0,ЦАО,40.0,20.0,6,14,1972,False,False,2.7,1,https://www.cian.ru/sale/flat/300019395/,False,537500.0
7300000.0,9.0,ЮВАО,38.9,20.9,5,12,1977,False,False,2.64,1,https://www.cian.ru/sale/flat/300075498/,False,187660.66838046274
12500000.0,6.0,ЗАО,36.1,19.0,15,16,1979,False,False,2.64,1,https://www.cian.ru/sale/flat/300309463/,False,346260.38781163434
8150000.0,18.0,ЮВАО,32.9,18.8,5,9,1968,False,False,2.64,1,https://www.cian.ru/sale/flat/300151973/,False,247720.36474164136
7500000.0,19.0,ЮЗАО,38.3,19.6,11,17,,False,False,,1,https://www.cian.ru/sale/flat/299520907/,False,195822.45430809402
10800000.0,11.0,СВАО,35.0,19.5,3,9,1976,False,False,2.7,1,https://www.cian.ru/sale/flat/300019385/,False,308571.4285714286
15600000.0,15.0,ВАО,42.0,13.4,20,21,2022,False,True,3.0,1,https://www.cian.ru/sale/flat/300943049/,False,371428.5714285714
31000000.0,17.0,ЗАО,47.0,15.0,7,18,2022,False,False,3.1,1,https://www.cian.ru/sale/flat/297195040/,False,659574.4680851063
60500000.0,4.0,ЦАО,92.0,19.8,24,85,,False,True,,1,https://www.cian.ru/sale/flat/296576457/,False,657608.695652174
21950000.0,7.0,ЗАО,43.0,25.0,14,38,2021,,,,1,https://www.cian.ru/sale/flat/299224095/,False,510465.11627906974
11930000.0,6.0,СВАО,35.1,15.0,15,22,,False,False,2.85,1,https://www.cian.ru/sale/flat/299856834/,False,339886.03988603986
13500000.0,11.0,ЮВАО,33.0,,7,8,1962,False,False,2.7,1,https://www.cian.ru/sale/flat/300135811/,False,409090.9090909091
9790000.0,16.0,ЮВАО,33.3,17.1,4,9,1969,False,False,2.65,1,https://www.cian.ru/sale/flat/296748808/,False,293993.993993994
5990000.0,2.0,САО,19.2,,1,3,,False,True,3.33,1,https://www.cian.ru/sale/flat/295982641/,False,311979.1666666667
8200000.0,7.0,ЮАО,33.0,18.7,1,9,,False,False,2.64,1,https://www.cian.ru/sale/flat/300740237/,False,248484.84848484848
13700000.0,11.0,ЮВАО,28.0,18.0,11,29,2022,False,False,3.0,1,https://www.cian.ru/sale/flat/300670002/,False,489285.71428571426
10490000.0,9.0,СЗАО,35.0,20.0,8,9,,False,False,,1,https://www.cian.ru/sale/flat/300725362/,False,299714.28571428574
5500000.0,7.0,ЮАО,34.2,19.2,12,12,,False,False,,1,https://www.cian.ru/sale/flat/299105794/,False,160818.7134502924
800000.0,12.0,ЮЗАО,40.0,,6,14,2009,False,False,2.9,1,https://www.cian.ru/sale/flat/300459829/,False,20000.0
20000000.0,,СЗАО,42.4,15.0,18,48,2022,,,,1,https://www.cian.ru/sale/flat/292001549/,False,471698.11320754717
13500000.0,18.0,ВАО,39.1,20.2,24,24,2021,False,False,3.0,1,https://www.cian.ru/sale/flat/299329067/,False,345268.5421994885
17900000.0,9.0,САО,38.4,,15,17,2021,False,False,3.1,1,https://www.cian.ru/sale/flat/299563667/,False,466145.8333333334
18600000.0,5.0,СЗАО,38.0,,9,25,2023,False,False,3.1,1,https://www.cian.ru/sale/flat/294670793/,False,489473.6842105263
12000000.0,7.0,ЮЗАО,33.0,20.0,4,5,1959,False,False,2.6,1,https://www.cian.ru/sale/flat/300127778/,False,363636.36363636365
12000000.0,14.0,ЮВАО,35.0,19.1,11,16,1978,False,False,,1,https://www.cian.ru/sale/flat/300522974/,False,342857.14285714284
10000000.0,5.0,ЦАО,25.5,14.0,5,5,,False,True,,1,https://www.cian.ru/sale/flat/299589594/,False,392156.862745098
12290000.0,12.0,СВАО,36.9,14.5,8,18,2018,False,False,2.7,1,https://www.cian.ru/sale/flat/299396300/,False,333062.3306233062
10850000.0,17.0,ВАО,39.7,17.8,8,9,1970,False,False,2.65,1,https://www.cian.ru/sale/flat/299732160/,False,273299.7481108312
9800000.0,18.0,Неизвестно,34.8,19.9,5,12,1965,False,False,2.5,1,https://www.cian.ru/sale/flat/297130317/,False,281609.1954022989
15990000.0,3.0,ЗАО,40.0,20.0,4,14,1998,False,False,2.8,1,https://www.cian.ru/sale/flat/299778170/,False,399750.0
35700000.0,11.0,ЦАО,54.5,23.0,12,14,1975,False,False,3.0,1,https://www.cian.ru/sale/flat/300136415/,False,655045.8715596331
5999999.0,4.0,СВАО,20.3,14.0,3,5,1955,False,True,3.0,1,https://www.cian.ru/sale/flat/300667437/,False,295566.45320197043
10800000.0,7.0,ЗАО,38.5,20.1,19,22,2008,False,False,2.64,1,https://www.cian.ru/sale/flat/299543766/,False,280519.48051948054
21990000.0,10.0,ЗАО,40.7,16.6,3,11,,False,False,,1,https://www.cian.ru/sale/flat/299883785/,False,540294.8402948403
17600000.0,6.0,ЗАО,36.0,20.0,23,25,2021,False,False,,1,https://www.cian.ru/sale/flat/297661462/,False,488888.8888888889
6219000.0,8.0,ЦАО,27.0,18.0,2,8,2021,False,True,3.2,1,https://www.cian.ru/sale/flat/299562394/,False,230333.33333333334
6900000.0,9.0,САО,15.8,5.8,9,9,2019,False,False,,1,https://www.cian.ru/sale/flat/299501100/,False,436708.86075949366
14800000.0,6.0,СВАО,34.6,20.8,5,21,,False,False,2.8,1,https://www.cian.ru/sale/flat/300385847/,False,427745.6647398844
19000000.0,5.0,СЗАО,38.0,,17,25,2023,False,False,3.1,1,https://www.cian.ru/sale/flat/300144568/,False,500000.0
9120000.0,12.0,ЮВАО,36.0,,4,9,1980,False,False,2.5,1,https://www.cian.ru/sale/flat/296747241/,False,253333.33333333334
23000000.0,4.0,ЗАО,37.4,,9,31,2022,False,False,3.1,1,https://www.cian.ru/sale/flat/299202447/,False,614973.2620320856
8700000.0,11.0,ЮАО,19.0,10.0,2,4,,False,True,,1,https://www.cian.ru/sale/flat/299059172/,False,457894.7368421053
8290000.0,18.0,ВАО,32.8,18.8,8,9,1971,False,False,2.6,1,https://www.cian.ru/sale/flat/300337012/,False,252743.90243902442
8800000.0,4.0,СВАО,32.8,,8,9,1969,False,False,,1,https://www.cian.ru/sale/flat/300839361/,False,268292.68292682926
10799999.0,18.0,ЮАО,36.4,20.0,19,22,1984,False,False,,1,https://www.cian.ru/sale/flat/299098420/,False,296703.26923076925
7800000.0,7.0,ЦАО,20.2,,1,2,1899,False,True,,1,https://www.cian.ru/sale/flat/299254045/,False,386138.61386138614
11900000.0,,ВАО,39.3,18.1,12,14,,False,False,,1,https://www.cian.ru/sale/flat/295677601/,False,302798.98218829517
6307760.0,2.0,САО,20.0,12.0,1,3,,False,True,3.33,1,https://www.cian.ru/sale/flat/295670716/,False,315388.0
9500000.0,16.0,ЮВАО,37.6,18.9,6,17,2002,False,False,2.6,1,https://www.cian.ru/sale/flat/299881508/,False,252659.5744680851
20300000.0,9.0,ЮАО,69.4,,17,23,2007,False,False,3.0,1,https://www.cian.ru/sale/flat/300814010/,False,292507.204610951
7900000.0,8.0,ЮАО,34.7,19.6,9,12,1975,False,False,2.5,1,https://www.cian.ru/sale/flat/300526999/,False,227665.7060518732
10500000.0,15.0,САО,37.5,18.5,1,14,,False,False,,1,https://www.cian.ru/sale/flat/300301779/,False,280000.0
13200000.0,12.0,ЮЗАО,45.2,18.0,10,22,1987,False,False,2.64,1,https://www.cian.ru/sale/flat/300780263/,False,292035.39823008847
7680000.0,11.0,ЦАО,17.3,,1,5,1928,,,,1,https://www.cian.ru/sale/flat/299985179/,False,443930.6358381503
8900000.0,16.0,ЗАО,17.3,9.3,15,22,1980,False,True,2.65,1,https://www.cian.ru/sale/flat/300094228/,False,514450.8670520231
25000000.0,9.0,СЗАО,42.2,16.0,5,48,2022,False,False,2.9,1,https://www.cian.ru/sale/flat/296323378/,False,592417.0616113744
8000000.0,13.0,ЗАО,20.0,12.0,12,16,1976,False,False,,1,https://www.cian.ru/sale/flat/298811811/,False,400000.0
10500000.0,17.0,ЗАО,34.4,18.9,12,16,,False,False,2.5,1,https://www.cian.ru/sale/flat/289770726/,False,305232.5581395349
10500000.0,11.0,ЮЗАО,33.0,19.0,8,9,1976,False,False,2.64,1,https://www.cian.ru/sale/flat/299512754/,False,318181.8181818182
9200000.0,15.0,ЗАО,21.3,,11,22,1980,False,True,2.65,1,https://www.cian.ru/sale/flat/292542632/,False,431924.882629108
54122479.0,5.0,ЗАО,102.15,,44,57,2024,True,False,2.9,3,https://www.cian.ru/sale/flat/283864398/,False,529833.3724914341
226972000.0,1.0,ЦАО,112.0,,9,9,2023,True,True,,3,https://www.cian.ru/sale/flat/289484549/,False,2026535.7142857143
30000000.0,19.0,ЮВАО,70.5,,10,22,2023,True,False,,3,https://www.cian.ru/sale/flat/297676437/,False,425531.91489361704
21700000.0,15.0,ЮЗАО,86.8,42.0,16,23,2023,True,False,,3,https://www.cian.ru/sale/flat/300249188/,False,250000.0
36521600.0,12.0,СВАО,80.8,60.6,4,37,2024,True,False,3.0,3,https://www.cian.ru/sale/flat/298603482/,False,452000.0
49932900.0,12.0,СЗАО,98.1,56.0,18,21,2023,True,False,3.1,3,https://www.cian.ru/sale/flat/299168046/,False,509000.00000000006
79877440.0,6.0,СЗАО,122.3,54.3,2,10,2023,True,False,3.25,3,https://www.cian.ru/sale/flat/299261515/,False,653127.0645952576
50418495.0,4.0,ЦАО,85.5,52.5,5,22,2022,True,False,3.25,3,https://www.cian.ru/sale/flat/298576223/,False,589690.0
23925840.0,14.0,ЗАО,76.1,34.8,22,33,2023,True,False,2.7,3,https://www.cian.ru/sale/flat/289214386/,False,314400.0
42855959.0,5.0,ЮАО,99.55,68.4,27,27,2023,True,False,2.87,3,https://www.cian.ru/sale/flat/292741980/,False,430496.82571572077
32139585.0,10.0,ЗАО,93.49,61.2,12,29,2023,True,False,3.3,3,https://www.cian.ru/sale/flat/298365016/,False,343775.6444539523
32995000.0,6.0,ЗАО,71.0,42.7,24,62,2024,True,False,3.1,3,https://www.cian.ru/sale/flat/300867232/,False,464718.3098591549
173679000.0,14.0,ЦАО,125.4,,7,8,2023,True,False,3.2,3,https://www.cian.ru/sale/flat/294641859/,False,1385000.0
26178239.0,10.0,ЗАО,74.08,52.6,22,29,2023,True,False,3.3,3,https://www.cian.ru/sale/flat/297984103/,False,353377.9562634989
131920652.0,1.0,ЦАО,166.0,117.7,40,85,2015,True,True,,3,https://www.cian.ru/sale/flat/291360142/,False,794702.7228915662
31560000.0,4.0,ЗАО,93.4,60.0,3,29,2022,True,True,,3,https://www.cian.ru/sale/flat/293723590/,False,337901.49892933614
41481601.0,10.0,ЗАО,76.4,32.8,15,28,2022,True,False,3.4,3,https://www.cian.ru/sale/flat/298334172/,False,542952.892670157
35311520.0,20.0,ЮЗАО,66.4,28.1,14,42,2023,True,False,3.0,3,https://www.cian.ru/sale/flat/300761877/,False,531800.0
37912000.0,9.0,СВАО,124.7,,3,27,2022,True,False,,3,https://www.cian.ru/sale/flat/294033814/,False,304025.6615878107
45892379.0,7.0,ЮАО,89.8,39.4,18,22,2023,True,False,3.15,3,https://www.cian.ru/sale/flat/293204381/,False,511050.99109131406
53643330.0,27.0,ЮАО,113.1,61.5,12,15,2023,True,False,3.15,3,https://www.cian.ru/sale/flat/293204301/,False,474300.0
34500000.0,12.0,ЮАО,80.7,41.0,5,17,2023,True,False,,3,https://www.cian.ru/sale/flat/290335517/,False,427509.2936802974
51642900.0,18.0,ЮЗАО,83.7,,25,32,2021,True,False,3.1,3,https://www.cian.ru/sale/flat/292522995/,False,617000.0
38464000.0,9.0,СВАО,115.4,,16,27,2022,True,False,,3,https://www.cian.ru/sale/flat/294035010/,False,333310.22530329286
40000000.0,16.0,СЗАО,80.0,,4,6,2023,True,True,3.24,3,https://www.cian.ru/sale/flat/299370773/,False,500000.0
56275162.0,13.0,ЮЗАО,128.9,74.5,5,32,2021,True,False,3.1,3,https://www.cian.ru/sale/flat/295358667/,False,436580.0
36342383.0,10.0,ЗАО,95.5,56.3,28,30,2023,True,False,3.3,3,https://www.cian.ru/sale/flat/297984338/,False,380548.51308900525
35627582.0,11.0,СЗАО,91.0,39.6,2,20,2023,True,False,2.85,3,https://www.cian.ru/sale/flat/299067088/,False,391511.8901098901
34000000.0,19.0,СВАО,105.02,,19,20,2024,True,True,2.87,3,https://www.cian.ru/sale/flat/299689002/,False,323747.8575509427
59605000.0,12.0,СВАО,91.7,68.8,35,37,2024,True,False,4.1,3,https://www.cian.ru/sale/flat/300463321/,False,650000.0
37453000.0,9.0,СВАО,122.7,,11,27,2022,True,False,,3,https://www.cian.ru/sale/flat/296010091/,False,305240.423797881
106290000.0,27.0,ЗАО,149.0,50.6,14,14,2023,True,False,3.0,3,https://www.cian.ru/sale/flat/299262086/,False,713355.7046979866
47701200.0,10.0,СВАО,93.9,70.4,11,34,2022,True,False,3.1,3,https://www.cian.ru/sale/flat/298604132/,False,507999.99999999994
110220000.0,4.0,ЦАО,100.2,,68,78,2019,True,True,3.9,3,https://www.cian.ru/sale/flat/300449729/,False,1100000.0
51624000.0,11.0,СЗАО,95.6,,9,21,2022,True,True,3.0,3,https://www.cian.ru/sale/flat/299220701/,False,540000.0
259808000.0,17.0,ЗАО,162.38,,11,14,2024,True,False,,3,https://www.cian.ru/sale/flat/275277401/,False,1600000.0
21561195.0,22.0,ЮАО,75.0,33.7,17,23,2023,True,False,2.62,3,https://www.cian.ru/sale/flat/300725322/,False,287482.6
40971691.0,6.0,ЗАО,90.1,50.4,2,28,2022,True,False,3.12,3,https://www.cian.ru/sale/flat/298334316/,False,454735.74916759157
64061073.0,20.0,ЮАО,114.43,48.5,34,46,2023,True,False,3.0,3,https://www.cian.ru/sale/flat/299093541/,False,559827.6063969239
25846250.0,11.0,ВАО,77.5,32.9,29,33,2024,True,False,2.6,3,https://www.cian.ru/sale/flat/270786655/,False,333500.0
34550099.0,19.0,ЗАО,99.6,,14,30,2023,True,False,,3,https://www.cian.ru/sale/flat/292086495/,False,346888.54417670687
17204799.0,6.0,СЗАО,49.53,44.5,19,22,2022,True,True,3.0,3,https://www.cian.ru/sale/flat/300069755/,False,347361.175045427
38197066.0,15.0,Неизвестно,93.9,,2,24,2023,True,False,3.15,3,https://www.cian.ru/sale/flat/300953301/,False,406784.5154419595
25705695.0,2.0,ВАО,67.71,37.7,3,20,2024,True,False,,3,https://www.cian.ru/sale/flat/295461268/,False,379643.9964554719
183560639.0,12.0,САО,163.5,,37,41,2023,True,False,3.1,3,https://www.cian.ru/sale/flat/299233236/,False,1122695.0397553516
50230694.0,11.0,СВАО,106.1,,22,22,2024,True,False,3.0,3,https://www.cian.ru/sale/flat/299765618/,False,473427.8416588125
41500000.0,5.0,СЗАО,67.2,27.2,10,13,2023,True,False,3.25,3,https://www.cian.ru/sale/flat/295873965/,False,617559.5238095238
22464187.0,10.0,ЮВАО,74.4,33.7,32,33,2023,True,False,2.67,3,https://www.cian.ru/sale/flat/297433562/,False,301937.99731182796
180790000.0,1.0,ЦАО,101.0,,9,9,2023,True,True,,3,https://www.cian.ru/sale/flat/289484543/,False,1790000.0
57572282.0,24.0,ЮАО,114.09,60.5,8,12,2023,True,False,3.0,3,https://www.cian.ru/sale/flat/299911113/,False,504621.6320448768
50240000.0,27.0,ЗАО,91.5,46.1,6,13,2023,True,False,3.13,3,https://www.cian.ru/sale/flat/296278120/,False,549071.0382513661
31735858.0,19.0,ЮВАО,91.6,41.1,24,30,2024,True,False,2.87,3,https://www.cian.ru/sale/flat/300575562/,False,346461.3318777293
116298800.0,18.0,ЮЗАО,174.1,,22,32,2021,True,False,3.1,3,https://www.cian.ru/sale/flat/298609355/,False,668000.0
43608000.0,19.0,СВАО,94.8,71.1,5,32,2023,True,False,3.0,3,https://www.cian.ru/sale/flat/298604111/,False,460000.0
47925000.0,13.0,ЮЗАО,125.0,54.2,2,32,2021,True,False,3.1,3,https://www.cian.ru/sale/flat/290914438/,False,383400.0
270000000.0,5.0,СЗАО,197.0,,2,3,2019,True,True,,3,https://www.cian.ru/sale/flat/280125497/,False,1370558.3756345178
29000000.0,11.0,ЮВАО,73.2,41.3,11,20,2023,True,False,3.0,3,https://www.cian.ru/sale/flat/286679694/,False,396174.8633879781
67000990.0,17.0,СЗАО,82.6,48.1,16,43,2023,True,False,3.15,3,https://www.cian.ru/sale/flat/292613266/,False,811150.0
47021400.0,19.0,СВАО,103.8,77.9,11,32,2023,True,False,3.0,3,https://www.cian.ru/sale/flat/270707497/,False,453000.0
118370000.0,27.0,ЗАО,171.3,61.9,14,14,2023,True,False,3.0,3,https://www.cian.ru/sale/flat/299262088/,False,691009.9241097489
33748162.0,9.0,ЗАО,79.9,38.4,21,21,2023,True,False,3.87,3,https://www.cian.ru/sale/flat/283829227/,False,422379.99999999994
40259120.0,25.0,ЮВАО,84.8,25.3,9,26,2023,True,False,3.1,3,https://www.cian.ru/sale/flat/298028375/,False,474753.77358490566
46912824.0,8.0,ЮЗАО,85.2,,5,25,2024,True,False,3.17,3,https://www.cian.ru/sale/flat/294550053/,False,550620.0
21000000.0,18.0,ЮАО,59.5,,6,9,2024,True,False,,3,https://www.cian.ru/sale/flat/300821729/,False,352941.17647058825
42495337.0,10.0,ЗАО,116.64,70.2,24,29,2023,True,False,3.3,3,https://www.cian.ru/sale/flat/297986178/,False,364329.0209190672
104230000.0,28.0,ЗАО,148.9,62.8,14,14,2023,True,False,3.0,3,https://www.cian.ru/sale/flat/296277940/,False,700000.0
300000000.0,5.0,СЗАО,203.1,,1,3,2019,True,True,,3,https://www.cian.ru/sale/flat/280125492/,False,1477104.8744460857
28676315.0,17.0,ЮВАО,77.9,38.2,22,29,2024,True,False,2.87,3,https://www.cian.ru/sale/flat/300575207/,False,368117.0089858793
39872400.0,16.0,СЗАО,89.4,,3,6,2023,True,True,3.24,3,https://www.cian.ru/sale/flat/299370738/,False,446000.0
22370745.0,5.0,ЗАО,79.1,,11,25,2021,True,False,2.63,3,https://www.cian.ru/sale/flat/300605463/,False,282815.992414665
52308436.0,19.0,ЮАО,98.7,,4,6,2023,True,False,3.15,3,https://www.cian.ru/sale/flat/300761673/,False,529974.0222897669
110761560.0,11.0,ЦАО,128.8,,3,7,2022,True,True,3.4,3,https://www.cian.ru/sale/flat/298164213/,False,859949.9999999999
24710400.0,29.0,ВАО,78.0,32.0,29,33,2023,True,False,2.6,3,https://www.cian.ru/sale/flat/293402779/,False,316800.0
216819225.0,9.0,ЦАО,181.8,,14,21,2023,True,False,3.0,3,https://www.cian.ru/sale/flat/269051087/,False,1192625.0
21930000.0,12.0,ВАО,73.1,41.2,8,25,2024,True,False,,3,https://www.cian.ru/sale/flat/300829188/,False,300000.0
68992830.0,5.0,ЦАО,191.7,83.3,7,13,2022,True,True,3.4,3,https://www.cian.ru/sale/flat/300487794/,False,359900.0
28800000.0,11.0,ЮАО,70.0,49.2,3,20,2023,True,False,,3,https://www.cian.ru/sale/flat/300133730/,False,411428.5714285714
52294482.0,13.0,ЮЗАО,127.8,75.3,2,32,2021,True,False,3.1,3,https://www.cian.ru/sale/flat/276222596/,False,409190.0
111960930.0,12.0,ЗАО,117.7,52.5,7,12,2023,True,False,3.65,3,https://www.cian.ru/sale/flat/299121996/,False,951239.847068819
141580000.0,8.0,ЗАО,173.5,81.4,14,14,2023,True,False,3.0,3,https://www.cian.ru/sale/flat/296277878/,False,816023.0547550432
17948111.0,6.0,ЗАО,63.7,,13,25,2021,True,False,2.63,3,https://www.cian.ru/sale/flat/299449830/,False,281759.9843014129
25169281.0,30.0,Неизвестно,71.7,34.7,4,33,2024,True,False,2.62,3,https://www.cian.ru/sale/flat/300762622/,False,351035.9972105997
48066147.0,7.0,ЮАО,86.5,39.2,19,22,2023,True,False,3.15,3,https://www.cian.ru/sale/flat/293204417/,False,555678.0
57500000.0,9.0,ЗАО,122.1,82.0,20,24,2021,False,False,2.95,3,https://www.cian.ru/sale/flat/299944783/,False,470925.47092547093
58232083.0,27.0,ЮАО,113.5,61.5,8,15,2023,True,False,3.15,3,https://www.cian.ru/sale/flat/293736491/,False,513058.0
22499067.0,9.0,ЗАО,65.26,35.7,4,30,2023,True,False,3.3,3,https://www.cian.ru/sale/flat/297984252/,False,344760.4505056696
55603297.0,27.0,ЮАО,106.3,74.9,12,15,2023,True,False,3.15,3,https://www.cian.ru/sale/flat/293204330/,False,523078.9934148636
20303991.0,22.0,ЮАО,74.7,34.6,26,33,2023,True,False,2.62,3,https://www.cian.ru/sale/flat/300725246/,False,271807.1084337349
36885600.0,19.0,СВАО,87.2,65.4,2,32,2023,True,False,3.0,3,https://www.cian.ru/sale/flat/298604114/,False,423000.0
39230730.0,17.0,СЗАО,66.6,40.4,38,43,2023,True,False,3.15,3,https://www.cian.ru/sale/flat/299021632/,False,589050.0
27990000.0,10.0,САО,82.2,41.1,31,32,2023,True,False,2.75,3,https://www.cian.ru/sale/flat/294513406/,False,340510.9489051095
27962000.0,4.0,ЗАО,90.2,49.9,5,12,2022,True,True,3.0,3,https://www.cian.ru/sale/flat/295043457/,False,310000.0
33132600.0,12.0,СВАО,69.9,52.4,11,37,2024,True,False,3.0,3,https://www.cian.ru/sale/flat/298603595/,False,473999.99999999994
31200000.0,12.0,Неизвестно,76.2,43.0,3,29,2024,True,False,3.15,3,https://www.cian.ru/sale/flat/299850452/,False,409448.8188976378
23140963.0,4.0,ВАО,60.37,37.9,6,29,2023,True,False,3.0,3,https://www.cian.ru/sale/flat/299292596/,False,383318.91668047046
21000000.0,16.0,ВАО,71.2,40.3,3,25,2021,True,False,,3,https://www.cian.ru/sale/flat/292125908/,False,294943.82022471906
23647219.0,5.0,СВАО,91.9,,2,33,2023,True,False,2.63,3,https://www.cian.ru/sale/flat/300673589/,False,257314.67899891184
48759256.0,6.0,ЗАО,83.8,34.1,25,28,2022,True,False,3.12,3,https://www.cian.ru/sale/flat/298334250/,False,581852.6968973747
38324000.0,,СЗАО,87.1,,47,47,2023,True,False,3.05,3,https://www.cian.ru/sale/flat/296745621/,False,440000.0
43076039.0,4.0,ЮАО,99.9,,3,24,2023,True,False,3.15,3,https://www.cian.ru/sale/flat/300800428/,False,431191.58158158156
35417235.0,2.0,ВАО,86.6,67.1,19,20,2024,True,False,,3,https://www.cian.ru/sale/flat/300122381/,False,408975.0
28827070.0,8.0,САО,69.4,42.8,7,35,2023,True,False,3.1,3,https://www.cian.ru/sale/flat/298334722/,False,415375.64841498557
34420000.0,14.0,ЗАО,79.3,,26,27,2022,True,False,,3,https://www.cian.ru/sale/flat/299256402/,False,434047.919293821
47992104.0,19.0,Неизвестно,99.5,,2,6,2023,True,False,3.15,3,https://www.cian.ru/sale/flat/300712712/,False,482332.7035175879
46000000.0,7.0,ЗАО,75.0,47.0,9,25,,False,False,,3,https://www.cian.ru/sale/flat/295713890/,False,613333.3333333334
46860800.0,19.0,СВАО,104.6,78.5,2,32,2023,True,False,3.0,3,https://www.cian.ru/sale/flat/275155902/,False,448000.0
39134583.0,16.0,САО,74.7,43.1,16,26,2022,True,False,3.0,3,https://www.cian.ru/sale/flat/298148454/,False,523890.0
25655724.0,27.0,ЮАО,74.4,46.3,2,33,2023,True,False,2.68,3,https://www.cian.ru/sale/flat/300915390/,False,344835.0
18973473.0,4.0,ЮЗАО,87.3,,2,21,2023,True,False,2.99,3,https://www.cian.ru/sale/flat/297569207/,False,217336.46048109967
37000000.0,18.0,ЗАО,74.3,47.8,15,20,2024,True,False,3.2,3,https://www.cian.ru/sale/flat/299464154/,False,497981.1574697174
65781840.0,17.0,СЗАО,81.6,47.1,12,43,2023,True,False,3.15,3,https://www.cian.ru/sale/flat/292613350/,False,806150.0
29229156.0,30.0,ЗАО,76.3,34.5,26,33,2023,True,False,2.62,3,https://www.cian.ru/sale/flat/300679432/,False,383081.9921363041
49760000.0,27.0,ЗАО,91.8,40.9,7,14,2023,True,False,3.0,3,https://www.cian.ru/sale/flat/299262107/,False,542047.9302832244
35320672.0,6.0,ЗАО,62.6,30.1,20,28,2022,True,False,3.12,3,https://www.cian.ru/sale/flat/298334244/,False,564227.9872204473
76000000.0,8.0,ЮЗАО,95.0,,16,25,2024,True,False,3.17,3,https://www.cian.ru/sale/flat/294842884/,False,800000.0
33996062.0,9.0,ЗАО,101.97,77.1,17,30,2023,True,False,3.3,3,https://www.cian.ru/sale/flat/297984234/,False,333392.78219084046
47676600.0,13.0,ЮЗАО,121.5,52.3,3,32,2021,True,False,3.1,3,https://www.cian.ru/sale/flat/264100277/,False,392400.0
102000000.0,12.0,ЗАО,136.5,,8,12,2023,True,False,,3,https://www.cian.ru/sale/flat/300298619/,False,747252.7472527473
25583515.0,4.0,ЗАО,87.8,55.1,6,15,2022,True,True,3.0,3,https://www.cian.ru/sale/flat/286250524/,False,291383.9977220957
25868927.0,5.0,ЗАО,92.0,,6,25,2021,True,False,2.63,3,https://www.cian.ru/sale/flat/300605470/,False,281183.98913043475
24500000.0,7.0,СВАО,85.6,51.6,7,22,2021,True,False,,3,https://www.cian.ru/sale/flat/300285754/,False,286214.95327102806
38801000.0,9.0,СВАО,114.4,,2,27,2022,True,False,,3,https://www.cian.ru/sale/flat/294033576/,False,339169.5804195804
53361734.0,5.0,ЗАО,85.06,,10,57,2024,True,False,2.9,3,https://www.cian.ru/sale/flat/282209319/,False,627342.276040442
62749314.0,22.0,ЮАО,106.82,53.8,8,29,2023,True,False,3.0,3,https://www.cian.ru/sale/flat/293801361/,False,587430.3875678713
44000000.0,8.0,Неизвестно,74.0,,19,41,2022,True,False,,3,https://www.cian.ru/sale/flat/300962201/,False,594594.5945945946
45812800.0,19.0,СВАО,109.6,82.2,4,32,2023,True,False,3.0,3,https://www.cian.ru/sale/flat/298604099/,False,418000.0
96710000.0,8.0,ЗАО,129.8,38.7,13,14,2023,True,False,3.0,3,https://www.cian.ru/sale/flat/296277887/,False,745069.3374422187
68334564.0,13.0,ЮЗАО,174.8,70.0,26,32,2021,True,False,3.1,3,https://www.cian.ru/sale/flat/264100210/,False,390930.0
61276548.0,5.0,ЗАО,111.28,,48,57,2024,True,False,2.9,3,https://www.cian.ru/sale/flat/283864447/,False,550651.9410496046
94980000.0,3.0,СЗАО,137.6,,6,21,2023,True,False,,3,https://www.cian.ru/sale/flat/299653994/,False,690261.6279069767
169247000.0,14.0,ЦАО,122.2,,7,8,2023,True,False,3.2,3,https://www.cian.ru/sale/flat/294641848/,False,1385000.0
70000000.0,19.0,СЗАО,96.2,62.0,5,10,2023,True,False,,3,https://www.cian.ru/sale/flat/299321811/,False,727650.7276507276
27738753.0,30.0,ЗАО,73.5,37.3,23,33,2023,True,False,2.62,3,https://www.cian.ru/sale/flat/300679491/,False,377398.0
26566750.0,12.0,ЗАО,89.3,38.0,2,21,2023,True,False,2.7,3,https://www.cian.ru/sale/flat/276703807/,False,297500.0
25679385.0,10.0,ЗАО,90.4,,25,25,2022,True,False,2.7,3,https://www.cian.ru/sale/flat/300614602/,False,284063.9933628318
22123140.0,5.0,ЗАО,75.3,,9,25,2021,True,False,2.63,3,https://www.cian.ru/sale/flat/299449784/,False,293800.0
51983138.0,24.0,ЮАО,93.2,45.2,16,16,2023,True,False,3.15,3,https://www.cian.ru/sale/flat/293204020/,False,557758.991416309
55802800.0,,ЦАО,117.64,61.4,32,35,2023,True,False,3.1,3,https://www.cian.ru/sale/flat/293376093/,False,474352.26113566814
54074186.0,11.0,СВАО,103.2,,11,19,2022,True,False,3.25,3,https://www.cian.ru/sale/flat/294160713/,False,523974.67054263566
55631270.0,27.0,Неизвестно,109.9,80.0,6,15,2023,True,False,3.15,3,https://www.cian.ru/sale/flat/293204327/,False,506198.99909008184
34783321.0,6.0,ЗАО,62.6,31.3,15,28,2022,True,False,3.12,3,https://www.cian.ru/sale/flat/298334283/,False,555644.1054313099
64670000.0,15.0,ЗАО,91.6,39.1,8,14,2023,True,False,3.0,3,https://www.cian.ru/sale/flat/296277803/,False,706004.3668122271
40480000.0,9.0,ЦАО,50.6,35.0,3,4,2024,True,True,,3,https://www.cian.ru/sale/flat/300979493/,False,800000.0
52147800.0,5.0,ЗАО,89.91,,22,57,2024,True,False,2.9,3,https://www.cian.ru/sale/flat/295072442/,False,580000.0
49190080.0,19.0,ЮВАО,85.6,29.2,13,13,2023,True,False,3.0,3,https://www.cian.ru/sale/flat/300127745/,False,574650.4672897196
61168111.0,25.0,ЮАО,102.83,52.0,6,9,2023,True,False,3.0,3,https://www.cian.ru/sale/flat/299945328/,False,594846.9415540212
42000000.0,8.0,ЮЗАО,107.8,68.0,31,34,2023,True,False,,3,https://www.cian.ru/sale/flat/296485610/,False,389610.3896103896
67982727.0,13.0,ЮЗАО,173.9,69.6,24,32,2021,True,False,3.1,3,https://www.cian.ru/sale/flat/264100201/,False,390930.0
58273567.0,11.0,СВАО,107.4,,13,19,2022,True,False,3.25,3,https://www.cian.ru/sale/flat/294160692/,False,542584.4227188082
37691396.0,23.0,Неизвестно,85.1,41.6,6,11,2024,True,False,3.1,3,https://www.cian.ru/sale/flat/299226742/,False,442907.1210340776
40096000.0,9.0,СВАО,110.6,,21,27,2022,True,False,,3,https://www.cian.ru/sale/flat/294034014/,False,362531.64556962025
66000000.0,17.0,ЗАО,64.9,16.0,11,34,2023,False,True,,3,https://www.cian.ru/sale/flat/300394700/,False,1016949.1525423728
32895000.0,19.0,СВАО,77.4,58.1,2,32,2023,True,False,3.0,3,https://www.cian.ru/sale/flat/298603929/,False,424999.99999999994
31686840.0,9.0,ЗАО,89.9,55.5,7,30,2023,True,False,3.3,3,https://www.cian.ru/sale/flat/299583573/,False,352467.6307007786
361519400.0,14.0,ЦАО,222.2,,8,8,2023,True,False,3.2,3,https://www.cian.ru/sale/flat/294775304/,False,1627000.0
42013200.0,16.0,СЗАО,94.2,28.8,4,6,2023,True,True,3.24,3,https://www.cian.ru/sale/flat/299370766/,False,446000.0
56026000.0,11.0,СЗАО,102.8,51.5,14,21,2023,True,False,3.1,3,https://www.cian.ru/sale/flat/299168026/,False,545000.0
44234611.0,6.0,ЮАО,83.2,38.6,8,15,2023,True,False,3.15,3,https://www.cian.ru/sale/flat/293204083/,False,531665.9975961539
135790000.0,8.0,ЗАО,172.9,81.4,14,14,2023,True,False,3.0,3,https://www.cian.ru/sale/flat/298893338/,False,785367.2643146327
35399500.0,,СЗАО,85.3,41.1,39,47,2023,True,False,3.05,3,https://www.cian.ru/sale/flat/296745590/,False,415000.0
26391850.0,30.0,ЗАО,73.4,37.5,33,34,2023,True,False,2.62,3,https://www.cian.ru/sale/flat/300679320/,False,359561.9891008174
18652971.0,9.0,ВАО,61.13,46.8,11,25,2024,True,True,2.8,3,https://www.cian.ru/sale/flat/300294332/,False,305136.11974480614
49263500.0,8.0,ЗАО,75.79,,6,11,2024,True,False,3.0,3,https://www.cian.ru/sale/flat/286545629/,False,650000.0
172158805.0,1.0,ЦАО,186.0,118.3,72,85,2015,True,True,,3,https://www.cian.ru/sale/flat/291360023/,False,925584.9731182796
133770000.0,28.0,ЗАО,171.3,56.6,14,14,2021,True,False,3.0,3,https://www.cian.ru/sale/flat/296277986/,False,780910.6830122592
49798312.0,2.0,ЮЗАО,96.4,,21,25,2024,True,False,3.65,3,https://www.cian.ru/sale/flat/296747293/,False,516579.99999999994
40080000.0,9.0,СВАО,119.1,,20,27,2022,True,False,,3,https://www.cian.ru/sale/flat/298655839/,False,336523.92947103275
46971708.0,10.0,СЗАО,99.9,60.5,26,26,2022,True,False,3.02,3,https://www.cian.ru/sale/flat/290753555/,False,470187.2672672672
31079570.0,6.0,САО,103.2,,2,33,2024,True,True,2.7,3,https://www.cian.ru/sale/flat/298464071/,False,301158.62403100776
51076223.0,24.0,ЮАО,101.47,54.2,5,12,2023,True,False,3.0,3,https://www.cian.ru/sale/flat/299911117/,False,503362.79688577907
43340026.0,4.0,ЦАО,67.9,40.5,12,22,2022,True,False,3.25,3,https://www.cian.ru/sale/flat/298576264/,False,638291.9882179676
42477783.0,23.0,ЮАО,98.8,47.6,2,11,2024,True,False,3.1,3,https://www.cian.ru/sale/flat/300577186/,False,429937.07489878545
35673165.0,9.0,СВАО,129.3,,8,27,2022,True,False,,3,https://www.cian.ru/sale/flat/294033612/,False,275894.54756380507
47708400.0,10.0,СВАО,95.8,71.9,11,34,2022,True,False,3.1,3,https://www.cian.ru/sale/flat/298604122/,False,498000.0
43730000.0,14.0,ЗАО,111.4,,25,27,2022,True,False,,3,https://www.cian.ru/sale/flat/299256400/,False,392549.37163375225
46897080.0,24.0,ЮАО,95.4,50.8,25,28,2024,True,False,3.1,3,https://www.cian.ru/sale/flat/299226471/,False,491583.6477987421
108153660.0,12.0,ЗАО,117.4,52.5,8,12,2023,True,False,3.65,3,https://www.cian.ru/sale/flat/298028295/,False,921240.7155025554
33454080.0,13.0,ЮЗАО,88.0,50.6,1,32,2021,True,False,3.1,3,https://www.cian.ru/sale/flat/290914447/,False,380160.0
62694000.0,13.0,ЮЗАО,116.1,50.7,32,32,2021,True,False,3.1,3,https://www.cian.ru/sale/flat/290914466/,False,540000.0
47692700.0,5.0,ЮЗАО,95.5,,22,34,2023,True,False,3.0,3,https://www.cian.ru/sale/flat/300761729/,False,499400.0
65966145.0,25.0,ЮАО,114.98,62.1,7,16,2023,True,False,3.0,3,https://www.cian.ru/sale/flat/295715174/,False,573718.4292920508
155724450.0,14.0,ЦАО,131.7,89.9,4,9,2021,True,False,3.6,3,https://www.cian.ru/sale/flat/298329452/,False,1182417.9954441914
23465759.0,6.0,ЗАО,83.0,,15,25,2021,True,False,2.63,3,https://www.cian.ru/sale/flat/300889117/,False,282719.9879518072
32352998.0,5.0,СЗАО,85.1,39.3,3,20,2023,True,False,2.85,3,https://www.cian.ru/sale/flat/291372583/,False,380176.23971797887
37403070.0,23.0,ЮАО,82.9,45.0,7,16,2022,True,False,3.15,3,https://www.cian.ru/sale/flat/293203813/,False,451182.99155609164
128600000.0,10.0,ЦАО,128.6,,7,8,2019,True,False,3.3,3,https://www.cian.ru/sale/flat/299053644/,False,1000000.0
59921196.0,11.0,СВАО,107.6,,15,19,2022,True,False,3.25,3,https://www.cian.ru/sale/flat/294160691/,False,556888.43866171
28800000.0,15.0,СЗАО,64.0,38.2,17,44,2023,True,False,3.0,3,https://www.cian.ru/sale/flat/298824506/,False,450000.0
51076299.0,27.0,ЮАО,107.9,62.6,11,15,2023,True,False,3.15,3,https://www.cian.ru/sale/flat/300444159/,False,473366.9972196478
29775154.0,2.0,Неизвестно,80.79,61.4,10,20,2024,True,False,,3,https://www.cian.ru/sale/flat/297150985/,False,368549.9938111152
195587632.0,12.0,ЦАО,157.6,59.6,14,17,2022,True,False,4.5,3,https://www.cian.ru/sale/flat/280543692/,False,1241038.274111675
55000000.0,17.0,ЗАО,65.0,60.0,13,39,,False,True,3.0,3,https://www.cian.ru/sale/flat/300625212/,False,846153.8461538461
75670000.0,27.0,ЗАО,115.7,50.5,10,13,2023,True,False,3.13,3,https://www.cian.ru/sale/flat/296278083/,False,654019.014693172
45000000.0,17.0,ЮВАО,95.0,,7,22,2023,True,False,,3,https://www.cian.ru/sale/flat/298915276/,False,473684.2105263158
43161758.0,9.0,ЗАО,87.9,51.0,3,15,2022,True,False,3.12,3,https://www.cian.ru/sale/flat/298334358/,False,491032.5142207053
47200000.0,14.0,ЗАО,95.0,50.0,8,16,2018,False,True,3.0,3,https://www.cian.ru/sale/flat/299859415/,False,496842.1052631579
24773733.0,30.0,ЗАО,72.6,36.1,26,33,2024,True,False,2.62,3,https://www.cian.ru/sale/flat/300679223/,False,341235.99173553725
42190811.0,19.0,ЮАО,94.8,,2,6,2023,True,False,3.15,3,https://www.cian.ru/sale/flat/300783103/,False,445050.7489451477
48276199.0,4.0,Неизвестно,101.1,,2,6,2023,True,False,3.15,3,https://www.cian.ru/sale/flat/300712720/,False,477509.38674579625
35359547.0,10.0,ЗАО,61.4,29.1,11,28,2022,True,False,3.12,3,https://www.cian.ru/sale/flat/298334028/,False,575888.3876221499
58274886.0,25.0,ЮАО,98.23,53.3,16,16,2023,True,False,3.0,3,https://www.cian.ru/sale/flat/295715179/,False,593249.3739183549
50864200.0,,ЦАО,113.89,59.3,12,35,2023,True,False,3.1,3,https://www.cian.ru/sale/flat/293376081/,False,446608.1306523839
31000000.0,5.0,СЗАО,59.4,35.7,14,43,2023,True,False,,3,https://www.cian.ru/sale/flat/297765120/,False,521885.5218855219
21835201.0,27.0,ЮАО,74.9,33.6,3,23,2023,True,False,2.62,3,https://www.cian.ru/sale/flat/300763058/,False,291524.7129506008
63551039.0,12.0,САО,82.1,,32,41,2023,True,False,3.1,3,https://www.cian.ru/sale/flat/297177679/,False,774068.6845310597
53777997.0,4.0,ЦАО,84.1,53.3,11,22,2022,True,False,3.25,3,https://www.cian.ru/sale/flat/298576228/,False,639452.9964328181
23711231.0,20.0,ЗАО,86.0,,9,25,2022,True,False,2.7,3,https://www.cian.ru/sale/flat/300614604/,False,275711.988372093
39223840.0,19.0,ЮВАО,78.2,26.7,3,13,2023,True,False,3.0,3,https://www.cian.ru/sale/flat/300207697/,False,501583.63171355496
27697945.0,2.0,ВАО,67.44,37.7,6,20,2024,True,False,,3,https://www.cian.ru/sale/flat/299141840/,False,410704.99703440093
43341568.0,6.0,ЗАО,81.4,36.6,3,28,2022,True,False,3.12,3,https://www.cian.ru/sale/flat/298334195/,False,532451.6953316953
43065000.0,16.0,СЗАО,82.5,27.5,6,6,2023,True,True,3.24,3,https://www.cian.ru/sale/flat/299370762/,False,522000.0
16990000.0,4.0,ЮВАО,82.95,42.4,16,26,2025,True,False,,3,https://www.cian.ru/sale/flat/298552421/,False,204822.1820373719
25375391.0,10.0,ЗАО,92.1,,6,25,2021,True,False,2.63,3,https://www.cian.ru/sale/flat/300889113/,False,275519.9891422367
26551533.0,20.0,СВАО,76.0,,10,22,2021,True,False,2.79,3,https://www.cian.ru/sale/flat/295442234/,False,349362.2763157895
85000001.0,17.0,ЗАО,83.6,,27,34,2024,True,True,,3,https://www.cian.ru/sale/flat/299928367/,False,1016746.4234449761
131950000.0,5.0,СЗАО,128.1,41.3,2,3,2023,True,True,3.1,3,https://www.cian.ru/sale/flat/300415805/,False,1030054.6448087433
48728325.0,16.0,СЗАО,91.5,53.6,15,23,2023,True,False,3.15,3,https://www.cian.ru/sale/flat/289786031/,False,532550.0
48424200.0,8.0,ЮЗАО,87.0,,19,25,2024,True,False,3.17,3,https://www.cian.ru/sale/flat/296330621/,False,556600.0
47337000.0,10.0,СВАО,93.0,69.8,11,34,2022,True,False,3.1,3,https://www.cian.ru/sale/flat/298604128/,False,509000.0
48553400.0,19.0,СВАО,110.6,83.0,9,32,2023,True,False,3.0,3,https://www.cian.ru/sale/flat/275155915/,False,439000.0
29000000.0,19.0,ЮАО,82.0,45.0,11,25,2023,True,False,,3,https://www.cian.ru/sale/flat/298248906/,False,353658.53658536583
54606240.0,7.0,ЮАО,93.6,43.8,21,22,2023,True,False,3.15,3,https://www.cian.ru/sale/flat/293204383/,False,583400.0
77000000.0,12.0,ЗАО,97.4,51.0,2,12,2023,True,False,,3,https://www.cian.ru/sale/flat/297719006/,False,790554.4147843942
47000000.0,18.0,СЗАО,72.2,,19,44,2023,True,False,,3,https://www.cian.ru/sale/flat/298578210/,False,650969.5290858726
65500000.0,6.0,ЗАО,105.0,70.0,14,23,,False,False,3.1,3,https://www.cian.ru/sale/flat/300199062/,False,623809.5238095238
43028880.0,2.0,САО,81.6,51.4,20,21,2023,True,True,3.15,3,https://www.cian.ru/sale/flat/298000735/,False,527314.705882353
40813500.0,19.0,СВАО,89.7,67.3,11,32,2023,True,False,3.0,3,https://www.cian.ru/sale/flat/298603970/,False,455000.0
46968827.0,10.0,ЗАО,80.5,33.3,12,28,2022,True,False,3.12,3,https://www.cian.ru/sale/flat/298334147/,False,583463.6894409938
34088748.0,6.0,САО,99.4,,6,33,2024,True,True,2.7,3,https://www.cian.ru/sale/flat/291201836/,False,342945.1509054326
129630000.0,28.0,ЗАО,167.5,72.7,14,14,2021,True,False,3.0,3,https://www.cian.ru/sale/flat/296277985/,False,773910.4477611941
58630000.0,27.0,ЗАО,95.8,38.9,12,13,2023,True,False,3.13,3,https://www.cian.ru/sale/flat/296278073/,False,612004.1753653445
46545000.0,19.0,СВАО,107.0,80.3,2,32,2023,True,False,3.0,3,https://www.cian.ru/sale/flat/270707517/,False,435000.0
17676549.0,6.0,САО,77.8,42.3,8,15,2023,True,False,2.84,3,https://www.cian.ru/sale/flat/299656090/,False,227205.0
21322910.0,16.0,САО,83.8,46.3,14,14,2023,True,False,2.84,3,https://www.cian.ru/sale/flat/297033466/,False,254450.0
40900000.0,5.0,СЗАО,81.0,48.5,23,25,2023,True,False,,3,https://www.cian.ru/sale/flat/293779965/,False,504938.27160493826
40601100.0,12.0,СВАО,96.9,72.7,8,37,2024,True,False,3.0,3,https://www.cian.ru/sale/flat/298603539/,False,419000.0
28965519.0,5.0,ЮЗАО,62.7,,18,25,2024,True,False,3.17,3,https://www.cian.ru/sale/flat/296330609/,False,461970.0
26323740.0,14.0,ЗАО,81.7,33.8,26,33,2023,True,False,2.7,3,https://www.cian.ru/sale/flat/281170272/,False,322200.0
17699000.0,5.0,СЗАО,77.6,,19,20,2024,True,False,2.68,3,https://www.cian.ru/sale/flat/298837021/,False,228079.89690721652
19383067.0,21.0,СЗАО,85.4,39.1,6,24,2022,True,False,2.82,3,https://www.cian.ru/sale/flat/300917933/,False,226967.9976580796
46000000.0,7.0,СВАО,103.0,52.1,8,19,2022,True,False,,3,https://www.cian.ru/sale/flat/292607783/,False,446601.9417475728
37145181.0,9.0,ЗАО,103.16,57.9,25,30,2023,True,False,3.3,3,https://www.cian.ru/sale/flat/297984171/,False,360073.4877859636
58024630.0,7.0,СЗАО,91.3,49.2,14,15,2023,True,False,3.23,3,https://www.cian.ru/sale/flat/299578035/,False,635538.1161007667
30590812.0,27.0,ЮАО,87.7,42.6,2,33,2023,True,False,2.68,3,https://www.cian.ru/sale/flat/300915388/,False,348811.9954389966
72090000.0,28.0,ЗАО,102.1,42.3,12,13,2023,True,False,3.58,3,https://www.cian.ru/sale/flat/296277908/,False,706072.4779627817
19427045.0,16.0,САО,83.9,46.3,11,13,2023,True,False,2.84,3,https://www.cian.ru/sale/flat/297032835/,False,231549.99999999997
23352671.0,10.0,ЗАО,82.6,,15,25,2021,True,False,2.63,3,https://www.cian.ru/sale/flat/300605450/,False,282719.9878934625
77500000.0,12.0,ЗАО,97.7,36.0,2,12,2023,True,False,,3,https://www.cian.ru/sale/flat/297719004/,False,793244.6264073695
133180000.0,5.0,СЗАО,129.3,42.5,2,3,2023,True,True,3.1,3,https://www.cian.ru/sale/flat/300415811/,False,1030007.7339520494
41606500.0,6.0,САО,96.2,,14,25,2022,True,False,2.85,3,https://www.cian.ru/sale/flat/300755280/,False,432500.0
53677375.0,5.0,ЗАО,92.15,,29,57,2024,True,False,2.9,3,https://www.cian.ru/sale/flat/295045959/,False,582500.0
43906720.0,10.0,САО,104.0,,33,43,2023,True,False,4.2,3,https://www.cian.ru/sale/flat/287735663/,False,422180.0
54520000.0,27.0,ЗАО,95.8,41.4,9,13,2023,True,False,3.13,3,https://www.cian.ru/sale/flat/296278072/,False,569102.2964509395
44424100.0,10.0,ЗАО,87.4,32.9,12,28,2022,True,False,3.12,3,https://www.cian.ru/sale/flat/298334143/,False,508284.8970251716
33269000.0,9.0,СВАО,90.6,,2,27,2022,True,False,,3,https://www.cian.ru/sale/flat/294033706/,False,367207.5055187638
25856000.0,20.0,СВАО,80.8,,10,22,2021,True,False,2.79,3,https://www.cian.ru/sale/flat/296754087/,False,320000.0
39509400.0,16.0,СЗАО,81.8,27.5,4,6,2023,True,True,3.24,3,https://www.cian.ru/sale/flat/299370759/,False,483000.0
146361132.0,14.0,ЦАО,128.2,104.0,67,67,2023,True,False,3.05,3,https://www.cian.ru/sale/flat/287868741/,False,1141662.496099844
22465177.0,10.0,ЮВАО,74.5,33.7,21,33,2023,True,False,2.67,3,https://www.cian.ru/sale/flat/295119105/,False,301546.0
45412576.0,24.0,ЮАО,95.4,50.8,23,28,2024,True,False,3.1,3,https://www.cian.ru/sale/flat/299226467/,False,476022.80922431865
45370600.0,12.0,СВАО,90.2,67.7,8,37,2024,True,False,3.0,3,https://www.cian.ru/sale/flat/270707641/,False,503000.0
46270858.0,19.0,ЮАО,94.3,,4,6,2023,True,False,3.15,3,https://www.cian.ru/sale/flat/300800421/,False,490677.17921527044
104554824.0,20.0,ЮАО,144.31,83.9,46,46,2023,True,False,4.18,3,https://www.cian.ru/sale/flat/299093548/,False,724515.4459150439
44096000.0,19.0,СВАО,106.0,79.5,3,32,2023,True,False,3.0,3,https://www.cian.ru/sale/flat/298603960/,False,416000.0
41847000.0,16.0,СЗАО,87.0,39.0,6,6,2023,True,True,3.24,3,https://www.cian.ru/sale/flat/299370769/,False,481000.0
63790000.0,8.0,ЗАО,96.2,42.0,13,14,2023,True,False,3.0,3,https://www.cian.ru/sale/flat/296277869/,False,663097.7130977131
50908916.0,7.0,ЮАО,85.3,44.7,24,40,2023,True,False,3.15,3,https://www.cian.ru/sale/flat/293203944/,False,596821.9929660023
30000000.0,18.0,ЗАО,66.9,29.9,5,14,2024,True,False,,3,https://www.cian.ru/sale/flat/300611466/,False,448430.49327354255
63325606.0,25.0,ЮАО,108.28,52.5,10,12,2023,True,False,3.0,3,https://www.cian.ru/sale/flat/291805479/,False,584831.9726634651
29232000.0,17.0,СЗАО,69.6,,4,5,2023,True,True,,3,https://www.cian.ru/sale/flat/300956043/,False,420000.00000000006
53119241.0,4.0,ЮАО,93.0,,6,6,2023,True,False,3.15,3,https://www.cian.ru/sale/flat/300783108/,False,571174.6344086021
21422419.0,10.0,ЗАО,79.3,,2,25,2021,True,False,2.63,3,https://www.cian.ru/sale/flat/300889107/,False,270143.9974779319
40584440.0,25.0,ЮАО,86.1,48.8,5,16,2023,True,False,3.15,3,https://www.cian.ru/sale/flat/293204006/,False,471363.9953542393
48549600.0,13.0,ЮЗАО,122.6,36.2,5,32,2021,True,False,3.1,3,https://www.cian.ru/sale/flat/264100295/,False,396000.0
410936842.0,6.0,ЦАО,200.2,,5,5,2019,True,False,3.6,3,https://www.cian.ru/sale/flat/274788020/,False,2052631.5784215785
31697000.0,9.0,СВАО,87.0,,23,27,2022,True,False,,3,https://www.cian.ru/sale/flat/294033560/,False,364333.3333333333
44871473.0,8.0,ЮЗАО,71.4,,22,25,2024,True,False,3.17,3,https://www.cian.ru/sale/flat/300451833/,False,628452.0028011204
24192312.0,27.0,ЮАО,84.5,40.4,33,33,2023,True,False,2.62,3,https://www.cian.ru/sale/flat/300725129/,False,286299.550295858
47884780.0,24.0,ЮАО,94.2,45.4,16,16,2023,True,False,3.15,3,https://www.cian.ru/sale/flat/293204024/,False,508330.99787685776
106491170.0,12.0,Неизвестно,127.9,61.8,2,12,2023,True,False,3.65,3,https://www.cian.ru/sale/flat/298028296/,False,832612.744331509
175059786.0,12.0,ЦАО,134.3,60.3,15,17,2022,True,False,4.5,3,https://www.cian.ru/sale/flat/280543714/,False,1303498.0342516752
34700000.0,16.0,ЮАО,78.8,33.2,22,26,2024,True,False,3.0,3,https://www.cian.ru/sale/flat/298516007/,False,440355.32994923857
55610000.0,27.0,ЗАО,97.9,38.4,9,14,2023,True,False,3.0,3,https://www.cian.ru/sale/flat/299262102/,False,568028.6006128702
91096000.0,5.0,ЗАО,113.87,,57,57,2024,True,False,2.9,3,https://www.cian.ru/sale/flat/300843847/,False,800000.0
44900000.0,2.0,ЦАО,66.2,,11,21,2023,True,True,3.15,3,https://www.cian.ru/sale/flat/298808405/,False,678247.7341389728
24500000.0,8.0,ЗАО,64.6,23.3,10,24,2024,True,False,,3,https://www.cian.ru/sale/flat/300741807/,False,379256.96594427247
32251208.0,26.0,ЮАО,90.4,59.0,3,10,2024,True,False,2.97,3,https://www.cian.ru/sale/flat/297055270/,False,356761.15044247784
46551206.0,7.0,ЮАО,93.9,43.8,14,22,2023,True,False,3.15,3,https://www.cian.ru/sale/flat/293204378/,False,495752.9925452609
37355500.0,19.0,СВАО,82.1,61.6,12,32,2023,True,False,3.0,3,https://www.cian.ru/sale/flat/298604030/,False,455000.00000000006
41186555.0,17.0,ЮАО,81.37,40.6,13,18,2023,True,False,3.02,3,https://www.cian.ru/sale/flat/299093535/,False,506163.8810372373
246620603.0,11.0,ЦАО,231.9,,4,7,2022,True,True,3.4,3,https://www.cian.ru/sale/flat/298003465/,False,1063478.2363087537
35100000.0,12.0,ЮЗАО,101.4,52.6,2,46,2024,True,False,3.15,3,https://www.cian.ru/sale/flat/300118783/,False,346153.8461538461
54407937.0,24.0,ЮАО,127.99,59.2,1,12,2023,True,False,3.0,3,https://www.cian.ru/sale/flat/288391324/,False,425095.2183764357
58055217.0,25.0,ЮАО,102.35,51.8,2,9,2023,True,False,3.0,3,https://www.cian.ru/sale/flat/294939311/,False,567222.4425989253
42633654.0,5.0,ЮЗАО,81.2,,24,25,2024,True,False,3.17,3,https://www.cian.ru/sale/flat/300451855/,False,525045.0
49656907.0,4.0,СВАО,123.4,,11,15,2021,True,True,,3,https://www.cian.ru/sale/flat/294702843/,False,402406.0534846029
40000000.0,5.0,СЗАО,67.8,31.8,3,13,2023,True,False,,3,https://www.cian.ru/sale/flat/294555391/,False,589970.5014749262
209038500.0,,ЦАО,135.3,,2,4,2021,True,False,,3,https://www.cian.ru/sale/flat/296119400/,False,1544999.9999999998
41120100.0,13.0,ЮЗАО,85.4,55.9,32,32,2021,True,False,3.1,3,https://www.cian.ru/sale/flat/284846985/,False,481499.99999999994
48060207.0,5.0,ЮАО,110.5,,3,24,2023,True,False,3.15,3,https://www.cian.ru/sale/flat/300783116/,False,434934.0
43900653.0,6.0,ЮАО,75.3,53.2,15,15,2023,True,False,3.15,3,https://www.cian.ru/sale/flat/293204073/,False,583010.0
35744481.0,7.0,САО,80.3,53.4,6,8,2023,True,False,3.25,3,https://www.cian.ru/sale/flat/298334678/,False,445136.74968866754
67149075.0,13.0,ЮЗАО,172.5,69.2,23,32,2021,True,False,3.1,3,https://www.cian.ru/sale/flat/264100194/,False,389270.0
49500000.0,3.0,СВАО,80.0,,50,55,2024,True,False,,3,https://www.cian.ru/sale/flat/292941932/,False,618750.0
32200000.0,19.0,ЗАО,79.7,45.9,17,54,2024,True,False,3.15,3,https://www.cian.ru/sale/flat/299559473/,False,404015.0564617315
43900000.0,11.0,СВАО,102.7,52.1,9,12,2022,True,False,3.25,3,https://www.cian.ru/sale/flat/300750641/,False,427458.61733203504
270000000.0,5.0,СЗАО,195.6,,3,3,2019,True,True,,3,https://www.cian.ru/sale/flat/280125504/,False,1380368.0981595092
103326600.0,3.0,ЦАО,101.9,,61,66,2020,True,True,3.9,3,https://www.cian.ru/sale/flat/298051555/,False,1014000.0
39414200.0,4.0,ВАО,101.9,,1,29,2023,True,False,3.0,3,https://www.cian.ru/sale/flat/298378519/,False,386792.93424926396
16449514.0,12.0,ЮЗАО,81.2,34.5,2,9,2023,True,False,2.68,3,https://www.cian.ru/sale/flat/300726060/,False,202580.22167487684
36363081.0,9.0,СВАО,132.0,,2,27,2022,True,False,,3,https://www.cian.ru/sale/flat/294033888/,False,275477.88636363635
72129200.0,17.0,СЗАО,88.0,53.2,38,43,2023,True,False,3.15,3,https://www.cian.ru/sale/flat/292613324/,False,819650.0
48446580.0,19.0,ЮВАО,84.6,42.4,13,14,2023,True,False,3.0,3,https://www.cian.ru/sale/flat/300165816/,False,572654.609929078
27000000.0,9.0,СЗАО,65.4,46.0,22,32,2024,True,False,3.0,3,https://www.cian.ru/sale/flat/300348115/,False,412844.03669724765
48186080.0,19.0,ЮВАО,90.4,33.2,12,13,2023,True,False,3.0,3,https://www.cian.ru/sale/flat/300127746/,False,533031.8584070796
37950000.0,14.0,ЮАО,83.0,40.0,7,16,2023,True,False,,3,https://www.cian.ru/sale/flat/300045805/,False,457228.9156626506
29208651.0,5.0,СЗАО,82.48,40.7,28,52,2024,True,False,2.85,3,https://www.cian.ru/sale/flat/294936824/,False,354130.1042677012
143849475.0,14.0,ЦАО,126.7,102.7,67,67,2023,True,False,3.05,3,https://www.cian.ru/sale/flat/287868736/,False,1135354.9723756905
43073190.0,18.0,ЗАО,96.1,33.2,18,36,2024,True,False,3.2,3,https://www.cian.ru/sale/flat/299261498/,False,448212.1748178981
239590000.0,5.0,СЗАО,223.2,67.4,2,3,2023,True,True,3.1,3,https://www.cian.ru/sale/flat/300415774/,False,1073431.8996415772
105000000.0,14.0,ЦАО,96.4,76.9,36,67,2023,True,False,3.05,3,https://www.cian.ru/sale/flat/295988623/,False,1089211.6182572613
46125000.0,17.0,СЗАО,102.5,,2,5,2023,True,True,,3,https://www.cian.ru/sale/flat/300956037/,False,450000.0
55413954.0,13.0,ЮЗАО,127.9,75.2,4,32,2021,True,False,3.1,3,https://www.cian.ru/sale/flat/264099928/,False,433260.0
647924211.0,6.0,ЦАО,343.6,,5,5,2019,True,False,3.6,3,https://www.cian.ru/sale/flat/294880595/,False,1885693.279976717
29300000.0,14.0,СЗАО,65.3,,23,44,2024,True,False,2.64,3,https://www.cian.ru/sale/flat/298664484/,False,448698.31546707504
51734400.0,17.0,СЗАО,80.0,42.6,6,43,2023,True,False,3.15,3,https://www.cian.ru/sale/flat/292613234/,False,646680.0
18799000.0,5.0,ЗАО,55.0,30.0,7,21,2023,True,False,,3,https://www.cian.ru/sale/flat/299812955/,False,341800.0
49881989.0,4.0,ЦАО,83.9,53.3,3,22,2022,True,False,3.25,3,https://www.cian.ru/sale/flat/298576221/,False,594540.9892729439
289120000.0,11.0,ЗАО,222.4,,3,6,2019,True,False,,3,https://www.cian.ru/sale/flat/267963958/,False,1300000.0
67186665.0,17.0,СЗАО,81.9,45.9,12,43,2023,True,False,3.15,3,https://www.cian.ru/sale/flat/295828299/,False,820350.0
41000000.0,18.0,СЗАО,82.3,,19,30,2023,True,False,,3,https://www.cian.ru/sale/flat/295009593/,False,498177.39975698665
25313093.0,8.0,САО,57.5,35.3,12,35,2023,True,False,3.1,3,https://www.cian.ru/sale/flat/298334724/,False,440227.7043478261
29533860.0,11.0,ВАО,84.6,42.4,19,33,2023,True,False,2.6,3,https://www.cian.ru/sale/flat/277929670/,False,349100.0
36565705.0,13.0,САО,73.3,44.8,6,27,2022,True,False,3.0,3,https://www.cian.ru/sale/flat/281670118/,False,498850.0
36955135.0,16.0,СЗАО,66.7,43.5,12,23,2023,True,False,3.15,3,https://www.cian.ru/sale/flat/289786015/,False,554050.0
30179923.0,9.0,ЗАО,81.6,38.4,9,21,2023,True,False,2.74,3,https://www.cian.ru/sale/flat/279592142/,False,369851.99754901964
53428603.0,25.0,ЮАО,101.7,52.5,13,14,2023,True,False,3.15,3,https://www.cian.ru/sale/flat/293204247/,False,525354.9950835791
38593441.0,10.0,САО,86.0,,43,43,2023,True,False,4.2,3,https://www.cian.ru/sale/flat/270240488/,False,448760.9418604651
136120000.0,8.0,ЗАО,177.9,80.9,14,14,2023,True,False,3.0,3,https://www.cian.ru/sale/flat/298893339/,False,765148.9600899381
137357394.0,1.0,ЦАО,159.7,110.3,56,85,2015,True,True,,3,https://www.cian.ru/sale/flat/291360089/,False,860096.39323732
25490000.0,12.0,СВАО,89.3,50.0,17,25,2024,True,False,2.66,3,https://www.cian.ru/sale/flat/298576678/,False,285442.32922732364
68650000.0,12.0,ЗАО,137.3,84.5,21,21,2020,True,True,3.3,3,https://www.cian.ru/sale/flat/271161277/,False,499999.99999999994
22300000.0,5.0,СВАО,88.0,47.5,21,21,2021,True,True,,3,https://www.cian.ru/sale/flat/290587665/,False,253409.0909090909
35355960.0,10.0,ЗАО,62.2,29.1,5,28,2022,True,False,3.12,3,https://www.cian.ru/sale/flat/298334015/,False,568423.7942122186
18388406.0,10.0,ЗАО,63.7,,13,25,2021,True,False,2.63,3,https://www.cian.ru/sale/flat/300605454/,False,288671.9937205651
155448971.0,1.0,ЦАО,175.4,124.9,62,85,2015,True,True,,3,https://www.cian.ru/sale/flat/291412606/,False,886254.1106043329
26777340.0,19.0,ЮВАО,78.4,37.5,20,30,2024,True,False,2.87,3,https://www.cian.ru/sale/flat/300575558/,False,341547.7040816326
72060705.0,17.0,СЗАО,86.7,53.1,39,43,2023,True,False,3.15,3,https://www.cian.ru/sale/flat/298987908/,False,831150.0
21960000.0,12.0,ЗАО,72.0,45.2,7,21,2020,True,True,3.3,3,https://www.cian.ru/sale/flat/291690077/,False,305000.0
45849000.0,19.0,СВАО,98.6,74.0,10,32,2023,True,False,3.0,3,https://www.cian.ru/sale/flat/298603990/,False,465000.0
31470250.0,24.0,ЗАО,87.5,43.2,5,21,2023,True,False,2.74,3,https://www.cian.ru/sale/flat/297097522/,False,359660.0
29092985.0,9.0,ЗАО,81.2,38.3,3,21,2023,True,False,2.74,3,https://www.cian.ru/sale/flat/279592143/,False,358287.99261083745
19000000.0,,ЮАО,110.0,52.8,2,18,2023,True,False,2.8,3,https://www.cian.ru/sale/flat/297118874/,False,172727.27272727274
28498400.0,25.0,ЗАО,72.7,34.7,32,33,2023,True,False,2.62,3,https://www.cian.ru/sale/flat/300679627/,False,392000.0
40216907.0,5.0,Неизвестно,97.0,,2,24,2023,True,False,3.15,3,https://www.cian.ru/sale/flat/300712741/,False,414607.2886597938
68292209.0,4.0,СВАО,128.8,,15,15,2021,True,True,,3,https://www.cian.ru/sale/flat/292035521/,False,530219.0139751552
44715100.0,12.0,СВАО,90.7,68.0,3,37,2024,True,False,3.0,3,https://www.cian.ru/sale/flat/298603447/,False,493000.0
43800000.0,8.0,ЮАО,97.53,46.0,14,22,2023,True,False,,3,https://www.cian.ru/sale/flat/299112394/,False,449092.5868963396
35863000.0,9.0,СВАО,110.2,,5,27,2022,True,False,,3,https://www.cian.ru/sale/flat/294033884/,False,325435.5716878403
42812228.0,4.0,ЮАО,97.95,66.8,27,27,2023,True,False,2.87,3,https://www.cian.ru/sale/flat/292263385/,False,437082.47064828995
18359136.0,5.0,СЗАО,72.0,44.0,18,22,2022,True,True,2.87,3,https://www.cian.ru/sale/flat/300985242/,False,254988.0
297489993.0,12.0,ЦАО,216.2,58.4,16,17,2022,True,False,4.5,3,https://www.cian.ru/sale/flat/300468144/,False,1375994.4172062906
41553600.0,10.0,СВАО,78.7,59.0,12,34,2022,True,False,3.05,3,https://www.cian.ru/sale/flat/298604126/,False,528000.0
38051387.0,6.0,ЗАО,64.3,27.8,15,28,2022,True,False,3.12,3,https://www.cian.ru/sale/flat/298334277/,False,591778.9580093313
66540000.0,28.0,ЗАО,102.2,42.5,5,12,2021,True,False,3.58,3,https://www.cian.ru/sale/flat/296277982/,False,651076.3209393346
84300000.0,15.0,ЗАО,100.0,37.8,14,14,2023,True,False,3.0,3,https://www.cian.ru/sale/flat/296277569/,False,843000.0
52260000.0,27.0,ЗАО,91.2,46.1,8,13,2023,True,False,3.13,3,https://www.cian.ru/sale/flat/296278119/,False,573026.3157894737
37336181.0,5.0,ЮЗАО,74.7,,25,25,2024,True,False,3.17,3,https://www.cian.ru/sale/flat/296720216/,False,499815.00669344043
36206400.0,16.0,СЗАО,79.4,27.5,3,6,2023,True,True,3.24,3,https://www.cian.ru/sale/flat/299370749/,False,455999.99999999994
38013800.0,19.0,СВАО,81.4,61.1,18,32,2023,True,False,3.0,3,https://www.cian.ru/sale/flat/298604046/,False,466999.99999999994
34608756.0,9.0,САО,81.4,50.7,25,29,2022,True,False,3.4,3,https://www.cian.ru/sale/flat/297462084/,False,425168.9926289926
47253007.0,24.0,ЮАО,96.5,40.4,26,28,2024,True,False,3.1,3,https://www.cian.ru/sale/flat/299226478/,False,489668.4663212435
153150000.0,5.0,СЗАО,119.6,41.2,1,3,2023,True,True,3.1,3,https://www.cian.ru/sale/flat/300415757/,False,1280518.3946488295
47412705.0,,СЗАО,83.1,50.3,20,29,2023,True,False,3.15,3,https://www.cian.ru/sale/flat/295745237/,False,570550.0
87200000.0,11.0,ЗАО,141.1,,2,12,2023,True,False,,3,https://www.cian.ru/sale/flat/298921564/,False,618001.4174344437
56175200.0,12.0,СЗАО,98.9,46.9,21,21,2023,True,False,3.1,3,https://www.cian.ru/sale/flat/300312693/,False,568000.0
45983645.0,17.0,СЗАО,71.9,41.2,33,43,2023,True,False,3.15,3,https://www.cian.ru/sale/flat/294685038/,False,639550.0
38526976.0,4.0,ЮАО,93.6,49.8,2,19,2024,True,False,,3,https://www.cian.ru/sale/flat/291650434/,False,411612.9914529915
51132480.0,13.0,ЮЗАО,108.7,55.4,27,32,2021,True,False,3.1,3,https://www.cian.ru/sale/flat/264144805/,False,470400.0
68480000.0,28.0,ЗАО,102.2,42.3,9,13,2023,True,False,3.58,3,https://www.cian.ru/sale/flat/296277916/,False,670058.7084148728
482560800.0,14.0,ЦАО,300.1,,1,8,2023,True,False,3.2,3,https://www.cian.ru/sale/flat/294641868/,False,1607999.9999999998
42235890.0,24.0,ЮАО,86.0,47.0,6,16,2023,True,False,3.15,3,https://www.cian.ru/sale/flat/293204030/,False,491115.0
35693772.0,5.0,СЗАО,90.8,39.8,8,20,2023,True,False,2.85,3,https://www.cian.ru/sale/flat/295023246/,False,393103.21585903084
27623332.0,7.0,САО,66.1,40.9,2,8,2023,True,False,3.25,3,https://www.cian.ru/sale/flat/298334663/,False,417902.14826021186
55485000.0,19.0,СВАО,135.0,101.3,2,32,2023,True,False,3.0,3,https://www.cian.ru/sale/flat/275156015/,False,411000.0
17088250.0,16.0,САО,77.7,42.3,13,14,2023,True,False,2.84,3,https://www.cian.ru/sale/flat/297032832/,False,219925.99742599743
162210000.0,5.0,СЗАО,123.4,41.3,1,3,2023,True,True,3.1,3,https://www.cian.ru/sale/flat/300415794/,False,1314505.6726094002
40424357.0,5.0,ЗАО,79.23,,2,57,2024,True,False,2.9,3,https://www.cian.ru/sale/flat/290790426/,False,510215.2846144137
34430052.0,5.0,ЮАО,88.63,49.7,4,27,2023,True,False,2.87,3,https://www.cian.ru/sale/flat/284858630/,False,388469.5024258152
77000000.0,17.0,ЗАО,84.5,45.0,15,34,2022,False,True,3.6,3,https://www.cian.ru/sale/flat/293542645/,False,911242.6035502958
53539200.0,5.0,ЦАО,97.5,56.1,12,13,2022,True,True,3.4,3,https://www.cian.ru/sale/flat/286886795/,False,549120.0
19600000.0,9.0,ЮАО,103.5,53.4,10,20,2022,True,False,,3,https://www.cian.ru/sale/flat/291048126/,False,189371.9806763285
136878088.0,1.0,ЦАО,161.6,112.2,53,85,2015,True,True,,3,https://www.cian.ru/sale/flat/291360093/,False,847017.8712871288
40900000.0,5.0,ЗАО,119.8,60.5,14,32,2024,True,False,,3,https://www.cian.ru/sale/flat/287440558/,False,341402.33722871455
69417260.0,17.0,СЗАО,83.6,47.2,16,43,2023,True,False,3.15,3,https://www.cian.ru/sale/flat/292613265/,False,830350.0
26558675.0,10.0,ЮЗАО,104.5,44.2,6,14,2023,True,True,2.8,3,https://www.cian.ru/sale/flat/300624481/,False,254150.0
42301000.0,9.0,СВАО,125.7,,15,27,2022,True,False,,3,https://www.cian.ru/sale/flat/298655856/,False,336523.4685759745
25000000.0,14.0,ЮЗАО,71.9,44.0,5,13,2023,True,False,,3,https://www.cian.ru/sale/flat/300328456/,False,347705.1460361613
24000000.0,4.0,ВАО,63.7,42.8,17,29,2023,True,False,,3,https://www.cian.ru/sale/flat/296523403/,False,376766.0910518053
24500000.0,9.0,ЮВАО,77.2,38.0,15,26,2023,True,False,,3,https://www.cian.ru/sale/flat/294966947/,False,317357.51295336784
48680580.0,5.0,ЮЗАО,89.8,,31,34,2023,True,False,3.0,3,https://www.cian.ru/sale/flat/300783442/,False,542100.0
47809400.0,7.0,СЗАО,91.6,49.2,2,15,2023,True,False,3.23,3,https://www.cian.ru/sale/flat/299578036/,False,521936.68122270744
36121000.0,,СЗАО,88.1,,39,47,2023,True,False,3.05,3,https://www.cian.ru/sale/flat/297864057/,False,410000.0
46939600.0,12.0,СВАО,95.6,71.7,33,37,2024,True,False,3.0,3,https://www.cian.ru/sale/flat/272494182/,False,491000.00000000006
28141244.0,10.0,ЗАО,68.27,42.9,25,30,2023,True,False,3.3,3,https://www.cian.ru/sale/flat/297984309/,False,412205.1267027977
130000000.0,17.0,ЗАО,127.9,,26,34,2024,True,True,,3,https://www.cian.ru/sale/flat/299928194/,False,1016419.077404222
40903500.0,12.0,СВАО,100.5,75.4,4,37,2024,True,False,3.0,3,https://www.cian.ru/sale/flat/298603484/,False,407000.0
120930000.0,,ЗАО,166.8,77.7,14,14,2023,True,False,3.0,3,https://www.cian.ru/sale/flat/299262037/,False,725000.0
29000000.0,13.0,ЮВАО,75.0,,21,27,2017,True,False,,3,https://www.cian.ru/sale/flat/298664553/,False,386666.6666666667
27004194.0,30.0,ЗАО,76.5,34.5,30,34,2023,True,False,2.62,3,https://www.cian.ru/sale/flat/300679291/,False,352996.0
140884081.0,8.0,ЦАО,169.5,,5,7,2016,True,True,3.25,3,https://www.cian.ru/sale/flat/296394255/,False,831174.5191740413
48170405.0,7.0,ЮАО,93.1,44.8,29,40,2023,True,False,3.15,3,https://www.cian.ru/sale/flat/293203870/,False,517404.99462943076
31243224.0,11.0,СЗАО,73.8,35.6,18,19,2023,True,False,2.85,3,https://www.cian.ru/sale/flat/285041180/,False,423349.918699187
15377189.0,6.0,СЗАО,46.93,,16,18,2022,True,True,4.5,3,https://www.cian.ru/sale/flat/295137054/,False,327662.24163647986
74600000.0,27.0,ЗАО,98.7,38.9,13,13,2023,True,False,3.13,3,https://www.cian.ru/sale/flat/296278089/,False,755825.7345491388
28779047.0,5.0,СЗАО,83.45,40.1,13,52,2024,True,False,2.85,3,https://www.cian.ru/sale/flat/294936799/,False,344865.7519472738
43199570.0,16.0,СЗАО,73.4,48.0,14,24,2023,True,False,3.15,3,https://www.cian.ru/sale/flat/293710891/,False,588550.0
44568912.0,4.0,ЮАО,104.99,67.4,25,26,2023,True,False,2.87,3,https://www.cian.ru/sale/flat/284858743/,False,424506.25773883227
55172107.0,5.0,ЗАО,87.76,,16,57,2024,True,False,2.9,3,https://www.cian.ru/sale/flat/282209293/,False,628670.3167730173
17392177.0,21.0,СЗАО,77.6,45.8,6,25,2022,True,False,2.72,3,https://www.cian.ru/sale/flat/300917707/,False,224125.99226804124
59150000.0,15.0,ЗАО,95.7,37.9,9,14,2023,True,False,3.0,3,https://www.cian.ru/sale/flat/296277540/,False,618077.3249738767
35000000.0,15.0,ЦАО,69.7,,11,15,2022,True,False,,3,https://www.cian.ru/sale/flat/295660430/,False,502152.08034433285
23389904.0,5.0,СВАО,90.9,,1,33,2023,True,False,2.63,3,https://www.cian.ru/sale/flat/299449846/,False,257314.67546754674
57165000.0,17.0,СЗАО,111.0,,5,5,2023,True,True,,3,https://www.cian.ru/sale/flat/300956045/,False,515000.0
50000000.0,13.0,ЗАО,98.0,68.0,7,41,2024,True,False,,3,https://www.cian.ru/sale/flat/293779870/,False,510204.0816326531
30917340.0,2.0,САО,67.6,34.6,10,21,2023,True,True,3.15,3,https://www.cian.ru/sale/flat/300229498/,False,457357.100591716
34112000.0,,СЗАО,83.2,,36,47,2023,True,False,3.05,3,https://www.cian.ru/sale/flat/296745560/,False,410000.0
49222656.0,27.0,ЮАО,106.6,74.9,5,15,2023,True,False,3.15,3,https://www.cian.ru/sale/flat/293637037/,False,461750.99437148223
59680000.0,8.0,ЗАО,96.1,56.6,9,14,2023,True,False,3.0,3,https://www.cian.ru/sale/flat/296277862/,False,621019.7710718003
78708290.0,6.0,СЗАО,122.9,64.9,2,8,2023,True,False,3.25,3,https://www.cian.ru/sale/flat/299261531/,False,640425.4678600488
71860200.0,19.0,СВАО,156.9,117.7,10,32,2023,True,False,3.0,3,https://www.cian.ru/sale/flat/289911841/,False,458000.0
172273127.0,1.0,ЦАО,187.9,120.2,70,85,2015,True,True,,3,https://www.cian.ru/sale/flat/291360034/,False,916834.0979244278
51420600.0,13.0,ЮЗАО,117.6,58.9,27,32,2021,True,False,3.1,3,https://www.cian.ru/sale/flat/264100213/,False,437250.0
53335324.0,7.0,ЮАО,98.0,44.8,14,22,2023,True,False,3.15,3,https://www.cian.ru/sale/flat/293204412/,False,544238.0
31116980.0,19.0,ЮВАО,91.4,41.1,13,30,2024,True,False,2.87,3,https://www.cian.ru/sale/flat/300575553/,False,340448.3588621444
47034078.0,24.0,ЮАО,97.2,42.7,22,28,2024,True,False,3.0,3,https://www.cian.ru/sale/flat/299226413/,False,483889.69135802466
289750000.0,6.0,ЦАО,190.4,,4,5,2019,True,False,3.6,3,https://www.cian.ru/sale/flat/291467891/,False,1521796.218487395
46426500.0,4.0,ЗАО,162.9,55.0,10,15,2022,True,True,3.0,3,https://www.cian.ru/sale/flat/291982902/,False,285000.0
40081000.0,10.0,СВАО,74.5,55.9,12,34,2022,True,False,3.05,3,https://www.cian.ru/sale/flat/298604118/,False,538000.0
174494300.0,5.0,ЦАО,183.1,,5,5,2017,True,True,3.2,3,https://www.cian.ru/sale/flat/293584644/,False,953000.0
119300000.0,27.0,ЗАО,168.5,65.8,14,14,2023,True,False,3.0,3,https://www.cian.ru/sale/flat/299262087/,False,708011.8694362018
97375000.0,17.0,ЗАО,102.5,70.0,12,34,,False,True,3.4,3,https://www.cian.ru/sale/flat/300479087/,False,950000.0
49064750.0,8.0,ЮЗАО,87.5,,20,25,2024,True,False,3.17,3,https://www.cian.ru/sale/flat/300451831/,False,560740.0
16750000.0,8.0,СЗАО,60.7,,3,24,2024,True,False,,3,https://www.cian.ru/sale/flat/299331283/,False,275947.28171334433
70050000.0,13.0,САО,102.4,50.1,4,12,2023,True,False,3.02,3,https://www.cian.ru/sale/flat/299174089/,False,684082.03125
99460000.0,8.0,ЗАО,129.5,38.7,9,14,2023,True,False,3.0,3,https://www.cian.ru/sale/flat/296278219/,False,768030.888030888
118260000.0,5.0,СЗАО,107.3,32.8,2,3,2023,True,True,3.1,3,https://www.cian.ru/sale/flat/300415769/,False,1102143.522833178
44472124.0,10.0,ЗАО,118.73,71.8,29,29,2023,True,False,3.3,3,https://www.cian.ru/sale/flat/297984122/,False,374565.18150425336
20493503.0,5.0,ЗАО,75.7,,10,25,2021,True,False,2.63,3,https://www.cian.ru/sale/flat/300605475/,False,270719.98678996036
50266949.0,11.0,СВАО,104.6,,21,22,2024,True,False,3.0,3,https://www.cian.ru/sale/flat/300611005/,False,480563.5659655832
137437842.0,1.0,ЦАО,157.4,108.0,59,85,2015,True,True,,3,https://www.cian.ru/sale/flat/291360073/,False,873175.6162642947
50157494.0,22.0,ЮАО,95.33,46.1,14,26,2023,True,False,3.0,3,https://www.cian.ru/sale/flat/288867475/,False,526145.956152313
64641379.0,25.0,ЮАО,98.48,53.3,12,16,2023,True,False,3.0,3,https://www.cian.ru/sale/flat/296227934/,False,656390.9321689683
27082583.0,2.0,ВАО,83.34,62.2,1,20,2024,True,False,,3,https://www.cian.ru/sale/flat/297151027/,False,324964.998800096
17585789.0,6.0,САО,83.7,46.1,5,15,2023,True,False,2.84,3,https://www.cian.ru/sale/flat/299656071/,False,210105.00597371566
50142000.0,,ЦАО,107.37,46.9,17,18,2023,True,False,3.1,3,https://www.cian.ru/sale/flat/293376073/,False,467001.9558535904
22301836.0,10.0,ЗАО,77.8,,25,25,2022,True,False,2.7,3,https://www.cian.ru/sale/flat/300614603/,False,286655.9897172237
62560000.0,,ЗАО,97.9,38.4,11,14,2023,True,False,3.0,3,https://www.cian.ru/sale/flat/299262045/,False,639019.4075587334
72640000.0,8.0,ЗАО,102.3,46.0,12,13,2023,True,False,3.0,3,https://www.cian.ru/sale/flat/296278140/,False,710068.4261974585
50359257.0,27.0,ЮАО,109.9,80.0,5,15,2023,True,False,3.15,3,https://www.cian.ru/sale/flat/293736507/,False,458227.99818016373
26146930.0,2.0,ВАО,70.46,46.0,2,20,2024,True,False,,3,https://www.cian.ru/sale/flat/299141828/,False,371088.98665909737
33657084.0,2.0,ВАО,83.98,41.8,16,20,2024,True,False,,3,https://www.cian.ru/sale/flat/300122386/,False,400774.99404620146
30637927.0,9.0,ЗАО,77.5,50.9,24,30,2023,True,False,3.3,3,https://www.cian.ru/sale/flat/297984204/,False,395328.09032258065
146554436.0,1.0,ЦАО,187.5,139.1,37,85,2015,True,True,,3,https://www.cian.ru/sale/flat/288136849/,False,781623.6586666667
17853649.0,21.0,СЗАО,78.9,42.0,15,25,2022,True,False,2.72,3,https://www.cian.ru/sale/flat/300917766/,False,226281.989860583
48217808.0,6.0,ЮАО,86.1,47.5,15,15,2023,True,False,3.15,3,https://www.cian.ru/sale/flat/293204095/,False,560020.9988385598
40338000.0,6.0,ЗАО,97.2,40.5,2,41,2021,True,False,3.5,3,https://www.cian.ru/sale/flat/287405283/,False,415000.0
32248627.0,2.0,ВАО,85.88,66.0,7,20,2024,True,False,,3,https://www.cian.ru/sale/flat/297151003/,False,375507.9995342338
63390000.0,27.0,ЗАО,95.6,36.7,10,14,2023,True,False,3.0,3,https://www.cian.ru/sale/flat/300358979/,False,663075.3138075314
58048837.0,12.0,ЦАО,127.45,,10,23,2022,True,False,3.2,3,https://www.cian.ru/sale/flat/300285627/,False,455463.60925853276
32463200.0,2.0,САО,81.1,50.6,3,21,2023,True,True,3.15,3,https://www.cian.ru/sale/flat/298000766/,False,400286.06658446364
38304730.0,9.0,ЗАО,93.8,46.0,6,9,2023,True,False,2.74,3,https://www.cian.ru/sale/flat/288241593/,False,408365.9914712154
103412500.0,12.0,ЗАО,138.1,73.5,7,12,2023,True,False,3.65,3,https://www.cian.ru/sale/flat/298496128/,False,748823.3164373642
66040000.0,8.0,ЗАО,98.7,42.1,13,14,2023,True,False,3.0,3,https://www.cian.ru/sale/flat/296277893/,False,669098.2776089159
202782230.0,11.0,ЦАО,164.9,,3,7,2022,True,True,3.4,3,https://www.cian.ru/sale/flat/298003478/,False,1229728.5021224984
63500000.0,5.0,СЗАО,99.9,35.5,9,15,2023,True,False,3.25,3,https://www.cian.ru/sale/flat/295873966/,False,635635.6356356356
42690247.0,4.0,СВАО,103.1,,15,15,2021,True,True,,3,https://www.cian.ru/sale/flat/292035505/,False,414066.4112512124
28807461.0,9.0,ЗАО,79.02,54.6,24,30,2023,True,False,3.3,3,https://www.cian.ru/sale/flat/297984160/,False,364559.11161731207
34569705.0,8.0,СЗАО,88.7,46.1,2,19,2023,True,False,2.85,3,https://www.cian.ru/sale/flat/285041395/,False,389737.373167982
29354320.0,11.0,ВАО,84.4,42.3,14,33,2023,True,False,2.6,3,https://www.cian.ru/sale/flat/293849324/,False,347800.0
37697265.0,25.0,Неизвестно,81.3,50.3,9,16,2022,True,False,3.15,3,https://www.cian.ru/sale/flat/299971500/,False,463680.9963099631
47710052.0,5.0,ЮАО,109.07,66.8,26,27,2023,True,False,2.87,3,https://www.cian.ru/sale/flat/292263382/,False,437425.98331346846
53552811.0,24.0,ЮАО,99.73,50.7,12,12,2023,True,False,3.0,3,https://www.cian.ru/sale/flat/288867477/,False,536977.9504662589
131560000.0,3.0,ЦАО,119.6,,42,66,2020,True,True,3.9,3,https://www.cian.ru/sale/flat/298051551/,False,1100000.0
22500000.0,19.0,ЮАО,61.0,39.0,9,10,2024,True,False,,3,https://www.cian.ru/sale/flat/298167191/,False,368852.45901639346
57568448.0,27.0,ЮАО,112.0,77.0,13,15,2023,True,False,3.15,3,https://www.cian.ru/sale/flat/293204360/,False,514004.0
61050000.0,12.0,ЗАО,122.1,81.8,21,21,2020,True,True,3.3,3,https://www.cian.ru/sale/flat/271161278/,False,500000.0
172557849.0,12.0,ЦАО,148.8,59.8,12,17,2022,True,False,4.5,3,https://www.cian.ru/sale/flat/280543689/,False,1159662.9637096773
77652688.0,22.0,ЮАО,117.87,54.6,27,29,2023,True,False,3.0,3,https://www.cian.ru/sale/flat/289549085/,False,658799.4230932383
22500000.0,17.0,ЮАО,66.0,43.0,6,7,2024,True,False,,3,https://www.cian.ru/sale/flat/299916641/,False,340909.0909090909
48168000.0,19.0,СВАО,111.5,83.6,11,32,2023,True,False,3.0,3,https://www.cian.ru/sale/flat/275156027/,False,432000.0
77805000.0,12.0,СВАО,119.7,89.8,35,37,2024,True,False,4.1,3,https://www.cian.ru/sale/flat/300463319/,False,650000.0
25482420.0,10.0,ЮВАО,79.3,43.9,27,33,2023,True,False,2.67,3,https://www.cian.ru/sale/flat/289402671/,False,321341.9924337957
46510000.0,,ЦАО,111.95,47.1,4,35,2023,True,False,3.1,3,https://www.cian.ru/sale/flat/293376079/,False,415453.32737829385
60709446.0,9.0,ЗАО,110.6,67.8,9,15,2022,True,False,3.12,3,https://www.cian.ru/sale/flat/298334381/,False,548910.0
114990000.0,14.0,Неизвестно,118.7,95.0,3,8,2023,True,False,,3,https://www.cian.ru/sale/flat/284596246/,False,968744.7346251053
77587734.0,19.0,ЮАО,103.9,,6,6,2023,True,False,3.15,3,https://www.cian.ru/sale/flat/300848127/,False,746753.9364773821
44702800.0,11.0,СЗАО,98.9,53.4,8,21,2023,True,False,3.1,3,https://www.cian.ru/sale/flat/299168023/,False,452000.0
58010000.0,15.0,ЗАО,95.4,37.9,8,14,2023,True,False,3.0,3,https://www.cian.ru/sale/flat/296277504/,False,608071.2788259957
55000000.0,13.0,САО,71.0,24.0,20,37,2021,False,False,3.1,3,https://www.cian.ru/sale/flat/300512818/,False,774647.8873239437
136120000.0,6.0,СЗАО,128.3,41.2,3,3,2023,True,True,3.1,3,https://www.cian.ru/sale/flat/300415749/,False,1060950.8963367108
37902598.0,5.0,СЗАО,76.09,40.8,51,52,2024,True,False,2.85,3,https://www.cian.ru/sale/flat/299067084/,False,498128.50571691414
27500000.0,11.0,СВАО,85.4,48.0,31,32,2023,True,False,,3,https://www.cian.ru/sale/flat/297677038/,False,322014.05152224825
37044000.0,9.0,СВАО,91.9,,21,27,2022,True,False,,3,https://www.cian.ru/sale/flat/296010089/,False,403090.3155603917
172617316.0,1.0,ЦАО,191.0,123.3,67,85,2015,True,True,,3,https://www.cian.ru/sale/flat/291360046/,False,903755.5811518325
201595003.0,12.0,ЦАО,157.3,59.6,15,17,2022,True,False,4.5,3,https://www.cian.ru/sale/flat/280543713/,False,1281595.6961220596
38400000.0,16.0,ЗАО,74.4,40.0,3,41,2024,True,False,,3,https://www.cian.ru/sale/flat/300097422/,False,516129.0322580645
129810000.0,27.0,ЗАО,192.3,72.0,13,13,2023,True,False,3.13,3,https://www.cian.ru/sale/flat/296278076/,False,675039.0015600624
39890881.0,10.0,ЗАО,110.34,66.6,21,29,2023,True,False,3.3,3,https://www.cian.ru/sale/flat/297984090/,False,361526.9258655066
904784400.0,8.0,ЦАО,198.8,75.6,3,5,2023,True,False,3.0,3,https://www.cian.ru/sale/flat/299563199/,False,4551229.376257545
64460000.0,8.0,ЗАО,98.7,42.1,10,14,2023,True,False,3.0,3,https://www.cian.ru/sale/flat/296278232/,False,653090.1722391084
310000000.0,,ЦАО,136.6,,3,4,2021,True,False,,3,https://www.cian.ru/sale/flat/296119405/,False,2269399.7071742313
55721773.0,27.0,ЮАО,112.2,77.0,5,15,2023,True,False,3.15,3,https://www.cian.ru/sale/flat/293736511/,False,496628.9928698752
34068750.0,5.0,ЮЗАО,62.5,,5,42,2023,True,False,3.0,3,https://www.cian.ru/sale/flat/300800479/,False,545100.0
45384090.0,24.0,ЮАО,97.7,37.3,19,28,2024,True,False,3.0,3,https://www.cian.ru/sale/flat/299226420/,False,464524.97441146366
69260000.0,8.0,ЗАО,102.3,46.0,9,13,2023,True,False,3.0,3,https://www.cian.ru/sale/flat/296278142/,False,677028.34799609
430000201.0,12.0,ЗАО,217.1,,3,4,2019,True,False,,3,https://www.cian.ru/sale/flat/292542045/,False,1980655.0023030862
146084211.0,10.0,ЦАО,154.2,,4,8,2019,True,False,3.3,3,https://www.cian.ru/sale/flat/274789015/,False,947368.4241245136
32899942.0,7.0,ЗАО,91.7,39.1,7,21,2023,True,False,2.74,3,https://www.cian.ru/sale/flat/300346087/,False,358777.99345692474
48984168.0,17.0,СЗАО,76.6,42.6,2,43,2023,True,False,3.15,3,https://www.cian.ru/sale/flat/292613228/,False,639480.0
146300000.0,6.0,ЦАО,133.6,,4,5,2019,True,False,3.6,3,https://www.cian.ru/sale/flat/291467888/,False,1095059.880239521
31895498.0,4.0,СЗАО,80.59,39.1,2,52,2024,True,False,2.85,3,https://www.cian.ru/sale/flat/299067053/,False,395774.8852214915
159530000.0,5.0,СЗАО,120.8,40.9,1,3,2023,True,True,3.1,3,https://www.cian.ru/sale/flat/300415801/,False,1320612.5827814569
51140277.0,7.0,ЮАО,85.2,44.7,28,40,2023,True,False,3.15,3,https://www.cian.ru/sale/flat/297678055/,False,600237.9929577465
29500415.0,5.0,ЮАО,67.61,43.5,25,27,2023,True,False,2.87,3,https://www.cian.ru/sale/flat/284858639/,False,436332.125425233
128250760.0,14.0,ЦАО,116.0,93.6,66,67,2023,True,False,3.05,3,https://www.cian.ru/sale/flat/284503826/,False,1105610.0
48014477.0,19.0,ЮАО,105.0,63.0,6,11,2024,True,False,2.97,3,https://www.cian.ru/sale/flat/288141395/,False,457280.73333333334
194856000.0,4.0,ЗАО,162.38,,12,18,2024,True,False,,3,https://www.cian.ru/sale/flat/275277433/,False,1200000.0
41007509.0,9.0,ЗАО,79.0,36.3,3,15,2022,True,False,3.12,3,https://www.cian.ru/sale/flat/298334356/,False,519082.39240506326
206004314.0,2.0,ЦАО,161.09,60.8,5,7,2022,True,False,3.5,3,https://www.cian.ru/sale/flat/298333736/,False,1278815.0350735614
52648461.0,22.0,ЮАО,97.43,52.5,14,14,2023,True,False,3.0,3,https://www.cian.ru/sale/flat/284859237/,False,540372.1748947962
23700000.0,9.0,ВАО,72.74,32.8,25,33,2023,True,False,,3,https://www.cian.ru/sale/flat/299383269/,False,325817.98185317573
37729120.0,5.0,ЦАО,68.0,46.5,10,13,2022,True,True,3.4,3,https://www.cian.ru/sale/flat/286886778/,False,554840.0
54840000.0,,ЗАО,92.0,40.9,9,14,2023,True,False,3.0,3,https://www.cian.ru/sale/flat/299262070/,False,596086.9565217391
25554480.0,10.0,ЮВАО,79.5,43.9,29,33,2023,True,False,2.67,3,https://www.cian.ru/sale/flat/289402667/,False,321440.0
21682800.0,10.0,ЗАО,76.0,,10,25,2021,True,False,2.63,3,https://www.cian.ru/sale/flat/299449821/,False,285300.0
31345564.0,17.0,ЮВАО,90.6,44.4,12,30,2024,True,False,2.87,3,https://www.cian.ru/sale/flat/300575241/,False,345977.527593819
66442792.0,24.0,ЮАО,118.45,60.1,7,12,2023,True,False,3.0,3,https://www.cian.ru/sale/flat/294939317/,False,560935.348248206
34061400.0,10.0,ЗАО,74.67,50.8,28,30,2023,True,False,3.3,3,https://www.cian.ru/sale/flat/299583590/,False,456159.10004017677
42965711.0,6.0,ЗАО,81.7,36.6,5,28,2022,True,False,3.12,3,https://www.cian.ru/sale/flat/298334198/,False,525896.0954712362
32699793.0,4.0,ЮАО,73.87,50.5,24,26,2023,True,False,2.87,3,https://www.cian.ru/sale/flat/284858753/,False,442666.75240286987
51980000.0,28.0,ЗАО,92.0,40.9,10,14,2023,True,False,3.0,3,https://www.cian.ru/sale/flat/296277975/,False,565000.0
113540000.0,28.0,ЗАО,169.2,78.6,14,14,2023,True,False,3.0,3,https://www.cian.ru/sale/flat/296277932/,False,671040.1891252955
178878353.0,12.0,ЦАО,156.4,59.8,11,17,2022,True,False,4.5,3,https://www.cian.ru/sale/flat/288560131/,False,1143723.4846547314
55420000.0,28.0,ЗАО,91.6,38.8,13,14,2023,True,False,3.0,3,https://www.cian.ru/sale/flat/296277970/,False,605021.8340611354
47080000.0,17.0,СЗАО,85.6,,5,5,2023,True,True,,3,https://www.cian.ru/sale/flat/300956047/,False,550000.0
53639200.0,,ЦАО,117.64,61.4,22,35,2023,True,False,3.1,3,https://www.cian.ru/sale/flat/293376089/,False,455960.557633458
138794810.0,8.0,ЦАО,146.3,,4,7,2016,True,True,3.25,3,https://www.cian.ru/sale/flat/292484942/,False,948699.9999999999
31513160.0,5.0,ЮАО,76.67,52.6,24,26,2023,True,False,2.87,3,https://www.cian.ru/sale/flat/284858721/,False,411023.34681100823
32000000.0,5.0,СЗАО,64.0,38.2,18,43,2023,True,False,,3,https://www.cian.ru/sale/flat/300873457/,False,500000.0
48986250.0,18.0,ЗАО,87.5,25.3,36,36,2024,True,False,3.2,3,https://www.cian.ru/sale/flat/299121972/,False,559842.8571428572
128579724.0,11.0,ЦАО,142.4,,2,7,2022,True,True,3.4,3,https://www.cian.ru/sale/flat/288177351/,False,902947.5
45000000.0,7.0,ЗАО,70.4,54.0,4,26,2021,True,False,3.3,3,https://www.cian.ru/sale/flat/290284647/,False,639204.5454545454
18914069.0,22.0,СЗАО,65.6,20.3,3,25,2022,True,True,3.0,3,https://www.cian.ru/sale/flat/296357844/,False,288324.22256097564
46268100.0,16.0,СЗАО,90.9,,3,6,2023,True,True,3.24,3,https://www.cian.ru/sale/flat/299370736/,False,508999.99999999994
20400000.0,9.0,САО,77.0,45.1,5,12,2001,False,False,2.75,3,https://www.cian.ru/sale/flat/298575010/,False,264935.06493506493
85000000.0,12.0,ЮАО,136.9,100.0,6,16,2017,False,False,3.0,3,https://www.cian.ru/sale/flat/299894947/,False,620891.161431702
39900000.0,5.0,ЦАО,95.0,,5,7,,False,False,,3,https://www.cian.ru/sale/flat/299710715/,False,420000.0
32500000.0,6.0,ЦАО,79.0,,3,4,1917,False,True,3.4,3,https://www.cian.ru/sale/flat/296768539/,False,411392.40506329114
120000000.0,5.0,ЗАО,102.2,,9,12,2021,False,False,3.4,3,https://www.cian.ru/sale/flat/300367025/,False,1174168.2974559686
77500000.0,12.0,ЗАО,97.7,36.0,2,12,2023,False,False,,3,https://www.cian.ru/sale/flat/297731681/,False,793244.6264073695
45900000.0,15.0,САО,120.0,80.0,10,34,,False,False,3.0,3,https://www.cian.ru/sale/flat/292643004/,False,382500.0
334591864.0,5.0,ЦАО,254.0,,11,12,2002,False,False,,3,https://www.cian.ru/sale/flat/284256512/,False,1317290.8031496063
315208870.0,1.0,ЦАО,123.0,95.0,2,5,2015,False,True,3.2,3,https://www.cian.ru/sale/flat/296698115/,False,2562673.7398373983
62580000.0,10.0,СЗАО,104.3,,25,58,2022,False,False,3.1,3,https://www.cian.ru/sale/flat/300552585/,False,600000.0
130000000.0,1.0,ЦАО,223.0,,45,76,2009,False,True,,3,https://www.cian.ru/sale/flat/291161843/,False,582959.6412556054
315208870.0,1.0,ЦАО,124.7,77.0,2,5,2015,False,True,3.2,3,https://www.cian.ru/sale/flat/290518757/,False,2527737.530072173
153000000.0,6.0,ЦАО,94.1,48.1,2,8,1920,False,False,3.7,3,https://www.cian.ru/sale/flat/292805935/,False,1625929.8618490968
48500000.0,5.0,СЗАО,83.5,50.0,23,43,2023,False,False,3.1,3,https://www.cian.ru/sale/flat/300059837/,False,580838.3233532935
178000000.0,6.0,ЦАО,100.0,67.0,70,75,2019,False,True,3.4,3,https://www.cian.ru/sale/flat/298833706/,False,1780000.0
97850000.0,9.0,ЦАО,110.4,,3,4,,False,False,,3,https://www.cian.ru/sale/flat/292653563/,False,886322.4637681158
134680000.0,4.0,ЦАО,138.2,70.0,4,7,2016,False,True,3.5,3,https://www.cian.ru/sale/flat/295068153/,False,974529.6671490594
35000000.0,4.0,ЗАО,89.0,65.0,29,29,,False,True,4.0,3,https://www.cian.ru/sale/flat/290871147/,False,393258.42696629214
135000000.0,6.0,ЦАО,106.3,,8,18,2022,False,False,3.3,3,https://www.cian.ru/sale/flat/297949569/,False,1269990.5926622767
70569150.0,4.0,ЦАО,78.1,50.0,5,6,1952,False,False,3.96,3,https://www.cian.ru/sale/flat/286620185/,False,903574.2637644047
35000000.0,11.0,ЗАО,81.0,59.0,1,15,1943,False,False,3.2,3,https://www.cian.ru/sale/flat/298264674/,False,432098.76543209876
63000000.0,21.0,ЗАО,112.5,49.9,15,18,2020,False,False,3.0,3,https://www.cian.ru/sale/flat/298273658/,False,560000.0
45000000.0,12.0,ЦАО,107.0,,5,22,2021,False,False,,3,https://www.cian.ru/sale/flat/294311449/,False,420560.7476635514
23480000.0,13.0,СВАО,61.8,46.8,2,4,,False,True,,3,https://www.cian.ru/sale/flat/300865007/,False,379935.27508090617
357550360.0,6.0,ЦАО,132.6,,2,8,2010,False,False,,3,https://www.cian.ru/sale/flat/299460124/,False,2696458.2202111613
13999000.0,18.0,ВАО,57.5,38.0,3,9,1970,False,False,2.64,3,https://www.cian.ru/sale/flat/299986474/,False,243460.86956521738
42000000.0,5.0,ЮАО,82.3,,8,16,2018,False,True,3.0,3,https://www.cian.ru/sale/flat/295175915/,False,510328.06804374245
60000000.0,3.0,САО,120.8,,9,16,2004,False,False,3.1,3,https://www.cian.ru/sale/flat/297948203/,False,496688.7417218543
215000000.0,9.0,ЦАО,150.7,,10,13,2020,False,False,3.4,3,https://www.cian.ru/sale/flat/300839676/,False,1426675.5142667552
90000000.0,8.0,ЦАО,122.0,,5,5,1910,False,False,3.4,3,https://www.cian.ru/sale/flat/299060713/,False,737704.9180327869
135000000.0,3.0,ЦАО,135.0,,4,12,,False,False,,3,https://www.cian.ru/sale/flat/296204878/,False,1000000.0
67490000.0,1.0,ЦАО,88.0,55.0,2,5,1912,False,False,,3,https://www.cian.ru/sale/flat/300539718/,False,766931.8181818182
21000000.0,8.0,СВАО,66.5,45.0,4,9,1967,False,False,2.64,3,https://www.cian.ru/sale/flat/298845375/,False,315789.4736842105
37320000.0,16.0,СЗАО,71.0,,13,22,2019,False,False,,3,https://www.cian.ru/sale/flat/300191522/,False,525633.8028169014
33500000.0,6.0,ЗАО,73.5,,11,42,2021,False,False,3.5,3,https://www.cian.ru/sale/flat/297087836/,False,455782.31292517006
37500000.0,5.0,СЗАО,91.0,,10,25,2023,False,False,3.1,3,https://www.cian.ru/sale/flat/299566213/,False,412087.9120879121
22000000.0,4.0,ВАО,63.8,32.4,6,30,2021,False,False,2.8,3,https://www.cian.ru/sale/flat/299297482/,False,344827.5862068966
190000000.0,10.0,ЦАО,169.0,,4,18,2019,False,False,3.15,3,https://www.cian.ru/sale/flat/286007029/,False,1124260.3550295858
29000000.0,13.0,СВАО,78.8,46.0,16,22,2010,False,False,2.7,3,https://www.cian.ru/sale/flat/300731032/,False,368020.3045685279
53000000.0,8.0,ЗАО,86.2,51.2,14,33,2022,False,False,3.0,3,https://www.cian.ru/sale/flat/300096069/,False,614849.1879350347
159990000.0,14.0,ЦАО,99.9,,3,15,,False,False,,3,https://www.cian.ru/sale/flat/300509302/,False,1601501.5015015013
67490000.0,7.0,ЦАО,124.0,70.0,5,6,1910,False,False,3.6,3,https://www.cian.ru/sale/flat/300005946/,False,544274.1935483871
95700000.0,11.0,ЦАО,86.0,,2,9,2020,False,True,3.2,3,https://www.cian.ru/sale/flat/294769641/,False,1112790.6976744186
27400000.0,4.0,СВАО,83.3,50.0,1,4,2015,False,False,3.3,3,https://www.cian.ru/sale/flat/284287955/,False,328931.57262905163
75000000.0,5.0,ЗАО,90.0,52.0,7,18,2013,False,False,3.0,3,https://www.cian.ru/sale/flat/297776871/,False,833333.3333333334
16700000.0,15.0,СВАО,81.0,60.0,7,18,2023,False,True,4.0,3,https://www.cian.ru/sale/flat/297360339/,False,206172.83950617284
21500000.0,13.0,ЗАО,73.1,,16,17,1986,False,False,2.64,3,https://www.cian.ru/sale/flat/300068921/,False,294117.64705882355
14500000.0,3.0,ВАО,59.3,,4,9,1969,False,False,2.64,3,https://www.cian.ru/sale/flat/300542990/,False,244519.39291736932
29800000.0,15.0,СВАО,74.3,44.8,11,17,1993,False,False,,3,https://www.cian.ru/sale/flat/299542967/,False,401076.7160161508
130000000.0,8.0,ЦАО,119.0,,6,15,,False,False,,3,https://www.cian.ru/sale/flat/300509278/,False,1092436.974789916
32000000.0,7.0,ЦАО,68.0,46.0,9,9,1941,False,False,3.0,3,https://www.cian.ru/sale/flat/240713517/,False,470588.23529411765
55000000.0,6.0,ЗАО,100.2,,10,15,,False,False,,3,https://www.cian.ru/sale/flat/300876020/,False,548902.1956087825
17900000.0,3.0,ЮВАО,80.7,,1,9,1999,False,False,2.64,3,https://www.cian.ru/sale/flat/299556772/,False,221809.1697645601
62000000.0,16.0,СЗАО,84.0,63.0,12,19,,False,False,,3,https://www.cian.ru/sale/flat/297119000/,False,738095.2380952381
84000000.0,3.0,ЦАО,120.0,,62,78,2020,False,True,3.9,3,https://www.cian.ru/sale/flat/293045467/,False,700000.0
20900000.0,9.0,САО,56.3,43.6,6,9,1970,False,False,2.5,3,https://www.cian.ru/sale/flat/297719132/,False,371225.57726465364
40280000.0,5.0,СЗАО,76.0,,3,15,2023,False,False,3.0,3,https://www.cian.ru/sale/flat/299561961/,False,530000.0
50000000.0,5.0,ЗАО,70.2,,10,14,2023,False,False,3.13,3,https://www.cian.ru/sale/flat/294265604/,False,712250.7122507122
242899015.0,6.0,ЦАО,172.1,,4,6,2012,False,False,3.3,3,https://www.cian.ru/sale/flat/297904271/,False,1411383.0040674028
72000000.0,7.0,ЦАО,150.1,120.0,2,3,2007,False,False,3.0,3,https://www.cian.ru/sale/flat/300539737/,False,479680.21319120587
26800000.0,9.0,ЮАО,60.59,43.4,37,40,,False,False,,3,https://www.cian.ru/sale/flat/299166294/,False,442317.21406172635
48000000.0,8.0,ВАО,110.0,59.1,13,22,,False,False,,3,https://www.cian.ru/sale/flat/299138596/,False,436363.63636363635
64400000.0,2.0,ЦАО,92.0,,21,78,2020,False,True,,3,https://www.cian.ru/sale/flat/277524492/,False,700000.0
18350000.0,4.0,ВАО,77.0,52.1,3,5,1960,False,False,2.95,3,https://www.cian.ru/sale/flat/298808963/,False,238311.6883116883
200000000.0,13.0,ЦАО,210.9,85.0,3,6,2012,False,False,3.8,3,https://www.cian.ru/sale/flat/234469964/,False,948316.7377904219
95700000.0,11.0,ЦАО,86.0,54.0,2,9,2022,False,True,3.0,3,https://www.cian.ru/sale/flat/290380706/,False,1112790.6976744186
108000000.0,11.0,ЦАО,108.0,76.0,3,12,2015,False,False,3.2,3,https://www.cian.ru/sale/flat/300824467/,False,1000000.0
36800000.0,8.0,ЦАО,57.4,,9,11,2022,False,True,3.15,3,https://www.cian.ru/sale/flat/298324864/,False,641114.9825783973
15900000.0,15.0,САО,55.1,43.0,1,5,1960,False,False,2.6,3,https://www.cian.ru/sale/flat/300651633/,False,288566.24319419236
38000000.0,3.0,САО,92.0,60.0,27,27,,False,False,,3,https://www.cian.ru/sale/flat/299519498/,False,413043.47826086957
39990000.0,11.0,ЮЗАО,80.0,53.0,7,8,1956,False,False,,3,https://www.cian.ru/sale/flat/300539856/,False,499875.0
19000000.0,8.0,ЦАО,47.0,30.0,5,6,,False,False,,3,https://www.cian.ru/sale/flat/300640756/,False,404255.3191489362
37900000.0,2.0,ЮВАО,85.1,49.7,7,23,2021,False,False,3.0,3,https://www.cian.ru/sale/flat/300225395/,False,445358.40188014106
147120000.0,10.0,ЦАО,122.6,,5,6,2023,False,True,3.0,3,https://www.cian.ru/sale/flat/298296899/,False,1200000.0
24300000.0,13.0,СВАО,62.0,47.0,2,4,,False,True,,3,https://www.cian.ru/sale/flat/296403266/,False,391935.48387096776
35378435.0,6.0,САО,103.2,73.0,4,12,,False,False,,3,https://www.cian.ru/sale/flat/300755853/,False,342814.29263565893
26790000.0,15.0,СВАО,82.3,64.7,5,20,2017,False,False,2.7,3,https://www.cian.ru/sale/flat/299454124/,False,325516.4034021871
75000000.0,12.0,САО,114.0,65.0,25,41,,False,False,,3,https://www.cian.ru/sale/flat/295896669/,False,657894.7368421053
29000000.0,14.0,СЗАО,62.7,,2,24,2021,False,True,3.2,3,https://www.cian.ru/sale/flat/300251626/,False,462519.9362041467
268000000.0,11.0,ЦАО,122.0,85.0,3,4,2023,False,False,3.2,3,https://www.cian.ru/sale/flat/294370415/,False,2196721.3114754097
252637557.0,6.0,ЦАО,179.0,,4,6,,False,False,,3,https://www.cian.ru/sale/flat/291599656/,False,1411383.0
33500000.0,5.0,СЗАО,69.1,,25,43,2023,False,False,3.1,3,https://www.cian.ru/sale/flat/300144557/,False,484804.6309696093
26500000.0,10.0,ЗАО,74.0,,4,17,1985,False,False,,3,https://www.cian.ru/sale/flat/300792268/,False,358108.1081081081
24000000.0,12.0,СВАО,69.0,40.0,12,47,2018,False,True,3.0,3,https://www.cian.ru/sale/flat/296479803/,False,347826.0869565217
113000000.0,9.0,ЦАО,99.71,,8,13,,False,False,,3,https://www.cian.ru/sale/flat/294553685/,False,1133286.5309397252
28000000.0,,ЮАО,77.0,43.5,15,24,2022,False,False,2.7,3,https://www.cian.ru/sale/flat/300196050/,False,363636.36363636365
230000000.0,16.0,ЦАО,142.0,95.0,5,9,2014,False,False,,3,https://www.cian.ru/sale/flat/297053129/,False,1619718.309859155
66000000.0,8.0,ЦАО,103.0,,13,13,,False,True,5.5,3,https://www.cian.ru/sale/flat/283279109/,False,640776.6990291262
15900000.0,7.0,ЮВАО,57.6,39.6,7,9,1969,False,False,2.5,3,https://www.cian.ru/sale/flat/299722553/,False,276041.6666666667
38000000.0,5.0,ЗАО,67.0,46.0,9,14,,False,False,3.45,3,https://www.cian.ru/sale/flat/300377324/,False,567164.1791044776
80000000.0,13.0,САО,91.2,62.3,7,41,2022,False,False,3.1,3,https://www.cian.ru/sale/flat/299852072/,False,877192.9824561403
15650000.0,6.0,ЮВАО,64.0,43.9,7,9,,False,False,,3,https://www.cian.ru/sale/flat/299072474/,False,244531.25
57500000.0,9.0,СЗАО,114.1,53.7,45,58,2022,False,False,3.1,3,https://www.cian.ru/sale/flat/300571585/,False,503943.90885188436
100000000.0,29.0,ЗАО,130.0,,22,47,2012,False,False,2.8,3,https://www.cian.ru/sale/flat/296709454/,False,769230.7692307692
68000000.0,18.0,СЗАО,110.0,58.0,8,18,2015,False,False,3.1,3,https://www.cian.ru/sale/flat/297992165/,False,618181.8181818182
50900000.0,10.0,СЗАО,121.0,90.0,2,6,,False,False,,3,https://www.cian.ru/sale/flat/296403911/,False,420661.1570247934
42000000.0,11.0,ЦАО,88.4,,3,19,2018,False,True,,3,https://www.cian.ru/sale/flat/274529656/,False,475113.1221719457
31640000.0,4.0,СЗАО,81.6,,14,47,2021,False,False,3.1,3,https://www.cian.ru/sale/flat/295154475/,False,387745.0980392157
63990000.0,15.0,ЗАО,122.0,76.0,15,22,,False,False,3.1,3,https://www.cian.ru/sale/flat/300563314/,False,524508.1967213114
33500000.0,17.0,СВАО,82.1,47.0,10,11,2018,False,False,2.9,3,https://www.cian.ru/sale/flat/300371959/,False,408038.9768574909
182240000.0,10.0,ЦАО,113.9,56.6,6,12,,False,False,,3,https://www.cian.ru/sale/flat/300509030/,False,1600000.0
188800000.0,4.0,ЗАО,163.0,115.0,47,54,,False,False,,3,https://www.cian.ru/sale/flat/294029718/,False,1158282.208588957
300000000.0,11.0,ЦАО,151.3,,2,7,,False,False,3.25,3,https://www.cian.ru/sale/flat/294907870/,False,1982815.598149372
170000000.0,13.0,ЦАО,150.7,,10,13,,False,False,,3,https://www.cian.ru/sale/flat/300509120/,False,1128069.01128069
140000000.0,5.0,СЗАО,229.0,,1,3,2019,False,True,,3,https://www.cian.ru/sale/flat/291404045/,False,611353.711790393
250000000.0,6.0,ЦАО,124.7,70.0,3,14,2024,False,False,,3,https://www.cian.ru/sale/flat/296943732/,False,2004811.547714515
21500000.0,4.0,САО,77.8,51.2,6,7,1958,False,False,,3,https://www.cian.ru/sale/flat/297470489/,False,276349.6143958869
39350000.0,15.0,ЗАО,112.0,74.7,25,29,,False,False,,3,https://www.cian.ru/sale/flat/300919558/,False,351339.28571428574
400000000.0,2.0,ЦАО,146.8,,2,5,2021,False,True,3.6,3,https://www.cian.ru/sale/flat/292723657/,False,2724795.6403269754
56455320.0,4.0,ВАО,114.5,,2,3,1950,False,True,3.22,3,https://www.cian.ru/sale/flat/298748491/,False,493059.5633187773
63650000.0,5.0,ЗАО,95.3,52.0,13,14,2022,False,False,3.6,3,https://www.cian.ru/sale/flat/300329202/,False,667890.870933893
75500000.0,5.0,ЦАО,88.0,46.0,2,10,,False,False,,3,https://www.cian.ru/sale/flat/299281080/,False,857954.5454545454
29500000.0,10.0,ЮЗАО,75.0,43.3,2,20,2023,False,False,3.0,3,https://www.cian.ru/sale/flat/300818798/,False,393333.3333333333
25900000.0,20.0,СЗАО,62.0,,7,20,2023,False,False,2.8,3,https://www.cian.ru/sale/flat/299945226/,False,417741.93548387097
42000000.0,12.0,ЦАО,88.4,,3,19,2018,False,True,3.0,3,https://www.cian.ru/sale/flat/295729701/,False,475113.1221719457
99700000.0,6.0,ЦАО,108.0,,9,21,2023,False,False,,3,https://www.cian.ru/sale/flat/295314997/,False,923148.1481481482
155000000.0,11.0,ЦАО,152.2,,2,8,,False,False,,3,https://www.cian.ru/sale/flat/300509024/,False,1018396.8462549278
470461000.0,8.0,ЦАО,196.0,,5,8,2014,False,False,,3,https://www.cian.ru/sale/flat/300925961/,False,2400311.224489796
46899000.0,5.0,ЗАО,72.9,,11,12,,False,False,,3,https://www.cian.ru/sale/flat/300650911/,False,643333.3333333333
149000000.0,6.0,ЦАО,111.0,,62,77,2019,False,True,3.2,3,https://www.cian.ru/sale/flat/294650793/,False,1342342.3423423423
18100000.0,9.0,ЮАО,65.0,27.4,18,18,2011,False,False,2.9,3,https://www.cian.ru/sale/flat/300067867/,False,278461.53846153844
70000000.0,16.0,ЮЗАО,143.0,75.0,20,21,,False,False,,3,https://www.cian.ru/sale/flat/300289243/,False,489510.4895104895
99000000.0,8.0,ЦАО,110.4,,3,11,2012,False,False,3.3,3,https://www.cian.ru/sale/flat/291590051/,False,896739.1304347826
43800000.0,4.0,СЗАО,82.0,,23,49,2023,False,False,,3,https://www.cian.ru/sale/flat/299433410/,False,534146.3414634146
310504260.0,6.0,ЦАО,145.0,111.0,2,3,1890,False,True,3.8,3,https://www.cian.ru/sale/flat/255814688/,False,2141408.6896551726
70000000.0,7.0,ЮЗАО,135.4,,23,31,2004,False,False,3.0,3,https://www.cian.ru/sale/flat/295203930/,False,516986.70605612994
36000000.0,5.0,ЗАО,69.0,30.0,3,14,2023,False,False,3.1,3,https://www.cian.ru/sale/flat/299050567/,False,521739.1304347826
37000000.0,7.0,ЗАО,78.0,50.0,26,37,2021,False,False,3.1,3,https://www.cian.ru/sale/flat/300966659/,False,474358.9743589744
160000000.0,8.0,ЦАО,112.6,,3,4,1910,False,False,,3,https://www.cian.ru/sale/flat/291055540/,False,1420959.1474245116
35700000.0,19.0,ЮАО,68.0,51.0,7,18,,False,True,,3,https://www.cian.ru/sale/flat/296282404/,False,525000.0
67980000.0,10.0,САО,115.0,60.0,3,57,2006,False,False,3.15,3,https://www.cian.ru/sale/flat/298116885/,False,591130.4347826086
11490000.0,19.0,ЮАО,58.0,,5,9,1970,False,False,2.64,3,https://www.cian.ru/sale/flat/300684591/,False,198103.44827586206
52900000.0,14.0,СЗАО,80.0,42.0,10,24,,False,False,3.0,3,https://www.cian.ru/sale/flat/294159233/,False,661250.0
56000000.0,6.0,ЦАО,125.7,100.0,5,5,1902,False,False,3.2,3,https://www.cian.ru/sale/flat/290383734/,False,445505.17104216386
12500000.0,20.0,ЮАО,53.0,35.5,9,9,1968,False,False,2.64,3,https://www.cian.ru/sale/flat/299559924/,False,235849.05660377358
135000000.0,11.0,ЦАО,118.71,,3,11,,False,False,,3,https://www.cian.ru/sale/flat/300554553/,False,1137225.1705837757
190000000.0,14.0,ЦАО,170.0,108.5,4,6,,False,False,,3,https://www.cian.ru/sale/flat/300509116/,False,1117647.0588235294
39000000.0,5.0,ЗАО,68.4,,12,14,,False,False,,3,https://www.cian.ru/sale/flat/300831375/,False,570175.4385964912
113500000.0,6.0,ЦАО,100.0,72.0,8,15,,False,False,,3,https://www.cian.ru/sale/flat/291697598/,False,1135000.0
462745440.0,6.0,ЦАО,245.9,,2,8,,False,False,3.3,3,https://www.cian.ru/sale/flat/283353046/,False,1881844.0016266776
75000000.0,10.0,САО,116.2,65.0,18,22,2006,False,False,3.1,3,https://www.cian.ru/sale/flat/300117351/,False,645438.8984509467
34500000.0,4.0,ЮЗАО,94.0,,12,24,,False,True,2.72,3,https://www.cian.ru/sale/flat/296378038/,False,367021.27659574465
28700000.0,1.0,СВАО,67.0,42.6,21,23,2020,False,False,3.1,3,https://www.cian.ru/sale/flat/300819799/,False,428358.2089552239
72000000.0,8.0,САО,108.2,70.0,11,12,2019,False,True,3.2,3,https://www.cian.ru/sale/flat/300281368/,False,665434.3807763401
26500000.0,12.0,ЮЗАО,72.3,45.4,8,9,2008,False,False,2.64,3,https://www.cian.ru/sale/flat/300773101/,False,366528.3540802213
31500000.0,16.0,САО,98.6,63.6,11,22,2007,False,False,2.8,3,https://www.cian.ru/sale/flat/293760884/,False,319472.61663286004
25000000.0,7.0,ЮАО,80.0,50.0,4,5,1957,False,False,3.0,3,https://www.cian.ru/sale/flat/298657571/,False,312500.0
250000000.0,4.0,ЦАО,160.0,,4,6,2008,False,False,3.4,3,https://www.cian.ru/sale/flat/300877955/,False,1562500.0
229500000.0,13.0,ЦАО,153.0,,4,13,,False,False,,3,https://www.cian.ru/sale/flat/300650821/,False,1500000.0
34300000.0,8.0,ЦАО,62.3,47.3,5,11,2022,False,True,3.2,3,https://www.cian.ru/sale/flat/300116271/,False,550561.797752809
350000000.0,14.0,ЦАО,242.97,,11,14,,False,False,,3,https://www.cian.ru/sale/flat/300509043/,False,1440507.0584845867
89900000.0,6.0,СВАО,135.0,91.0,15,23,2010,False,False,3.0,3,https://www.cian.ru/sale/flat/300320849/,False,665925.925925926
13900000.0,5.0,ЗАО,62.3,41.0,2,9,1965,False,False,2.7,3,https://www.cian.ru/sale/flat/300989457/,False,223113.9646869984
30000000.0,8.0,ЮВАО,79.7,42.0,6,11,2019,False,False,,3,https://www.cian.ru/sale/flat/287296776/,False,376411.54328732745
21000000.0,9.0,ЮВАО,73.0,44.1,3,14,1995,False,False,2.64,3,https://www.cian.ru/sale/flat/299762885/,False,287671.23287671234
85000000.0,11.0,ЗАО,88.7,,9,15,1952,False,False,3.2,3,https://www.cian.ru/sale/flat/291413430/,False,958286.3585118377
40900000.0,6.0,ЗАО,84.0,59.0,8,18,2021,False,False,3.1,3,https://www.cian.ru/sale/flat/299294217/,False,486904.7619047619
34450000.0,18.0,ВАО,83.8,,19,19,2012,False,False,3.2,3,https://www.cian.ru/sale/flat/298418671/,False,411097.85202863964
135000000.0,11.0,ЦАО,118.71,70.2,3,11,,False,False,,3,https://www.cian.ru/sale/flat/300509031/,False,1137225.1705837757
12500000.0,14.0,САО,49.0,34.0,9,9,1980,False,False,2.65,3,https://www.cian.ru/sale/flat/300669759/,False,255102.04081632654
28500000.0,14.0,СВАО,78.2,54.5,2,16,2023,False,False,2.65,3,https://www.cian.ru/sale/flat/298805434/,False,364450.12787723786
13900000.0,18.0,ЮЗАО,75.0,44.0,13,18,,False,False,,3,https://www.cian.ru/sale/flat/300923132/,False,185333.33333333334
63800000.0,7.0,ЦАО,91.8,57.0,2,8,1964,False,False,3.0,3,https://www.cian.ru/sale/flat/300812059/,False,694989.1067538126
125000000.0,4.0,ЦАО,170.0,71.0,47,75,,False,True,,3,https://www.cian.ru/sale/flat/299290455/,False,735294.1176470588
115000000.0,17.0,ЮАО,124.0,71.0,12,14,2023,False,False,,3,https://www.cian.ru/sale/flat/298372126/,False,927419.3548387097
24500000.0,7.0,СВАО,78.8,33.5,4,32,2024,False,False,2.75,3,https://www.cian.ru/sale/flat/299740434/,False,310913.7055837564
50000000.0,5.0,СЗАО,83.5,48.7,28,44,2023,False,False,,3,https://www.cian.ru/sale/flat/298834128/,False,598802.3952095809
25500000.0,13.0,САО,61.0,42.0,4,5,1958,False,False,3.1,3,https://www.cian.ru/sale/flat/300092552/,False,418032.7868852459
120000000.0,1.0,ЦАО,184.0,,23,76,2009,False,True,3.1,3,https://www.cian.ru/sale/flat/291161850/,False,652173.9130434783
47999990.0,4.0,ЗАО,76.4,,27,34,2022,False,False,3.1,3,https://www.cian.ru/sale/flat/299173427/,False,628272.1204188481
122400000.0,15.0,ЗАО,144.0,,8,11,2020,False,False,3.3,3,https://www.cian.ru/sale/flat/300330497/,False,850000.0
24900000.0,9.0,ЮАО,72.4,44.8,5,17,1996,False,False,2.64,3,https://www.cian.ru/sale/flat/299897129/,False,343922.65193370165
51480000.0,6.0,ЦАО,114.4,,3,18,2017,False,True,3.0,3,https://www.cian.ru/sale/flat/297045342/,False,450000.0
54990000.0,7.0,ЦАО,115.2,57.5,7,11,1991,False,False,3.0,3,https://www.cian.ru/sale/flat/300539731/,False,477343.75
70000000.0,3.0,ЦАО,100.0,,18,78,2020,False,True,3.9,3,https://www.cian.ru/sale/flat/293128761/,False,700000.0
235230500.0,12.0,ЦАО,139.0,,8,11,2008,False,False,3.2,3,https://www.cian.ru/sale/flat/299593466/,False,1692305.7553956835
41500000.0,15.0,ЮАО,86.0,48.0,10,11,,False,False,,3,https://www.cian.ru/sale/flat/295731821/,False,482558.1395348837
81800000.0,3.0,ЦАО,132.3,60.0,5,5,1913,False,False,,3,https://www.cian.ru/sale/flat/299363916/,False,618291.761148904
41500000.0,7.0,ВАО,78.0,,9,13,2016,False,False,,3,https://www.cian.ru/sale/flat/299342352/,False,532051.282051282
39500000.0,11.0,ЮВАО,79.0,,3,29,2022,False,False,3.0,3,https://www.cian.ru/sale/flat/299619257/,False,500000.0
52000000.0,11.0,СВАО,103.0,52.0,3,20,2022,False,False,,3,https://www.cian.ru/sale/flat/300571581/,False,504854.36893203884
75000000.0,12.0,САО,114.0,78.0,25,37,2021,False,False,,3,https://www.cian.ru/sale/flat/299872305/,False,657894.7368421053
32500000.0,9.0,СЗАО,52.0,,30,58,,False,False,,3,https://www.cian.ru/sale/flat/300643505/,False,625000.0
79990000.0,4.0,ЗАО,108.0,,30,34,2011,False,False,3.0,3,https://www.cian.ru/sale/flat/298979087/,False,740648.1481481482
106500000.0,3.0,ЦАО,146.0,81.0,4,12,2005,False,False,3.0,3,https://www.cian.ru/sale/flat/293377423/,False,729452.0547945206
201063200.0,4.0,ЦАО,160.0,100.0,32,84,,False,True,,3,https://www.cian.ru/sale/flat/290284499/,False,1256645.0
87000000.0,18.0,ЮЗАО,115.7,63.0,5,19,2007,False,False,3.0,3,https://www.cian.ru/sale/flat/299385590/,False,751944.6845289542
43690000.0,22.0,САО,95.0,,19,20,2022,False,False,3.0,3,https://www.cian.ru/sale/flat/298666298/,False,459894.7368421053
110584760.0,6.0,ЦАО,131.4,,4,7,,False,False,,3,https://www.cian.ru/sale/flat/294675252/,False,841588.7366818873
56000000.0,17.0,САО,111.0,78.0,4,17,2016,False,False,3.0,3,https://www.cian.ru/sale/flat/300669448/,False,504504.5045045045
32900000.0,12.0,ЮВАО,88.9,55.4,6,9,1962,False,False,3.0,3,https://www.cian.ru/sale/flat/300668328/,False,370078.7401574803
99000000.0,12.0,ЦАО,90.0,,16,20,2021,False,False,3.23,3,https://www.cian.ru/sale/flat/300392038/,False,1100000.0
138000000.0,3.0,ЦАО,138.3,,3,10,,False,False,3.4,3,https://www.cian.ru/sale/flat/299244058/,False,997830.8026030367
20500000.0,5.0,СВАО,61.6,35.0,2,22,2020,False,False,2.8,3,https://www.cian.ru/sale/flat/300720765/,False,332792.2077922078
11500000.0,6.0,СВАО,57.0,,3,9,1971,False,False,2.64,3,https://www.cian.ru/sale/flat/300448713/,False,201754.38596491228
150000000.0,11.0,ЦАО,107.0,,6,8,2019,False,True,3.2,3,https://www.cian.ru/sale/flat/299854801/,False,1401869.1588785048
21700000.0,13.0,ЮЗАО,74.5,52.8,1,4,1961,False,False,3.2,3,https://www.cian.ru/sale/flat/300796185/,False,291275.1677852349
45000000.0,7.0,САО,68.9,46.0,6,17,2019,False,True,3.1,3,https://www.cian.ru/sale/flat/300749281/,False,653120.4644412191
120000000.0,10.0,ЦАО,122.6,,6,16,,False,False,,3,https://www.cian.ru/sale/flat/299844612/,False,978792.8221859707
14149999.0,7.0,СВАО,63.2,,4,12,1976,False,False,2.5,3,https://www.cian.ru/sale/flat/294295889/,False,223892.3892405063
29990000.0,19.0,СВАО,57.0,25.0,25,35,,False,False,,3,https://www.cian.ru/sale/flat/300176435/,False,526140.350877193
120000000.0,7.0,ЦАО,116.8,,5,21,2022,False,False,3.0,3,https://www.cian.ru/sale/flat/300822468/,False,1027397.2602739726
105000000.0,9.0,ЦАО,120.0,,2,14,2013,False,False,3.0,3,https://www.cian.ru/sale/flat/289733284/,False,875000.0
22300000.0,8.0,ЮВАО,57.0,,2,9,1966,False,False,2.5,3,https://www.cian.ru/sale/flat/300458230/,False,391228.0701754386
35900000.0,10.0,ЗАО,100.4,73.0,12,24,2016,False,False,3.0,3,https://www.cian.ru/sale/flat/295220185/,False,357569.7211155378
41500000.0,10.0,СЗАО,83.0,48.7,41,53,2022,False,False,3.1,3,https://www.cian.ru/sale/flat/297047647/,False,500000.0
357550360.0,6.0,ЦАО,132.6,,2,8,2011,False,False,,3,https://www.cian.ru/sale/flat/300006030/,False,2696458.2202111613
83000000.0,6.0,ЦАО,113.0,70.0,59,79,,False,True,,3,https://www.cian.ru/sale/flat/300539688/,False,734513.2743362832
183000000.0,7.0,ЦАО,160.0,,5,7,2019,False,False,3.4,3,https://www.cian.ru/sale/flat/294031984/,False,1143750.0
61248000.0,11.0,ЦАО,127.6,67.0,22,22,2022,False,False,,3,https://www.cian.ru/sale/flat/295092045/,False,480000.0
27000000.0,6.0,ЮАО,73.0,52.0,15,16,1982,False,False,2.64,3,https://www.cian.ru/sale/flat/299354605/,False,369863.01369863015
35500000.0,7.0,ЗАО,82.0,55.5,3,5,1957,False,False,3.0,3,https://www.cian.ru/sale/flat/292152839/,False,432926.8292682927
44300000.0,27.0,ЗАО,108.6,65.1,25,28,2022,False,False,,3,https://www.cian.ru/sale/flat/298378425/,False,407918.9686924494
78000000.0,3.0,ЗАО,135.4,80.0,2,17,,False,False,,3,https://www.cian.ru/sale/flat/300682264/,False,576070.9010339734
103000000.0,10.0,ЦАО,121.0,,7,16,,False,False,3.1,3,https://www.cian.ru/sale/flat/295295279/,False,851239.6694214876
114600000.0,14.0,ЦАО,120.0,,3,8,2023,False,False,,3,https://www.cian.ru/sale/flat/293143542/,False,955000.0
290000000.0,11.0,ЦАО,158.6,,3,6,2008,False,False,3.0,3,https://www.cian.ru/sale/flat/295848893/,False,1828499.3694829762
31079570.0,6.0,САО,103.2,73.0,2,12,,False,False,,3,https://www.cian.ru/sale/flat/298617205/,False,301158.62403100776
210000000.0,3.0,ЦАО,140.0,,4,7,2015,False,True,3.15,3,https://www.cian.ru/sale/flat/281304705/,False,1500000.0
290000000.0,5.0,ЦАО,162.0,87.0,3,6,,False,False,,3,https://www.cian.ru/sale/flat/296120452/,False,1790123.4567901234
15600000.0,5.0,ЮАО,59.0,41.0,4,9,,False,False,,3,https://www.cian.ru/sale/flat/294928648/,False,264406.77966101695
22950000.0,14.0,ЮАО,75.8,47.0,5,20,2009,False,False,2.78,3,https://www.cian.ru/sale/flat/299842929/,False,302770.44854881265
29500000.0,3.0,ЮЗАО,75.0,46.0,15,17,2003,False,False,2.7,3,https://www.cian.ru/sale/flat/290431403/,False,393333.3333333333
47500000.0,13.0,СЗАО,103.0,60.0,9,36,2020,False,False,3.2,3,https://www.cian.ru/sale/flat/300952530/,False,461165.0485436893
24999000.0,19.0,ЗАО,70.0,,21,31,2023,False,False,,3,https://www.cian.ru/sale/flat/296641605/,False,357128.5714285714
28070000.0,5.0,СЗАО,64.0,28.0,13,29,2023,False,False,,3,https://www.cian.ru/sale/flat/300834187/,False,438593.75
49000000.0,6.0,ЦАО,80.0,49.2,5,5,1891,False,False,,3,https://www.cian.ru/sale/flat/300539729/,False,612500.0
160000000.0,6.0,ЦАО,146.0,12.0,67,79,2019,False,True,,3,https://www.cian.ru/sale/flat/300303698/,False,1095890.410958904
68000000.0,2.0,ЦАО,97.0,,61,65,,False,True,,3,https://www.cian.ru/sale/flat/294615058/,False,701030.9278350516
31700000.0,13.0,ЦАО,69.0,,24,44,2018,False,True,3.0,3,https://www.cian.ru/sale/flat/296139192/,False,459420.28985507245
46500000.0,15.0,ЦАО,86.0,65.0,4,11,1956,False,False,,3,https://www.cian.ru/sale/flat/300539706/,False,540697.6744186047
67200000.0,2.0,ЦАО,96.0,,28,78,2020,False,True,,3,https://www.cian.ru/sale/flat/278675890/,False,700000.0
47000000.0,14.0,ЮАО,79.5,56.5,4,5,1957,False,False,2.8,3,https://www.cian.ru/sale/flat/298604697/,False,591194.9685534592
75000000.0,19.0,ЦАО,110.0,58.0,16,22,,False,False,,3,https://www.cian.ru/sale/flat/299330349/,False,681818.1818181818
117705000.0,7.0,ЦАО,123.9,57.0,4,5,1886,False,True,2.9,3,https://www.cian.ru/sale/flat/281253722/,False,950000.0
160000000.0,11.0,ЦАО,114.99,70.2,7,11,,False,False,,3,https://www.cian.ru/sale/flat/300650829/,False,1391425.341334029
76000000.0,4.0,ЮАО,94.0,,3,15,2019,False,False,3.15,3,https://www.cian.ru/sale/flat/300578212/,False,808510.6382978724
43000000.0,11.0,ЗАО,120.5,66.6,2,11,1998,False,False,3.1,3,https://www.cian.ru/sale/flat/297786925/,False,356846.4730290456
78950000.0,2.0,ЦАО,68.8,38.0,8,8,1902,False,False,3.2,3,https://www.cian.ru/sale/flat/300006309/,False,1147529.0697674418
95000000.0,5.0,ЦАО,105.0,,4,7,2017,False,True,3.2,3,https://www.cian.ru/sale/flat/280304500/,False,904761.9047619047
200000000.0,8.0,ЦАО,122.7,60.0,3,15,2021,False,False,3.2,3,https://www.cian.ru/sale/flat/296649966/,False,1629991.8500407496
200000000.0,5.0,ЦАО,122.9,27.0,4,8,2023,False,False,,3,https://www.cian.ru/sale/flat/297678043/,False,1627339.3002441009
50000000.0,3.0,ЦАО,81.0,,8,8,1910,False,False,3.4,3,https://www.cian.ru/sale/flat/300006012/,False,617283.9506172839
20990000.0,9.0,СВАО,69.3,48.6,6,8,1956,False,False,3.0,3,https://www.cian.ru/sale/flat/297490071/,False,302886.0028860029
40000000.0,18.0,ЗАО,77.0,34.5,10,25,,False,False,,3,https://www.cian.ru/sale/flat/300640749/,False,519480.51948051946
14950000.0,9.0,САО,54.4,,5,5,1959,False,False,2.75,3,https://www.cian.ru/sale/flat/291812213/,False,274816.17647058825
209000000.0,2.0,ЦАО,136.9,,5,12,2021,False,False,3.3,3,https://www.cian.ru/sale/flat/294651840/,False,1526661.796932067
180000000.0,5.0,ЦАО,180.0,,12,13,2000,False,False,3.0,3,https://www.cian.ru/sale/flat/300650152/,False,1000000.0
33800000.0,16.0,ВАО,90.8,45.7,2,30,2013,False,False,2.9,3,https://www.cian.ru/sale/flat/293313393/,False,372246.6960352423
142440000.0,7.0,ЦАО,118.7,,30,66,2023,False,False,3.4,3,https://www.cian.ru/sale/flat/291914791/,False,1200000.0
36900000.0,17.0,САО,87.2,,2,7,1952,False,False,3.0,3,https://www.cian.ru/sale/flat/300493250/,False,423165.1376146789
442233340.0,10.0,ЦАО,152.0,,2,6,2003,False,False,3.2,3,https://www.cian.ru/sale/flat/234479051/,False,2909429.8684210526
44900000.0,11.0,СВАО,104.0,,11,20,2022,False,False,,3,https://www.cian.ru/sale/flat/300882669/,False,431730.76923076925
83000000.0,11.0,ЦАО,120.0,42.9,2,29,2021,False,False,2.8,3,https://www.cian.ru/sale/flat/300873827/,False,691666.6666666666
29990000.0,12.0,ЦАО,61.2,,9,9,1970,False,False,,3,https://www.cian.ru/sale/flat/297470764/,False,490032.6797385621
498688660.0,6.0,ЦАО,202.4,,2,8,2009,False,False,3.5,3,https://www.cian.ru/sale/flat/286463729/,False,2463876.7786561265
99000000.0,12.0,ЦАО,90.0,65.0,16,20,2021,False,False,3.2,3,https://www.cian.ru/sale/flat/298068249/,False,1100000.0
51000000.0,8.0,САО,83.0,64.0,3,36,2021,False,False,3.2,3,https://www.cian.ru/sale/flat/295139426/,False,614457.8313253012
86990000.0,4.0,ЦАО,128.0,65.0,4,4,1900,False,False,4.0,3,https://www.cian.ru/sale/flat/299466728/,False,679609.375
33900000.0,17.0,СЗАО,58.0,,3,23,2018,False,False,2.8,3,https://www.cian.ru/sale/flat/300342262/,False,584482.7586206896
58500000.0,13.0,САО,91.0,62.0,16,37,2021,False,False,,3,https://www.cian.ru/sale/flat/300588173/,False,642857.1428571428
42800000.0,2.0,ЦАО,61.0,27.0,13,21,2024,False,True,,3,https://www.cian.ru/sale/flat/299237057/,False,701639.344262295
39000000.0,19.0,ЮАО,88.2,34.7,8,13,2022,False,False,3.3,3,https://www.cian.ru/sale/flat/294302005/,False,442176.8707482993
37900000.0,5.0,СЗАО,81.0,,23,25,2023,False,False,3.1,3,https://www.cian.ru/sale/flat/297879693/,False,467901.23456790124
23435000.0,13.0,ЮВАО,54.5,38.0,2,10,2017,False,True,3.2,3,https://www.cian.ru/sale/flat/299941813/,False,430000.0
45200000.0,13.0,ЮАО,87.0,49.0,3,7,2023,False,False,,3,https://www.cian.ru/sale/flat/297841539/,False,519540.2298850575
56000000.0,10.0,ЮЗАО,94.3,60.0,5,23,2018,False,False,3.08,3,https://www.cian.ru/sale/flat/297774449/,False,593849.4167550371
41000000.0,25.0,ЗАО,101.0,49.0,11,28,,False,False,,3,https://www.cian.ru/sale/flat/298483713/,False,405940.59405940596
25900000.0,12.0,ЦАО,75.0,46.3,15,16,1976,False,False,2.7,3,https://www.cian.ru/sale/flat/300331875/,False,345333.3333333333
30500000.0,18.0,ЮАО,60.0,29.0,31,40,2023,False,False,,3,https://www.cian.ru/sale/flat/293569046/,False,508333.3333333333
135000000.0,4.0,ЗАО,150.0,,8,53,2011,False,False,,3,https://www.cian.ru/sale/flat/247174958/,False,900000.0
57000000.0,8.0,ЦАО,74.4,55.0,2,9,1965,False,False,,3,https://www.cian.ru/sale/flat/300607754/,False,766129.0322580645
151958903.0,3.0,ЦАО,190.0,,33,65,2008,False,True,3.1,3,https://www.cian.ru/sale/flat/275848588/,False,799783.7
357550360.0,6.0,ЦАО,132.6,,2,8,,False,False,3.2,3,https://www.cian.ru/sale/flat/295118857/,False,2696458.2202111613
120000000.0,6.0,ЦАО,78.0,,4,7,2017,False,True,3.5,3,https://www.cian.ru/sale/flat/300440822/,False,1538461.5384615385
108000000.0,11.0,ЦАО,108.1,75.0,3,12,,False,False,,3,https://www.cian.ru/sale/flat/300754049/,False,999074.9306197965
329870000.0,10.0,ЦАО,242.97,,11,14,,False,False,,3,https://www.cian.ru/sale/flat/300509280/,False,1357657.3239494588
93000000.0,6.0,ЦАО,87.0,60.0,46,78,,False,True,,3,https://www.cian.ru/sale/flat/300642328/,False,1068965.5172413792
55000000.0,12.0,ЗАО,100.0,68.0,15,28,2020,False,False,3.0,3,https://www.cian.ru/sale/flat/299516283/,False,550000.0
205000000.0,8.0,ЦАО,158.0,,6,16,2007,False,False,3.2,3,https://www.cian.ru/sale/flat/278751260/,False,1297468.3544303798
110500000.0,8.0,ЦАО,142.0,60.0,3,5,2016,False,True,3.2,3,https://www.cian.ru/sale/flat/299960510/,False,778169.014084507
188184400.0,2.0,ЦАО,224.0,,53,75,2010,False,True,3.0,3,https://www.cian.ru/sale/flat/299776865/,False,840108.9285714285
20200000.0,6.0,СЗАО,72.7,50.7,4,5,1959,False,False,3.1,3,https://www.cian.ru/sale/flat/296830257/,False,277854.1953232462
34900000.0,16.0,ЮЗАО,73.4,,7,9,1959,False,False,3.0,3,https://www.cian.ru/sale/flat/300824489/,False,475476.8392370572
126500000.0,8.0,ЦАО,97.0,,9,15,,False,False,3.3,3,https://www.cian.ru/sale/flat/295360181/,False,1304123.7113402062
28750000.0,11.0,ЮВАО,79.0,45.3,13,14,2012,False,False,,3,https://www.cian.ru/sale/flat/299964126/,False,363924.0506329114
47500000.0,5.0,ЗАО,75.0,41.6,4,14,,False,False,3.2,3,https://www.cian.ru/sale/flat/300422156/,False,633333.3333333334
47000000.0,4.0,СВАО,128.0,,14,58,2014,False,False,,3,https://www.cian.ru/sale/flat/246930837/,False,367187.5
81500000.0,16.0,ЦАО,134.5,,3,13,,False,False,,3,https://www.cian.ru/sale/flat/300509015/,False,605947.9553903346
98000000.0,17.0,ЮЗАО,95.0,75.0,9,20,,False,False,,3,https://www.cian.ru/sale/flat/295797621/,False,1031578.947368421
112930000.0,8.0,ЦАО,102.0,71.0,8,18,2022,False,False,3.3,3,https://www.cian.ru/sale/flat/299504460/,False,1107156.862745098
53000000.0,11.0,ЦАО,143.5,66.7,11,29,2023,False,False,,3,https://www.cian.ru/sale/flat/291778194/,False,369337.97909407667
63400000.0,11.0,ЦАО,126.8,,20,29,2021,False,False,3.0,3,https://www.cian.ru/sale/flat/288640297/,False,500000.0
199000000.0,2.0,ЦАО,184.0,110.0,47,95,,False,True,3.1,3,https://www.cian.ru/sale/flat/294374478/,False,1081521.7391304348
85000000.0,3.0,ЦАО,123.0,,45,78,2020,False,True,3.9,3,https://www.cian.ru/sale/flat/294465896/,False,691056.9105691056
23100000.0,6.0,ЗАО,59.7,43.6,7,9,1970,False,False,2.64,3,https://www.cian.ru/sale/flat/300431029/,False,386934.6733668342
119000000.0,13.0,ЦАО,110.0,64.0,3,5,,False,False,,3,https://www.cian.ru/sale/flat/290250467/,False,1081818.1818181819
120000000.0,9.0,ЦАО,177.5,82.0,7,10,,False,False,,3,https://www.cian.ru/sale/flat/294962431/,False,676056.338028169
206000000.0,11.0,ЦАО,210.0,,8,14,,False,False,,3,https://www.cian.ru/sale/flat/285074040/,False,980952.380952381
131000000.0,7.0,ЦАО,114.0,40.9,6,21,,False,False,,3,https://www.cian.ru/sale/flat/300650885/,False,1149122.8070175438
576973371.0,7.0,ЦАО,219.2,,2,4,,False,False,,3,https://www.cian.ru/sale/flat/300509099/,False,2632177.7874087594
73500000.0,18.0,ЗАО,128.0,61.0,5,23,2010,False,False,3.0,3,https://www.cian.ru/sale/flat/296041240/,False,574218.75
65000000.0,10.0,ЗАО,118.0,81.0,9,29,,False,True,,3,https://www.cian.ru/sale/flat/297626307/,False,550847.4576271187
17500000.0,8.0,СВАО,52.5,32.0,8,9,,False,False,6.0,3,https://www.cian.ru/sale/flat/300162447/,False,333333.3333333333
14000000.0,6.0,ЮАО,54.0,,6,9,1977,False,False,2.64,3,https://www.cian.ru/sale/flat/297212699/,False,259259.25925925927
125000000.0,11.0,ЦАО,107.11,64.4,10,14,,False,False,,3,https://www.cian.ru/sale/flat/300509299/,False,1167024.5541966204
14790000.0,13.0,ЮАО,59.0,37.6,8,9,1969,False,False,2.64,3,https://www.cian.ru/sale/flat/300327358/,False,250677.9661016949
76752000.0,11.0,ЦАО,159.9,56.0,22,22,2022,False,False,,3,https://www.cian.ru/sale/flat/295092037/,False,480000.0
99000000.0,5.0,ЗАО,108.5,,15,19,2013,False,False,3.05,3,https://www.cian.ru/sale/flat/298499782/,False,912442.396313364
25800000.0,11.0,ВАО,75.2,44.0,37,39,2020,False,False,2.8,3,https://www.cian.ru/sale/flat/299248003/,False,343085.10638297873
37990000.0,10.0,ЗАО,78.0,,40,51,2020,False,False,3.0,3,https://www.cian.ru/sale/flat/300342112/,False,487051.28205128206
27400000.0,3.0,ЦАО,90.0,53.0,3,6,1938,False,False,3.2,3,https://www.cian.ru/sale/flat/300185601/,False,304444.44444444444
94000000.0,15.0,ЦАО,119.7,88.0,17,21,2008,False,False,3.0,3,https://www.cian.ru/sale/flat/300812071/,False,785296.574770259
53900000.0,8.0,САО,74.5,30.3,13,24,,False,False,,3,https://www.cian.ru/sale/flat/294166436/,False,723489.9328859061
197000000.0,9.0,ЦАО,160.0,88.0,5,6,2018,False,True,3.3,3,https://www.cian.ru/sale/flat/294622608/,False,1231250.0
175000000.0,6.0,ЦАО,146.0,85.0,10,14,2003,False,False,3.0,3,https://www.cian.ru/sale/flat/298825149/,False,1198630.1369863013
24500000.0,16.0,ЗАО,81.6,52.3,10,17,2000,False,False,2.75,3,https://www.cian.ru/sale/flat/299879025/,False,300245.0980392157
41000000.0,9.0,ЦАО,93.0,45.0,6,7,2019,False,True,4.8,3,https://www.cian.ru/sale/flat/296302630/,False,440860.2150537634
57900000.0,12.0,ЮЗАО,96.0,,4,23,2018,False,False,3.08,3,https://www.cian.ru/sale/flat/299335798/,False,603125.0
199000000.0,10.0,ЦАО,160.0,105.0,4,7,,False,False,,3,https://www.cian.ru/sale/flat/295291816/,False,1243750.0
100000000.0,2.0,ЗАО,152.5,,6,18,2007,False,False,3.0,3,https://www.cian.ru/sale/flat/285740105/,False,655737.7049180327
38000000.0,13.0,ЗАО,70.0,,25,52,2020,False,False,3.0,3,https://www.cian.ru/sale/flat/298529940/,False,542857.1428571428
42000000.0,4.0,ЗАО,77.0,,6,15,,False,False,3.0,3,https://www.cian.ru/sale/flat/300695923/,False,545454.5454545454
41900000.0,5.0,ЗАО,70.0,56.0,11,14,,False,False,,3,https://www.cian.ru/sale/flat/298504143/,False,598571.4285714285
54990000.0,7.0,ЦАО,115.2,,7,11,1991,False,False,3.0,3,https://www.cian.ru/sale/flat/300005990/,False,477343.75
13950000.0,6.0,ЗАО,73.0,,1,17,1989,False,False,2.64,3,https://www.cian.ru/sale/flat/296891678/,False,191095.8904109589
14900000.0,14.0,ЮЗАО,55.3,37.9,4,5,1960,False,False,2.6,3,https://www.cian.ru/sale/flat/298976988/,False,269439.4213381555
26000000.0,17.0,ЮАО,61.0,26.6,18,24,2022,False,True,2.87,3,https://www.cian.ru/sale/flat/300368995/,False,426229.5081967213
77000000.0,14.0,ЗАО,166.0,98.0,6,22,2001,False,False,3.0,3,https://www.cian.ru/sale/flat/299841895/,False,463855.421686747
430358905.0,1.0,ЦАО,207.9,,5,15,2015,False,True,3.3,3,https://www.cian.ru/sale/flat/299340448/,False,2070028.403078403
40000000.0,4.0,ЮЗАО,77.0,49.8,4,9,1956,False,False,3.0,3,https://www.cian.ru/sale/flat/300821462/,False,519480.51948051946
32900000.0,8.0,ЗАО,86.5,52.2,20,39,2022,False,False,3.1,3,https://www.cian.ru/sale/flat/300661643/,False,380346.82080924854
40600000.0,4.0,ЗАО,64.0,41.0,12,31,2021,False,False,2.8,3,https://www.cian.ru/sale/flat/300103623/,False,634375.0
100800000.0,6.0,ЦАО,126.0,,73,79,,False,True,3.9,3,https://www.cian.ru/sale/flat/283387984/,False,800000.0
230000000.0,16.0,ЦАО,142.0,,5,14,2014,False,False,3.2,3,https://www.cian.ru/sale/flat/300378773/,False,1619718.309859155
140000000.0,16.0,ЦАО,95.7,,3,7,2016,False,False,3.1,3,https://www.cian.ru/sale/flat/297307916/,False,1462904.9111807733
22900000.0,14.0,ЗАО,75.0,46.0,14,16,1980,False,False,2.64,3,https://www.cian.ru/sale/flat/300273691/,False,305333.3333333333
85600000.0,5.0,ЦАО,87.7,,3,3,2004,False,False,3.0,3,https://www.cian.ru/sale/flat/300023889/,False,976054.732041049
28900000.0,12.0,ЮВАО,88.0,50.1,4,9,2019,False,False,2.8,3,https://www.cian.ru/sale/flat/298462132/,False,328409.0909090909
130000000.0,9.0,ЦАО,149.9,60.0,3,13,,False,False,,3,https://www.cian.ru/sale/flat/300907654/,False,867244.8298865911
34500000.0,15.0,САО,87.0,60.0,15,34,,False,False,,3,https://www.cian.ru/sale/flat/297893636/,False,396551.724137931
75000000.0,3.0,ЦАО,121.6,,9,10,1986,False,False,3.0,3,https://www.cian.ru/sale/flat/300068326/,False,616776.3157894737
46900000.0,5.0,ЗАО,72.9,,11,14,,False,False,3.4,3,https://www.cian.ru/sale/flat/295336586/,False,643347.0507544581
11199000.0,7.0,ЮАО,57.8,,2,9,1973,False,False,,3,https://www.cian.ru/sale/flat/300393709/,False,193754.32525951558
47950000.0,11.0,СВАО,108.0,,13,20,2022,False,False,,3,https://www.cian.ru/sale/flat/298515260/,False,443981.48148148146
119500000.0,8.0,ЦАО,134.0,100.0,6,13,2013,False,True,,3,https://www.cian.ru/sale/flat/299374541/,False,891791.0447761194
31100000.0,7.0,СВАО,74.3,43.0,10,17,2010,False,False,2.74,3,https://www.cian.ru/sale/flat/300348071/,False,418573.3512786003
44000000.0,7.0,САО,67.0,40.0,3,19,,False,False,3.0,3,https://www.cian.ru/sale/flat/299569505/,False,656716.4179104478
49000000.0,6.0,ЗАО,96.9,,8,8,1945,False,False,3.2,3,https://www.cian.ru/sale/flat/299374465/,False,505675.9545923632
21000000.0,8.0,ВАО,79.9,52.0,4,5,1956,False,False,3.0,3,https://www.cian.ru/sale/flat/298614396/,False,262828.53566958697
165000000.0,15.0,ЦАО,120.0,100.0,2,21,,False,False,,3,https://www.cian.ru/sale/flat/298380201/,False,1375000.0
53000000.0,13.0,САО,94.0,70.0,14,20,2020,False,True,3.1,3,https://www.cian.ru/sale/flat/284613296/,False,563829.7872340425
95000000.0,16.0,ЗАО,160.0,80.0,4,15,,False,False,3.0,3,https://www.cian.ru/sale/flat/298002096/,False,593750.0
47800000.0,,ЗАО,73.0,57.0,9,14,,False,False,3.4,3,https://www.cian.ru/sale/flat/294997017/,False,654794.5205479452
66500000.0,18.0,ЗАО,98.0,58.9,18,25,2021,False,False,,3,https://www.cian.ru/sale/flat/294361246/,False,678571.4285714285
41000000.0,19.0,ЗАО,90.0,,10,31,2023,False,False,,3,https://www.cian.ru/sale/flat/299108008/,False,455555.55555555556
37500000.0,13.0,САО,84.0,44.0,14,26,,False,False,,3,https://www.cian.ru/sale/flat/299384370/,False,446428.5714285714
35500000.0,10.0,СВАО,98.0,56.0,4,11,2022,False,False,3.0,3,https://www.cian.ru/sale/flat/298085132/,False,362244.89795918367
18500000.0,7.0,ЗАО,73.0,50.0,5,5,,False,False,3.0,3,https://www.cian.ru/sale/flat/293454410/,False,253424.65753424657
110000000.0,2.0,ЦАО,186.0,100.0,35,73,,False,True,,3,https://www.cian.ru/sale/flat/283410183/,False,591397.8494623656
173000000.0,10.0,ЦАО,115.0,,3,7,,False,False,,3,https://www.cian.ru/sale/flat/300575952/,False,1504347.8260869565
45278000.0,5.0,ЗАО,72.0,41.0,2,14,,False,False,,3,https://www.cian.ru/sale/flat/300192347/,False,628861.1111111111
62000000.0,16.0,САО,130.0,72.0,16,30,,False,False,,3,https://www.cian.ru/sale/flat/293623280/,False,476923.07692307694
55000000.0,4.0,ЗАО,83.0,,22,31,2022,False,False,3.1,3,https://www.cian.ru/sale/flat/296710178/,False,662650.6024096386
300000000.0,11.0,ЦАО,151.3,86.0,2,6,,False,False,3.4,3,https://www.cian.ru/sale/flat/300285745/,False,1982815.598149372
34030297.0,6.0,САО,99.4,67.2,3,12,,False,False,,3,https://www.cian.ru/sale/flat/300755855/,False,342357.11267605633
111800000.0,8.0,ЦАО,157.0,90.0,4,9,1997,False,False,3.2,3,https://www.cian.ru/sale/flat/300669758/,False,712101.9108280254
165000000.0,9.0,ЦАО,107.0,,5,15,,False,False,,3,https://www.cian.ru/sale/flat/296860897/,False,1542056.074766355
29999000.0,5.0,ЗАО,77.5,46.1,21,23,2020,False,False,,3,https://www.cian.ru/sale/flat/299652106/,False,387083.87096774194
55000000.0,6.0,ЮЗАО,150.0,,24,30,2011,False,False,3.0,3,https://www.cian.ru/sale/flat/300286298/,False,366666.6666666667
199900000.0,4.0,ЗАО,186.0,120.0,2,19,2013,False,False,,3,https://www.cian.ru/sale/flat/245277094/,False,1074731.182795699
11500000.0,9.0,СВАО,60.0,45.1,1,9,,False,False,2.5,3,https://www.cian.ru/sale/flat/299298166/,False,191666.66666666666
167000000.0,4.0,ЦАО,143.7,92.0,4,6,,False,False,,3,https://www.cian.ru/sale/flat/288962979/,False,1162143.3542101602
290000000.0,5.0,ЦАО,158.6,,3,6,2008,False,False,3.4,3,https://www.cian.ru/sale/flat/298752008/,False,1828499.3694829762
70000000.0,6.0,ЗАО,101.0,,2,19,,False,False,,3,https://www.cian.ru/sale/flat/299776434/,False,693069.3069306931
150000000.0,8.0,ЦАО,109.7,,1,4,1910,False,True,,3,https://www.cian.ru/sale/flat/291049741/,False,1367365.5423883318
41900000.0,6.0,ЦАО,85.0,,16,16,1973,False,False,2.8,3,https://www.cian.ru/sale/flat/298977068/,False,492941.17647058825
29000000.0,19.0,ЮАО,66.7,,15,23,2024,False,False,,3,https://www.cian.ru/sale/flat/300982113/,False,434782.60869565216
106500000.0,3.0,ЦАО,136.0,,4,12,2005,False,False,,3,https://www.cian.ru/sale/flat/294783019/,False,783088.2352941176
309657431.0,6.0,ЦАО,219.4,,4,6,,False,False,,3,https://www.cian.ru/sale/flat/291604691/,False,1411383.003646308
27500000.0,5.0,ЗАО,74.4,,1,8,,False,False,,3,https://www.cian.ru/sale/flat/285287486/,False,369623.65591397847
94092200.0,28.0,ЗАО,103.1,41.2,4,12,,False,False,,3,https://www.cian.ru/sale/flat/300509117/,False,912630.4558680893
231222680.0,9.0,ЦАО,140.0,,2,4,1903,False,False,3.5,3,https://www.cian.ru/sale/flat/298534721/,False,1651590.5714285714
175000000.0,6.0,ЦАО,146.0,,10,14,2003,False,False,3.0,3,https://www.cian.ru/sale/flat/286815643/,False,1198630.1369863013
160000000.0,11.0,ЦАО,114.99,70.2,7,11,,False,False,,3,https://www.cian.ru/sale/flat/300509420/,False,1391425.341334029
15000000.0,7.0,ЮАО,59.7,43.1,2,9,1970,False,False,2.64,3,https://www.cian.ru/sale/flat/297636835/,False,251256.28140703516
37000000.0,12.0,СЗАО,115.0,68.5,1,19,2019,False,False,3.2,3,https://www.cian.ru/sale/flat/300415407/,False,321739.1304347826
215000000.0,6.0,ЦАО,130.0,,4,4,,False,False,3.4,3,https://www.cian.ru/sale/flat/298909594/,False,1653846.1538461538
57900000.0,17.0,ЮАО,85.0,,46,46,2023,False,False,4.2,3,https://www.cian.ru/sale/flat/300095364/,False,681176.4705882353
60000000.0,16.0,СЗАО,97.0,34.0,6,36,2018,False,False,3.0,3,https://www.cian.ru/sale/flat/300074475/,False,618556.7010309278
120000000.0,7.0,ЦАО,116.78,37.6,5,21,,False,False,,3,https://www.cian.ru/sale/flat/296468286/,False,1027573.2145915396
81499999.0,16.0,ЦАО,134.5,,3,13,,False,False,,3,https://www.cian.ru/sale/flat/300509438/,False,605947.9479553903
28000000.0,7.0,СЗАО,76.0,46.0,3,16,1981,False,False,2.64,3,https://www.cian.ru/sale/flat/300651657/,False,368421.05263157893
94000000.0,2.0,ЦАО,106.4,,5,6,2013,False,True,2.7,3,https://www.cian.ru/sale/flat/291967807/,False,883458.6466165413
23800000.0,20.0,ЮАО,65.3,32.1,9,24,2023,False,True,,3,https://www.cian.ru/sale/flat/300659450/,False,364471.6692189893
138830000.0,6.0,ЦАО,152.2,,2,8,,False,False,,3,https://www.cian.ru/sale/flat/300509293/,False,912155.0591327202
21300000.0,16.0,САО,80.1,52.0,2,5,1956,False,False,3.2,3,https://www.cian.ru/sale/flat/300342202/,False,265917.6029962547
348141140.0,10.0,ЦАО,150.0,105.0,2,6,2003,False,False,3.3,3,https://www.cian.ru/sale/flat/282559741/,False,2320940.933333333
170903720.0,5.0,ЦАО,200.8,,5,6,2005,False,False,3.2,3,https://www.cian.ru/sale/flat/289779308/,False,851114.1434262948
51500000.0,14.0,ЗАО,96.0,,3,16,2018,False,True,3.0,3,https://www.cian.ru/sale/flat/300396734/,False,536458.3333333334
170000000.0,13.0,ЦАО,150.7,,10,13,,False,False,,3,https://www.cian.ru/sale/flat/300509042/,False,1128069.01128069
118000000.0,10.0,ЦАО,142.0,,14,17,2008,False,False,3.1,3,https://www.cian.ru/sale/flat/300005888/,False,830985.9154929577
90000000.0,6.0,ЦАО,93.8,45.4,2,6,2017,False,True,3.85,3,https://www.cian.ru/sale/flat/296574070/,False,959488.2729211088
39500000.0,6.0,ЗАО,103.0,60.0,15,17,2001,False,False,3.2,3,https://www.cian.ru/sale/flat/299143204/,False,383495.145631068
23200000.0,12.0,ЮЗАО,68.7,45.5,5,10,1960,False,False,,3,https://www.cian.ru/sale/flat/299721644/,False,337700.14556040755
36500000.0,15.0,САО,76.0,,9,10,1957,False,False,3.0,3,https://www.cian.ru/sale/flat/299543745/,False,480263.15789473685
46750000.0,10.0,ЗАО,104.0,52.0,6,15,2023,False,False,3.1,3,https://www.cian.ru/sale/flat/299769502/,False,449519.23076923075
46900000.0,7.0,САО,77.9,45.0,14,28,2021,False,False,3.1,3,https://www.cian.ru/sale/flat/300792895/,False,602053.9152759948
55900000.0,10.0,ЦАО,71.0,,7,7,1900,False,True,3.7,3,https://www.cian.ru/sale/flat/300005751/,False,787323.9436619718
42000000.0,15.0,СЗАО,88.0,,11,46,2021,False,True,3.0,3,https://www.cian.ru/sale/flat/298261357/,False,477272.7272727273
34990000.0,3.0,ЦАО,98.5,40.2,3,4,1907,False,False,3.4,3,https://www.cian.ru/sale/flat/300561784/,False,355228.4263959391
135000000.0,11.0,ЦАО,140.0,,6,7,2018,False,True,3.1,3,https://www.cian.ru/sale/flat/296564597/,False,964285.7142857143
116660000.0,8.0,ЦАО,122.8,65.0,3,5,1886,False,True,3.1,3,https://www.cian.ru/sale/flat/281251732/,False,950000.0
30900000.0,10.0,Неизвестно,62.3,28.5,4,15,2022,False,False,3.1,3,https://www.cian.ru/sale/flat/295772093/,False,495987.15890850726
66500000.0,9.0,ЦАО,68.0,50.0,3,28,2022,False,False,,3,https://www.cian.ru/sale/flat/299880493/,False,977941.1764705882
99000000.0,5.0,СВАО,123.0,78.0,1,3,,False,False,,3,https://www.cian.ru/sale/flat/298002956/,False,804878.0487804879
65500000.0,7.0,ЦАО,117.0,,5,9,2013,False,True,3.0,3,https://www.cian.ru/sale/flat/300749905/,False,559829.0598290599
200000000.0,13.0,ЦАО,210.0,85.0,4,6,2012,False,False,3.7,3,https://www.cian.ru/sale/flat/290380881/,False,952380.9523809524
175500000.0,12.0,ЦАО,130.0,,3,9,2021,False,False,3.0,3,https://www.cian.ru/sale/flat/292723721/,False,1350000.0
38000000.0,2.0,ЗАО,94.7,56.8,23,25,2017,False,False,2.55,3,https://www.cian.ru/sale/flat/300433218/,False,401267.15945089754
153000000.0,6.0,ЦАО,94.0,,2,7,2017,False,False,,3,https://www.cian.ru/sale/flat/295271852/,False,1627659.574468085
21900000.0,11.0,ЮЗАО,73.7,45.8,1,16,1968,False,False,2.6,3,https://www.cian.ru/sale/flat/299211098/,False,297150.6105834464
21900000.0,7.0,СЗАО,71.3,45.5,6,7,1998,False,False,3.0,3,https://www.cian.ru/sale/flat/297537428/,False,307152.8751753156
41500000.0,14.0,ЮАО,93.0,50.0,13,15,2022,False,False,,3,https://www.cian.ru/sale/flat/295184215/,False,446236.55913978495
34990000.0,10.0,ЦАО,83.4,55.2,4,5,1820,False,False,3.5,3,https://www.cian.ru/sale/flat/300567591/,False,419544.3645083933
62000000.0,10.0,СЗАО,130.0,,30,38,2000,False,False,3.0,3,https://www.cian.ru/sale/flat/295064729/,False,476923.07692307694
82350000.0,8.0,ЗАО,115.0,72.0,19,22,,False,False,,3,https://www.cian.ru/sale/flat/289032731/,False,716086.9565217391
120000000.0,1.0,ЦАО,185.0,,33,75,2009,False,True,,3,https://www.cian.ru/sale/flat/289779307/,False,648648.6486486486
72300000.0,7.0,СЗАО,94.0,59.0,13,22,,False,False,,3,https://www.cian.ru/sale/flat/298565480/,False,769148.9361702128
54500000.0,10.0,ЦАО,63.0,,5,6,1911,False,False,3.0,3,https://www.cian.ru/sale/flat/300794598/,False,865079.3650793651
85000000.0,17.0,ЗАО,101.9,,11,32,2023,False,True,,3,https://www.cian.ru/sale/flat/299762411/,False,834151.1285574092
214000000.0,11.0,ЦАО,142.8,,6,8,,False,True,3.3,3,https://www.cian.ru/sale/flat/294051481/,False,1498599.4397759102
13400000.0,18.0,ЮАО,51.0,,6,9,1976,False,False,2.64,3,https://www.cian.ru/sale/flat/300909559/,False,262745.09803921566
90478440.0,7.0,ЦАО,74.8,,4,10,,False,False,,3,https://www.cian.ru/sale/flat/299070307/,False,1209604.8128342247
576973371.0,7.0,ЦАО,219.2,177.0,2,4,2014,False,False,3.0,3,https://www.cian.ru/sale/flat/292979032/,False,2632177.7874087594
107000000.0,12.0,ЮАО,110.0,60.0,15,18,2017,False,False,3.5,3,https://www.cian.ru/sale/flat/292156332/,False,972727.2727272727
85000000.0,8.0,ЦАО,112.7,65.0,3,5,2013,False,True,3.5,3,https://www.cian.ru/sale/flat/299069947/,False,754214.7293700088
118300000.0,10.0,ЦАО,120.0,,4,17,,False,False,,3,https://www.cian.ru/sale/flat/299237798/,False,985833.3333333334
26750000.0,7.0,ЗАО,72.0,41.0,3,43,2022,False,False,3.1,3,https://www.cian.ru/sale/flat/294615649/,False,371527.77777777775
29950000.0,7.0,САО,70.0,,2,18,2018,False,True,,3,https://www.cian.ru/sale/flat/282555064/,False,427857.14285714284
120000000.0,6.0,ЦАО,78.0,57.0,4,6,,False,True,,3,https://www.cian.ru/sale/flat/299070313/,False,1538461.5384615385
129000000.0,7.0,ЗАО,137.0,89.0,24,44,2017,False,False,3.1,3,https://www.cian.ru/sale/flat/300818777/,False,941605.8394160584
38000000.0,28.0,ЗАО,72.0,50.0,3,14,2023,False,False,3.2,3,https://www.cian.ru/sale/flat/294618539/,False,527777.7777777778
101000000.0,13.0,ЗАО,117.0,,15,44,2017,False,False,3.1,3,https://www.cian.ru/sale/flat/296195763/,False,863247.8632478632
207002840.0,10.0,САО,158.0,,9,57,2007,False,False,3.2,3,https://www.cian.ru/sale/flat/294650800/,False,1310144.5569620254
20900000.0,4.0,СВАО,67.0,44.8,2,7,1962,False,False,2.8,3,https://www.cian.ru/sale/flat/300288822/,False,311940.29850746266
50000000.0,3.0,ЦАО,81.0,66.0,8,8,,False,False,,3,https://www.cian.ru/sale/flat/300539749/,False,617283.9506172839
86000000.0,11.0,ЮЗАО,174.6,88.0,5,5,2010,False,False,3.4,3,https://www.cian.ru/sale/flat/299063762/,False,492554.4100801833
98796810.0,13.0,ЗАО,117.8,80.0,25,44,2017,False,False,3.1,3,https://www.cian.ru/sale/flat/287625698/,False,838682.59762309
50000000.0,9.0,ЗАО,112.0,72.0,9,22,,False,False,,3,https://www.cian.ru/sale/flat/299024391/,False,446428.5714285714
73500000.0,6.0,САО,105.0,61.0,6,12,,False,False,,3,https://www.cian.ru/sale/flat/295156758/,False,700000.0
153000000.0,6.0,ЦАО,94.0,57.0,2,7,2017,False,False,3.1,3,https://www.cian.ru/sale/flat/293145354/,False,1627659.574468085
34200000.0,5.0,ВАО,84.5,52.0,7,12,1978,False,False,2.7,3,https://www.cian.ru/sale/flat/299071763/,False,404733.7278106509
154000000.0,11.0,ЦАО,138.1,,4,14,,False,False,,3,https://www.cian.ru/sale/flat/300509303/,False,1115133.9608979002
37000000.0,10.0,ЮВАО,79.0,44.0,22,23,2018,False,False,3.0,3,https://www.cian.ru/sale/flat/300366951/,False,468354.43037974683
138315534.0,9.0,ЗАО,109.8,70.0,7,15,2008,False,False,3.3,3,https://www.cian.ru/sale/flat/266266409/,False,1259704.3169398909
46990000.0,5.0,ЦАО,85.87,,36,51,2022,False,False,3.1,3,https://www.cian.ru/sale/flat/296462468/,False,547222.5457086293
41500000.0,5.0,СЗАО,77.5,30.0,15,36,2021,False,False,2.95,3,https://www.cian.ru/sale/flat/300613814/,False,535483.8709677419
109000000.0,3.0,ЦАО,105.0,74.6,5,11,1937,False,False,3.2,3,https://www.cian.ru/sale/flat/296710665/,False,1038095.2380952381
110000000.0,7.0,ЦАО,95.0,70.0,9,67,2023,False,False,3.1,3,https://www.cian.ru/sale/flat/298647465/,False,1157894.7368421052
45000000.0,8.0,СЗАО,95.9,43.0,7,29,2008,False,False,3.0,3,https://www.cian.ru/sale/flat/289914568/,False,469238.79040667356
73000000.0,7.0,ЦАО,148.6,86.0,6,12,2003,False,False,2.9,3,https://www.cian.ru/sale/flat/296903834/,False,491251.68236877525
127500000.0,4.0,ЗАО,110.9,,6,12,,False,False,,3,https://www.cian.ru/sale/flat/300509403/,False,1149684.4003606853
95700000.0,11.0,ЦАО,86.0,,2,7,2021,False,True,3.0,3,https://www.cian.ru/sale/flat/289764822/,False,1112790.6976744186
111800000.0,8.0,ЦАО,160.0,133.0,4,9,1997,False,False,3.2,3,https://www.cian.ru/sale/flat/300005967/,False,698750.0
45000000.0,17.0,ЮВАО,95.0,,7,22,,False,False,,3,https://www.cian.ru/sale/flat/298915380/,False,473684.2105263158
334723593.0,5.0,ЦАО,254.1,,11,12,2002,False,False,3.2,3,https://www.cian.ru/sale/flat/276394501/,False,1317290.8028335301
15800000.0,17.0,ЮЗАО,56.0,41.0,1,10,1961,False,False,2.64,3,https://www.cian.ru/sale/flat/300936698/,False,282142.85714285716
35000000.0,12.0,ЦАО,95.0,65.0,3,15,2000,False,True,,3,https://www.cian.ru/sale/flat/300871845/,False,368421.05263157893
70000000.0,16.0,ЦАО,123.7,78.0,9,18,2009,False,False,,3,https://www.cian.ru/sale/flat/300751207/,False,565885.2061438966
40000000.0,17.0,СВАО,128.0,89.0,8,59,2015,False,False,3.05,3,https://www.cian.ru/sale/flat/300653895/,False,312500.0
76000000.0,12.0,ЮАО,89.9,50.3,13,18,2017,False,False,,3,https://www.cian.ru/sale/flat/295413844/,False,845383.7597330366
19500000.0,4.0,ЮВАО,80.6,48.0,5,14,2003,False,False,,3,https://www.cian.ru/sale/flat/298830650/,False,241935.48387096776
155158038.0,15.0,ЗАО,105.1,,10,11,2019,False,False,3.0,3,https://www.cian.ru/sale/flat/300114603/,False,1476289.6098953378
30990000.0,10.0,ЮЗАО,72.0,48.0,8,8,1960,False,False,,3,https://www.cian.ru/sale/flat/300266387/,False,430416.6666666667
75000000.0,12.0,САО,114.0,78.0,25,41,,False,False,,3,https://www.cian.ru/sale/flat/300564787/,False,657894.7368421053
49500000.0,14.0,СЗАО,98.2,58.2,18,19,,False,False,3.2,3,https://www.cian.ru/sale/flat/296064943/,False,504073.3197556008
19900000.0,9.0,ЮАО,74.6,37.9,8,15,,False,True,,3,https://www.cian.ru/sale/flat/298462127/,False,266756.0321715818
60000000.0,8.0,СЗАО,98.3,62.0,5,23,2006,False,False,3.1,3,https://www.cian.ru/sale/flat/300191551/,False,610376.3987792472
21399999.0,13.0,ЮВАО,71.3,40.0,20,26,2023,False,False,2.8,3,https://www.cian.ru/sale/flat/300502613/,False,300140.23842917255
113000000.0,9.0,ЦАО,99.71,,9,13,,False,False,,3,https://www.cian.ru/sale/flat/294374810/,False,1133286.5309397252
85000000.0,,ЗАО,104.0,67.0,9,14,,False,False,,3,https://www.cian.ru/sale/flat/298786403/,False,817307.6923076923
44300000.0,18.0,ЗАО,75.0,50.0,10,26,,False,False,,3,https://www.cian.ru/sale/flat/299655341/,False,590666.6666666666
46892000.0,12.0,СВАО,128.0,,49,59,2015,False,False,3.05,3,https://www.cian.ru/sale/flat/289413929/,False,366343.75
215000000.0,5.0,ЦАО,126.0,72.0,2,6,,False,False,,3,https://www.cian.ru/sale/flat/295066683/,False,1706349.2063492064
16400000.0,8.0,ЮВАО,64.0,42.0,3,14,1971,False,False,2.7,3,https://www.cian.ru/sale/flat/300009660/,False,256250.0
80000000.0,16.0,ЗАО,141.0,,8,45,,False,False,,3,https://www.cian.ru/sale/flat/300281927/,False,567375.8865248227
144638530.0,9.0,ЗАО,109.8,,7,15,,False,False,3.3,3,https://www.cian.ru/sale/flat/292425759/,False,1317290.8014571948
39500000.0,15.0,ЗАО,85.0,54.0,2,21,2015,False,False,3.0,3,https://www.cian.ru/sale/flat/300726658/,False,464705.8823529412
39500000.0,5.0,САО,87.6,50.6,2,24,2019,False,False,2.8,3,https://www.cian.ru/sale/flat/300927460/,False,450913.24200913246
15600000.0,16.0,САО,58.0,,30,34,2024,False,False,2.64,3,https://www.cian.ru/sale/flat/300004652/,False,268965.5172413793
315208870.0,1.0,ЦАО,123.0,100.0,2,5,2015,False,True,,3,https://www.cian.ru/sale/flat/299690994/,False,2562673.7398373983
18500000.0,4.0,СЗАО,54.7,,3,5,1964,False,False,2.48,3,https://www.cian.ru/sale/flat/299595531/,False,338208.40950639854
49000000.0,12.0,ЮЗАО,113.6,72.3,19,28,2009,False,False,3.0,3,https://www.cian.ru/sale/flat/299531732/,False,431338.0281690141
46000000.0,10.0,ЮАО,95.1,55.9,17,18,2007,False,False,2.75,3,https://www.cian.ru/sale/flat/300425115/,False,483701.3669821241
152990000.0,7.0,ЦАО,206.0,126.0,9,16,,False,False,,3,https://www.cian.ru/sale/flat/297913645/,False,742669.9029126214
38200000.0,8.0,ЮЗАО,75.4,40.5,4,24,2015,False,False,2.7,3,https://www.cian.ru/sale/flat/300122634/,False,506631.29973474797
38700000.0,13.0,ЗАО,78.0,,40,51,2020,False,False,3.0,3,https://www.cian.ru/sale/flat/298534726/,False,496153.8461538461
24800000.0,15.0,Неизвестно,75.0,46.0,14,16,1982,False,False,,3,https://www.cian.ru/sale/flat/299857285/,False,330666.6666666667
26500000.0,19.0,ЮВАО,82.4,52.0,13,16,2023,False,False,2.7,3,https://www.cian.ru/sale/flat/299918587/,False,321601.9417475728
38000000.0,6.0,ЦАО,80.0,50.0,4,6,1907,False,False,3.5,3,https://www.cian.ru/sale/flat/300539721/,False,475000.0
46990000.0,13.0,ЗАО,100.0,62.5,5,11,,False,False,,3,https://www.cian.ru/sale/flat/294206691/,False,469900.0
119000000.0,13.0,ЦАО,111.0,,3,5,2022,False,False,3.6,3,https://www.cian.ru/sale/flat/298515885/,False,1072072.0720720722
84000000.0,13.0,САО,82.0,62.0,25,37,2021,False,False,,3,https://www.cian.ru/sale/flat/298522497/,False,1024390.243902439
247000000.0,6.0,ЦАО,206.0,,7,22,2006,False,False,3.3,3,https://www.cian.ru/sale/flat/289971025/,False,1199029.1262135922
179360000.0,2.0,ЦАО,112.1,,6,12,2021,False,False,,3,https://www.cian.ru/sale/flat/296106405/,False,1600000.0
40000000.0,11.0,СВАО,109.0,,11,38,2015,False,False,3.0,3,https://www.cian.ru/sale/flat/297834603/,False,366972.4770642202
19300000.0,4.0,ВАО,80.0,43.0,10,11,2005,False,False,,3,https://www.cian.ru/sale/flat/294650660/,False,241250.0
22000000.0,13.0,СВАО,70.2,44.6,2,14,1970,False,False,2.7,3,https://www.cian.ru/sale/flat/297304228/,False,313390.31339031336
167000000.0,4.0,ЦАО,145.0,,4,6,2008,False,False,3.2,3,https://www.cian.ru/sale/flat/300006042/,False,1151724.1379310344
180000000.0,5.0,ЦАО,159.0,,13,13,2000,False,False,3.0,3,https://www.cian.ru/sale/flat/300650050/,False,1132075.4716981133
69950000.0,10.0,ЦАО,101.7,,7,9,,False,False,3.2,3,https://www.cian.ru/sale/flat/285861700/,False,687807.2763028515
148000000.0,3.0,ЦАО,150.0,,8,10,2011,False,False,,3,https://www.cian.ru/sale/flat/278927183/,False,986666.6666666666
21400000.0,12.0,САО,83.0,56.0,12,14,,False,False,,3,https://www.cian.ru/sale/flat/299339387/,False,257831.3253012048
43000000.0,10.0,СЗАО,97.9,58.9,41,53,2022,False,False,3.1,3,https://www.cian.ru/sale/flat/297047642/,False,439223.6976506639
39900000.0,18.0,ЗАО,78.18,28.0,23,41,2023,False,False,3.25,3,https://www.cian.ru/sale/flat/300051782/,False,510360.7060629316
20790000.0,19.0,СЗАО,60.2,46.4,6,12,1976,False,False,,3,https://www.cian.ru/sale/flat/300235601/,False,345348.8372093023
120000000.0,6.0,ЦАО,180.0,120.0,4,6,1914,False,False,,3,https://www.cian.ru/sale/flat/300539810/,False,666666.6666666666
99000000.0,14.0,ЦАО,93.0,74.0,7,24,,False,False,,3,https://www.cian.ru/sale/flat/296084770/,False,1064516.1290322582
291685820.0,2.0,ЦАО,160.8,120.0,7,9,2021,False,True,3.3,3,https://www.cian.ru/sale/flat/300002527/,False,1813966.5422885572
296485000.0,7.0,ЦАО,137.9,,2,4,2015,False,True,3.0,3,https://www.cian.ru/sale/flat/290706192/,False,2150000.0
59990000.0,12.0,СВАО,166.0,95.0,12,59,2015,False,False,3.05,3,https://www.cian.ru/sale/flat/296422373/,False,361385.5421686747
25500000.0,9.0,САО,61.3,42.8,2,7,1936,False,False,3.1,3,https://www.cian.ru/sale/flat/300790349/,False,415986.9494290375
155350000.0,14.0,ЦАО,119.5,46.2,8,15,,False,False,,3,https://www.cian.ru/sale/flat/300509267/,False,1300000.0
35000000.0,5.0,ЗАО,66.3,44.8,2,14,,False,False,,3,https://www.cian.ru/sale/flat/300509133/,False,527903.4690799396
130000000.0,9.0,ЦАО,149.9,,4,13,1998,False,False,3.2,3,https://www.cian.ru/sale/flat/296521536/,False,867244.8298865911
43000000.0,10.0,ЗАО,136.0,108.0,6,6,,False,True,,3,https://www.cian.ru/sale/flat/298882148/,False,316176.4705882353
49800000.0,13.0,ЮЗАО,123.9,79.0,16,32,2019,False,False,3.2,3,https://www.cian.ru/sale/flat/300466773/,False,401937.0460048426
215000000.0,5.0,ЦАО,126.0,81.0,2,6,2008,False,False,,3,https://www.cian.ru/sale/flat/284047364/,False,1706349.2063492064
115000000.0,9.0,ЦАО,106.2,,6,6,,False,False,,3,https://www.cian.ru/sale/flat/297295342/,False,1082862.5235404896
46000000.0,10.0,СЗАО,108.5,64.3,41,53,2022,False,False,3.1,3,https://www.cian.ru/sale/flat/299895032/,False,423963.133640553
31200000.0,8.0,ЗАО,82.5,50.0,15,31,2021,False,False,3.1,3,https://www.cian.ru/sale/flat/298067788/,False,378181.8181818182
23500000.0,16.0,СВАО,60.0,37.0,4,12,2022,False,False,2.7,3,https://www.cian.ru/sale/flat/297804958/,False,391666.6666666667
265500000.0,10.0,ЦАО,161.6,,2,8,,False,False,4.0,3,https://www.cian.ru/sale/flat/276681309/,False,1642945.5445544554
230000000.0,16.0,ЦАО,142.0,,5,11,,False,False,3.2,3,https://www.cian.ru/sale/flat/300439781/,False,1619718.309859155
42500000.0,5.0,ЗАО,123.0,60.0,23,24,2017,False,False,2.8,3,https://www.cian.ru/sale/flat/300865008/,False,345528.4552845528
58800000.0,20.0,ЮЗАО,162.0,65.0,38,48,,False,False,,3,https://www.cian.ru/sale/flat/298163639/,False,362962.962962963
23700000.0,4.0,ЦАО,60.5,,6,10,1966,False,False,2.7,3,https://www.cian.ru/sale/flat/292752282/,False,391735.53719008266
206000000.0,14.0,ЦАО,125.18,44.1,8,15,,False,False,,3,https://www.cian.ru/sale/flat/300509132/,False,1645630.2923789741
53300000.0,12.0,ЮЗАО,161.3,88.0,3,18,2005,False,False,3.1,3,https://www.cian.ru/sale/flat/300545035/,False,330440.1735895846
127000000.0,9.0,ЦАО,128.0,,6,21,2023,False,False,3.1,3,https://www.cian.ru/sale/flat/297776226/,False,992187.5
79000000.0,6.0,ЦАО,119.0,64.7,14,17,1998,False,False,3.2,3,https://www.cian.ru/sale/flat/296315046/,False,663865.5462184874
120000000.0,7.0,ЦАО,116.78,,5,21,,False,False,,3,https://www.cian.ru/sale/flat/300691853/,False,1027573.2145915396
33800000.0,5.0,СВАО,95.2,57.7,20,23,2008,False,False,2.95,3,https://www.cian.ru/sale/flat/299921587/,False,355042.0168067227
67500000.0,6.0,ЮАО,114.7,83.0,19,22,2008,False,False,3.0,3,https://www.cian.ru/sale/flat/299603108/,False,588491.7175239755
34990000.0,12.0,СВАО,62.0,30.0,15,18,2021,False,True,,3,https://www.cian.ru/sale/flat/298378867/,False,564354.8387096775
51000000.0,8.0,ЗАО,84.8,44.0,16,39,2022,False,False,,3,https://www.cian.ru/sale/flat/300843917/,False,601415.0943396227
80000000.0,9.0,САО,106.0,,13,15,2017,False,False,3.15,3,https://www.cian.ru/sale/flat/299570606/,False,754716.9811320754
150000000.0,11.0,ЦАО,106.7,76.7,6,8,2019,False,True,,3,https://www.cian.ru/sale/flat/298051841/,False,1405810.6841611995
309657431.0,6.0,ЦАО,219.4,48.1,4,6,,False,False,,3,https://www.cian.ru/sale/flat/300509386/,False,1411383.003646308
91000000.0,1.0,ЦАО,130.0,,69,95,2017,False,True,3.5,3,https://www.cian.ru/sale/flat/300317865/,False,700000.0
77000000.0,8.0,САО,107.6,,3,24,2019,False,False,3.4,3,https://www.cian.ru/sale/flat/290884000/,False,715613.3828996283
13900000.0,6.0,ЮАО,84.0,46.2,2,22,2023,False,False,,3,https://www.cian.ru/sale/flat/300655380/,False,165476.19047619047
58800000.0,20.0,ЮЗАО,162.0,,38,51,2010,False,False,3.0,3,https://www.cian.ru/sale/flat/297707010/,False,362962.962962963
35000000.0,14.0,ЮАО,66.8,28.6,5,7,2022,False,False,,3,https://www.cian.ru/sale/flat/291358498/,False,523952.09580838325
31500000.0,4.0,ЗАО,68.8,52.0,12,12,2022,False,True,3.6,3,https://www.cian.ru/sale/flat/296898956/,False,457848.83720930235
25500000.0,3.0,ЗАО,72.3,51.5,4,5,1961,False,False,2.65,3,https://www.cian.ru/sale/flat/300427615/,False,352697.09543568466
51000000.0,15.0,ЮАО,100.0,,5,9,1940,False,False,3.0,3,https://www.cian.ru/sale/flat/300006000/,False,510000.0
27000000.0,10.0,СЗАО,63.5,,5,19,2023,False,False,2.9,3,https://www.cian.ru/sale/flat/300575961/,False,425196.85039370076
182560000.0,9.0,ЦАО,114.1,,6,12,,False,False,3.2,3,https://www.cian.ru/sale/flat/285557021/,False,1600000.0
16800000.0,19.0,САО,61.0,,3,9,1970,False,False,2.64,3,https://www.cian.ru/sale/flat/300773184/,False,275409.8360655738
133560000.0,10.0,ЦАО,111.3,,4,6,2023,False,True,3.0,3,https://www.cian.ru/sale/flat/298296903/,False,1200000.0
231222680.0,5.0,ЦАО,140.0,,2,4,1903,False,False,3.5,3,https://www.cian.ru/sale/flat/299892821/,False,1651590.5714285714
215000000.0,11.0,ЦАО,142.8,,6,8,2019,False,True,3.3,3,https://www.cian.ru/sale/flat/290012403/,False,1505602.2408963584
80000000.0,9.0,ЦАО,90.0,,2,7,1933,False,False,3.0,3,https://www.cian.ru/sale/flat/300144349/,False,888888.8888888889
75000000.0,6.0,ЗАО,139.0,101.0,11,15,2005,False,False,3.0,3,https://www.cian.ru/sale/flat/300532384/,False,539568.345323741
215000000.0,10.0,ЦАО,118.0,,2,9,2022,False,True,,3,https://www.cian.ru/sale/flat/300022362/,False,1822033.8983050848
140000000.0,7.0,ЦАО,137.0,,5,21,,False,False,,3,https://www.cian.ru/sale/flat/300509158/,False,1021897.8102189781
51500000.0,1.0,САО,125.0,,16,18,2002,False,False,,3,https://www.cian.ru/sale/flat/297173722/,False,412000.0
84000000.0,4.0,ЗАО,135.0,80.0,25,34,2011,False,False,,3,https://www.cian.ru/sale/flat/296202968/,False,622222.2222222222
130000000.0,9.0,ЦАО,150.0,103.0,3,13,1998,False,False,3.0,3,https://www.cian.ru/sale/flat/298642379/,False,866666.6666666666
175000000.0,9.0,ЦАО,150.0,,5,14,2019,False,False,3.6,3,https://www.cian.ru/sale/flat/300293015/,False,1166666.6666666667
60500000.0,,САО,125.0,,15,25,,False,True,,3,https://www.cian.ru/sale/flat/285995089/,False,484000.0
14500000.0,5.0,ЮАО,68.5,53.6,4,9,1971,False,False,2.64,3,https://www.cian.ru/sale/flat/299731595/,False,211678.8321167883
28500000.0,3.0,ЗАО,74.0,50.5,10,17,,False,False,,3,https://www.cian.ru/sale/flat/300384258/,False,385135.13513513515
35490000.0,4.0,ЦАО,90.0,65.0,3,6,1927,False,False,3.0,3,https://www.cian.ru/sale/flat/300539725/,False,394333.3333333333
29900000.0,8.0,ЗАО,70.0,44.0,20,31,2021,False,False,3.1,3,https://www.cian.ru/sale/flat/281433717/,False,427142.85714285716
230000000.0,10.0,ЦАО,150.0,,5,10,2014,False,False,3.4,3,https://www.cian.ru/sale/flat/299728123/,False,1533333.3333333333
195840000.0,10.0,ЦАО,108.8,,4,9,2023,False,False,,3,https://www.cian.ru/sale/flat/285924764/,False,1800000.0
25400000.0,19.0,СВАО,87.6,53.7,1,11,1978,False,False,2.65,3,https://www.cian.ru/sale/flat/298879854/,False,289954.3378995434
23899990.0,8.0,СЗАО,75.0,,9,16,1981,False,False,2.64,3,https://www.cian.ru/sale/flat/300681396/,False,318666.5333333333
49900000.0,8.0,САО,65.0,30.0,8,24,2022,False,False,3.0,3,https://www.cian.ru/sale/flat/300214839/,False,767692.3076923077
170000000.0,6.0,ЦАО,97.0,,7,13,2022,False,False,3.0,3,https://www.cian.ru/sale/flat/292537223/,False,1752577.3195876288
16800000.0,4.0,ЮВАО,78.0,31.0,14,14,,False,False,,3,https://www.cian.ru/sale/flat/299166516/,False,215384.61538461538
24500000.0,18.0,ВАО,80.0,55.0,19,24,2021,False,False,2.9,3,https://www.cian.ru/sale/flat/300909618/,False,306250.0
51000000.0,10.0,ЦАО,75.6,43.8,7,9,1946,False,False,3.2,3,https://www.cian.ru/sale/flat/297675648/,False,674603.1746031747
209000000.0,10.0,ЦАО,135.08,73.0,5,12,,False,False,,3,https://www.cian.ru/sale/flat/300509034/,False,1547231.2703583061
144224525.0,3.0,ЦАО,191.6,,22,65,2008,False,True,3.0,3,https://www.cian.ru/sale/flat/276109910/,False,752737.6043841336
53000000.0,11.0,СВАО,93.6,48.0,4,9,2019,False,False,3.25,3,https://www.cian.ru/sale/flat/299789718/,False,566239.3162393162
96705000.0,5.0,ЗАО,92.1,,8,13,,False,False,3.1,3,https://www.cian.ru/sale/flat/295915768/,False,1050000.0
69400000.0,11.0,ЦАО,138.8,,18,29,2021,False,False,3.0,3,https://www.cian.ru/sale/flat/292721087/,False,499999.99999999994
52000000.0,2.0,ЮАО,92.0,54.0,9,12,,False,False,2.8,3,https://www.cian.ru/sale/flat/300464111/,False,565217.3913043478
215000000.0,5.0,ЦАО,119.0,,2,6,,False,False,3.4,3,https://www.cian.ru/sale/flat/295467331/,False,1806722.6890756302
44000000.0,4.0,СЗАО,82.0,,29,49,2023,False,False,,3,https://www.cian.ru/sale/flat/299226829/,False,536585.3658536585
77000000.0,12.0,ЗАО,97.4,51.0,2,12,2023,False,False,,3,https://www.cian.ru/sale/flat/297731682/,False,790554.4147843942
39900000.0,4.0,ВАО,96.4,57.4,12,20,2017,False,False,,3,https://www.cian.ru/sale/flat/299296109/,False,413900.4149377593
52990000.0,13.0,САО,83.67,65.4,5,12,2023,False,False,,3,https://www.cian.ru/sale/flat/299606888/,False,633321.3816182622
45000000.0,15.0,СЗАО,85.8,,28,37,,False,True,,3,https://www.cian.ru/sale/flat/289857578/,False,524475.5244755244
154000000.0,11.0,ЦАО,138.1,67.9,4,14,,False,False,,3,https://www.cian.ru/sale/flat/300508756/,False,1115133.9608979002
376368800.0,9.0,ЦАО,180.9,,3,9,2003,False,False,3.1,3,https://www.cian.ru/sale/flat/291590056/,False,2080535.1022664455
81000000.0,6.0,ЦАО,101.9,65.0,63,68,2019,False,True,3.5,3,https://www.cian.ru/sale/flat/297157541/,False,794896.9578017663
59000000.0,12.0,ЗАО,76.0,,15,51,,False,False,,3,https://www.cian.ru/sale/flat/293515367/,False,776315.7894736842
148000000.0,3.0,ЦАО,149.9,86.0,8,11,,False,False,3.37,3,https://www.cian.ru/sale/flat/281492779/,False,987324.8832555036
100000000.0,9.0,ЦАО,118.0,,4,14,1998,False,False,3.2,3,https://www.cian.ru/sale/flat/292984012/,False,847457.6271186441
41990000.0,5.0,ЮАО,61.7,,1,2,2022,False,True,3.3,3,https://www.cian.ru/sale/flat/295670405/,False,680551.0534846028
186000000.0,10.0,ЦАО,186.0,,2,8,2005,False,False,3.2,3,https://www.cian.ru/sale/flat/299926797/,False,1000000.0
195000000.0,4.0,ЦАО,160.0,140.0,3,3,,False,True,,3,https://www.cian.ru/sale/flat/297423705/,False,1218750.0
35700000.0,12.0,ЦАО,70.6,41.5,6,11,1955,False,False,3.2,3,https://www.cian.ru/sale/flat/300525625/,False,505665.7223796034
31500000.0,11.0,СЗАО,92.6,,10,21,2020,False,False,3.0,3,https://www.cian.ru/sale/flat/297267996/,False,340172.78617710585
67499000.0,1.0,ЦАО,88.0,48.0,2,5,1912,False,False,3.2,3,https://www.cian.ru/sale/flat/300427220/,False,767034.0909090909
160000000.0,11.0,ЦАО,114.99,70.2,7,11,,False,False,,3,https://www.cian.ru/sale/flat/300509279/,False,1391425.341334029
17500000.0,17.0,Неизвестно,60.0,,4,9,1972,False,False,2.64,3,https://www.cian.ru/sale/flat/299839415/,False,291666.6666666667
200000000.0,13.0,ЦАО,209.0,,4,6,2012,False,False,5.1,3,https://www.cian.ru/sale/flat/292721096/,False,956937.7990430621
135000000.0,11.0,ЦАО,107.11,,10,14,,False,False,,3,https://www.cian.ru/sale/flat/300509047/,False,1260386.51853235
93000000.0,7.0,ЦАО,110.0,75.4,2,5,1912,False,False,3.5,3,https://www.cian.ru/sale/flat/297904821/,False,845454.5454545454
28900000.0,19.0,СЗАО,92.6,47.0,2,17,2017,False,False,2.8,3,https://www.cian.ru/sale/flat/299030863/,False,312095.0323974082
174100000.0,7.0,ЦАО,114.1,56.6,6,12,,False,False,,3,https://www.cian.ru/sale/flat/300508734/,False,1525854.513584575
207002840.0,11.0,ЦАО,164.0,105.0,3,5,,False,False,3.3,3,https://www.cian.ru/sale/flat/293982392/,False,1262212.4390243902
75000000.0,14.0,ЗАО,100.0,,21,28,,False,False,3.0,3,https://www.cian.ru/sale/flat/298227447/,False,750000.0
28200000.0,15.0,ВАО,99.4,,15,21,2022,False,True,3.0,3,https://www.cian.ru/sale/flat/300817839/,False,283702.2132796781
32890000.0,8.0,ЗАО,86.1,52.2,20,35,,False,False,,3,https://www.cian.ru/sale/flat/298661948/,False,381997.67711962835
105000000.0,2.0,ЗАО,136.2,,13,15,,False,False,,3,https://www.cian.ru/sale/flat/294090489/,False,770925.1101321586
60000000.0,5.0,ЗАО,113.5,60.5,21,25,2021,False,False,3.1,3,https://www.cian.ru/sale/flat/299244990/,False,528634.3612334802
89900000.0,4.0,ЦАО,93.4,,2,7,2016,False,True,3.5,3,https://www.cian.ru/sale/flat/297311898/,False,962526.766595289
169990000.0,6.0,ЦАО,97.0,51.2,7,13,,False,False,,3,https://www.cian.ru/sale/flat/295916354/,False,1752474.2268041237
43847699.0,6.0,ЦАО,78.23,56.8,13,14,,False,False,,3,https://www.cian.ru/sale/flat/299773785/,False,560497.2389109037
43000000.0,7.0,ЗАО,76.0,,13,26,2021,False,False,3.1,3,https://www.cian.ru/sale/flat/291456629/,False,565789.4736842106
145748818.0,15.0,ЗАО,105.1,,10,11,2020,False,False,3.3,3,https://www.cian.ru/sale/flat/287168354/,False,1386763.254043768
18995000.0,14.0,ЮЗАО,81.0,50.0,13,14,1992,False,False,2.7,3,https://www.cian.ru/sale/flat/296922765/,False,234506.17283950618
18500000.0,17.0,САО,73.0,53.0,5,5,1960,False,False,,3,https://www.cian.ru/sale/flat/300788549/,False,253424.65753424657
29000000.0,7.0,СВАО,75.0,47.0,5,14,2010,False,False,2.7,3,https://www.cian.ru/sale/flat/300821065/,False,386666.6666666667
99000000.0,19.0,ЦАО,83.0,28.0,14,20,,False,False,3.25,3,https://www.cian.ru/sale/flat/299232975/,False,1192771.0843373493
97000000.0,12.0,ЮАО,136.7,64.5,15,18,2017,False,False,3.0,3,https://www.cian.ru/sale/flat/300059754/,False,709583.028529627
64999000.0,14.0,ЗАО,90.0,60.0,13,28,,False,False,3.0,3,https://www.cian.ru/sale/flat/295856465/,False,722211.1111111111
89900000.0,15.0,ЗАО,105.6,62.0,10,18,2026,False,False,3.2,3,https://www.cian.ru/sale/flat/298735155/,False,851325.7575757576
18200000.0,13.0,ЮЗАО,96.4,60.0,1,10,1961,False,True,2.65,3,https://www.cian.ru/sale/flat/299430544/,False,188796.6804979253
153000000.0,6.0,ЦАО,94.1,,2,8,2017,False,False,4.0,3,https://www.cian.ru/sale/flat/292755587/,False,1625929.8618490968
85000000.0,13.0,ЗАО,110.0,,13,44,2017,False,False,3.1,3,https://www.cian.ru/sale/flat/292583669/,False,772727.2727272727
46898000.0,5.0,ЗАО,73.0,44.0,11,14,,False,False,,3,https://www.cian.ru/sale/flat/296263456/,False,642438.3561643836
126650000.0,6.0,ЦАО,138.0,86.0,7,7,2003,False,False,2.9,3,https://www.cian.ru/sale/flat/292409934/,False,917753.6231884058
32160000.0,13.0,САО,107.2,66.1,2,22,2010,False,False,3.1,3,https://www.cian.ru/sale/flat/292936310/,False,300000.0
185000000.0,1.0,ЦАО,239.0,,53,75,,False,True,,3,https://www.cian.ru/sale/flat/300276868/,False,774058.5774058577
17500000.0,9.0,ЮАО,63.0,41.0,8,9,1971,False,False,2.64,3,https://www.cian.ru/sale/flat/298462548/,False,277777.77777777775
32490000.0,7.0,ЦАО,57.4,37.1,6,8,1933,False,False,3.0,3,https://www.cian.ru/sale/flat/297066005/,False,566027.8745644599
170000000.0,9.0,ЦАО,193.0,,5,5,1900,False,False,3.2,3,https://www.cian.ru/sale/flat/299754349/,False,880829.0155440414
179000000.0,10.0,ЦАО,113.9,56.6,6,12,,False,False,,3,https://www.cian.ru/sale/flat/300509269/,False,1571553.9947322211
21350000.0,4.0,ЮАО,94.0,52.3,5,11,2020,False,False,2.8,3,https://www.cian.ru/sale/flat/295360323/,False,227127.6595744681
32000000.0,7.0,ЦАО,70.0,,9,9,1957,False,False,3.0,3,https://www.cian.ru/sale/flat/293186399/,False,457142.85714285716
77000000.0,11.0,ЦАО,98.3,62.0,2,8,2007,False,False,3.0,3,https://www.cian.ru/sale/flat/298804885/,False,783316.3784333672
301095040.0,7.0,ЦАО,154.2,97.0,3,7,,False,False,,3,https://www.cian.ru/sale/flat/298111075/,False,1952626.7185473412
24900000.0,19.0,ЮАО,69.0,35.0,5,24,,False,True,,3,https://www.cian.ru/sale/flat/299294154/,False,360869.5652173913
18300000.0,12.0,ЮАО,64.6,44.2,11,12,1966,False,False,,3,https://www.cian.ru/sale/flat/298678425/,False,283281.7337461301
85400000.0,3.0,ЦАО,122.0,,43,78,2019,False,True,3.9,3,https://www.cian.ru/sale/flat/296585885/,False,700000.0
86800000.0,3.0,ЦАО,124.0,,49,78,2019,False,True,3.9,3,https://www.cian.ru/sale/flat/296587173/,False,700000.0
35900000.0,8.0,ЗАО,64.0,38.0,20,31,,False,False,,3,https://www.cian.ru/sale/flat/298985344/,False,560937.5
22990000.0,8.0,ЦАО,68.5,38.8,4,6,1914,False,False,3.2,3,https://www.cian.ru/sale/flat/299495945/,False,335620.4379562044
74900000.0,6.0,ЦАО,171.0,,7,12,,False,True,,3,https://www.cian.ru/sale/flat/241370449/,False,438011.69590643275
70000000.0,8.0,САО,109.0,65.0,12,12,2019,False,True,3.2,3,https://www.cian.ru/sale/flat/300337230/,False,642201.8348623853
98000000.0,9.0,ЦАО,83.0,59.0,9,14,2013,False,False,3.0,3,https://www.cian.ru/sale/flat/300116453/,False,1180722.8915662651
31900000.0,9.0,ЦАО,60.0,42.7,5,5,1926,False,False,3.0,3,https://www.cian.ru/sale/flat/298880124/,False,531666.6666666666
135000000.0,6.0,ЦАО,100.0,39.0,8,10,,False,False,3.3,3,https://www.cian.ru/sale/flat/300608374/,False,1350000.0
164000000.0,4.0,ЦАО,137.0,,3,6,2015,False,True,4.0,3,https://www.cian.ru/sale/flat/299896223/,False,1197080.291970803
99000000.0,10.0,ЦАО,110.5,61.0,2,6,1912,False,False,3.0,3,https://www.cian.ru/sale/flat/295370167/,False,895927.6018099547
67500000.0,1.0,ЦАО,88.0,,2,5,,False,False,3.2,3,https://www.cian.ru/sale/flat/298956116/,False,767045.4545454546
7500000.0,16.0,ЮВАО,79.1,55.4,5,5,1957,False,False,2.8,3,https://www.cian.ru/sale/flat/298969111/,False,94816.68773704172
185000000.0,7.0,ЦАО,117.7,,4,8,,False,False,3.2,3,https://www.cian.ru/sale/flat/298508096/,False,1571792.6932880203
44902000.0,5.0,ЗАО,81.0,54.0,6,14,,False,False,,3,https://www.cian.ru/sale/flat/298830282/,False,554345.6790123457
14999999.0,14.0,ЮАО,63.5,39.1,9,9,1972,False,False,2.64,3,https://www.cian.ru/sale/flat/296199584/,False,236220.45669291337
197000000.0,9.0,ЦАО,160.0,,5,6,2018,False,True,3.35,3,https://www.cian.ru/sale/flat/287963659/,False,1231250.0
21999000.0,8.0,ЮАО,55.4,30.4,6,15,2017,False,True,3.0,3,https://www.cian.ru/sale/flat/300440420/,False,397093.86281588447
46500000.0,5.0,СЗАО,142.6,70.0,18,25,2007,False,False,3.0,3,https://www.cian.ru/sale/flat/300872415/,False,326086.95652173914
40800000.0,22.0,ЮАО,99.0,50.5,9,12,2022,False,False,3.0,3,https://www.cian.ru/sale/flat/295678960/,False,412121.2121212121
103501420.0,4.0,ЦАО,111.3,69.2,4,10,2008,False,False,,3,https://www.cian.ru/sale/flat/211521310/,False,929931.8957771788
135000000.0,3.0,ЦАО,135.0,80.0,4,12,2005,False,False,3.0,3,https://www.cian.ru/sale/flat/294593364/,False,1000000.0
75000000.0,10.0,САО,116.0,90.0,18,57,,False,False,,3,https://www.cian.ru/sale/flat/297857392/,False,646551.724137931
84000000.0,3.0,ЦАО,120.0,,38,78,2019,False,True,3.9,3,https://www.cian.ru/sale/flat/296587634/,False,700000.0
39988700.0,5.0,ЗАО,68.0,41.0,1,14,,False,False,,3,https://www.cian.ru/sale/flat/300771490/,False,588069.1176470588
85000000.0,3.0,ЗАО,108.1,73.0,7,14,1955,False,False,3.2,3,https://www.cian.ru/sale/flat/290380799/,False,786308.973172988
31600000.0,7.0,ЦАО,70.0,,8,9,2020,False,True,3.5,3,https://www.cian.ru/sale/flat/296712767/,False,451428.5714285714
442233340.0,10.0,ЦАО,156.0,110.0,2,6,,False,False,,3,https://www.cian.ru/sale/flat/288318449/,False,2834829.1025641025
44000000.0,7.0,ЗАО,75.0,,10,26,2021,False,False,3.2,3,https://www.cian.ru/sale/flat/292246278/,False,586666.6666666666
376368800.0,11.0,ЦАО,160.0,,3,7,2017,False,False,3.4,3,https://www.cian.ru/sale/flat/294196446/,False,2352305.0
182000000.0,11.0,ЦАО,184.6,,2,8,,False,False,,3,https://www.cian.ru/sale/flat/300509109/,False,985915.4929577465
49900000.0,8.0,САО,65.0,,8,24,2022,False,False,3.1,3,https://www.cian.ru/sale/flat/299169888/,False,767692.3076923077
95700000.0,13.0,ЦАО,87.0,62.0,2,7,2021,False,True,,3,https://www.cian.ru/sale/flat/294741490/,False,1100000.0
301095040.0,2.0,ЦАО,160.8,43.0,7,9,2023,False,True,,3,https://www.cian.ru/sale/flat/297872122/,False,1872481.592039801
130707000.0,9.0,ЦАО,94.0,75.0,12,14,,False,False,,3,https://www.cian.ru/sale/flat/296777810/,False,1390500.0
36988700.0,5.0,ЗАО,70.0,50.0,3,14,,False,False,,3,https://www.cian.ru/sale/flat/300396676/,False,528410.0
33500000.0,13.0,ЗАО,70.0,42.0,12,22,2018,False,False,3.0,3,https://www.cian.ru/sale/flat/300329022/,False,478571.4285714286
84770000.0,12.0,ЦАО,121.1,,4,15,2000,False,False,3.0,3,https://www.cian.ru/sale/flat/296514916/,False,700000.0
115000000.0,2.0,ЦАО,126.0,40.0,73,79,,False,True,3.9,3,https://www.cian.ru/sale/flat/294002765/,False,912698.4126984127
357500000.0,5.0,ЦАО,116.8,,5,7,2016,False,False,3.85,3,https://www.cian.ru/sale/flat/272629978/,False,3060787.671232877
300000000.0,11.0,ЦАО,151.3,,2,7,2018,False,False,3.2,3,https://www.cian.ru/sale/flat/292408704/,False,1982815.598149372
13200000.0,16.0,СВАО,53.0,35.3,1,9,1974,False,False,2.6,3,https://www.cian.ru/sale/flat/295331890/,False,249056.6037735849
44500000.0,7.0,ЮЗАО,81.0,56.0,20,40,2012,False,False,3.0,3,https://www.cian.ru/sale/flat/299078813/,False,549382.7160493827
34000000.0,12.0,ВАО,107.3,60.1,18,29,,False,False,3.0,3,https://www.cian.ru/sale/flat/300103086/,False,316868.5927306617
63800000.0,11.0,ЦАО,127.6,,22,29,2021,False,False,3.0,3,https://www.cian.ru/sale/flat/292721084/,False,500000.0
78700000.0,4.0,САО,84.5,35.0,16,17,2023,False,True,3.2,3,https://www.cian.ru/sale/flat/300587718/,False,931360.9467455621
95000000.0,10.0,ЦАО,160.0,,3,7,1914,False,True,,3,https://www.cian.ru/sale/flat/300887660/,False,593750.0
55000000.0,7.0,ЮЗАО,114.0,69.0,4,22,2004,False,False,3.0,3,https://www.cian.ru/sale/flat/299316746/,False,482456.1403508772
115000000.0,7.0,ЦАО,96.0,67.2,9,20,,False,False,3.0,3,https://www.cian.ru/sale/flat/300556446/,False,1197916.6666666667
22500000.0,,СЗАО,76.7,43.7,10,22,,False,False,2.5,3,https://www.cian.ru/sale/flat/299253715/,False,293350.71707953064
78000000.0,4.0,ЮАО,85.2,41.6,9,18,,False,False,,3,https://www.cian.ru/sale/flat/292980150/,False,915492.9577464788
85000000.0,11.0,ЦАО,112.5,,3,7,2013,False,True,3.5,3,https://www.cian.ru/sale/flat/247716276/,False,755555.5555555555
89999999.0,8.0,ЗАО,96.0,76.0,8,9,,False,False,,3,https://www.cian.ru/sale/flat/297954913/,False,937499.9895833334
91000000.0,9.0,ЦАО,87.6,58.0,7,21,2023,False,False,3.0,3,https://www.cian.ru/sale/flat/296785937/,False,1038812.7853881279
67990000.0,10.0,САО,115.0,,3,57,2006,False,False,3.15,3,https://www.cian.ru/sale/flat/295950251/,False,591217.3913043478
50600000.0,10.0,ЗАО,103.0,,3,25,2005,False,False,3.0,3,https://www.cian.ru/sale/flat/296703405/,False,491262.1359223301
49500000.0,18.0,ЗАО,103.1,,12,28,2011,False,False,3.0,3,https://www.cian.ru/sale/flat/299059095/,False,480116.39185257035
105000000.0,2.0,ЦАО,202.0,,37,75,2010,False,True,3.0,3,https://www.cian.ru/sale/flat/294369416/,False,519801.9801980198
53000000.0,13.0,САО,94.0,60.0,14,20,,False,True,2.9,3,https://www.cian.ru/sale/flat/272037601/,False,563829.7872340425
194800000.0,8.0,ЗАО,160.8,80.0,47,54,2012,False,False,,3,https://www.cian.ru/sale/flat/297615874/,False,1211442.7860696516
66000000.0,5.0,ЗАО,161.6,,5,25,2014,False,False,3.0,3,https://www.cian.ru/sale/flat/289978007/,False,408415.8415841584
112000000.0,9.0,ЦАО,126.0,63.0,3,6,2017,False,True,3.4,3,https://www.cian.ru/sale/flat/298496616/,False,888888.8888888889
188184400.0,6.0,ЦАО,180.0,70.0,2,15,,False,False,,3,https://www.cian.ru/sale/flat/287044518/,False,1045468.8888888889
58200000.0,4.0,САО,85.0,40.0,13,17,2023,False,True,,3,https://www.cian.ru/sale/flat/300930910/,False,684705.8823529412
27000000.0,10.0,СВАО,78.0,45.0,2,35,2022,False,False,3.1,3,https://www.cian.ru/sale/flat/298346378/,False,346153.8461538461
290000000.0,5.0,ЦАО,162.0,71.0,3,6,2008,False,False,,3,https://www.cian.ru/sale/flat/284017557/,False,1790123.4567901234
215000000.0,11.0,ЦАО,144.0,,6,8,,False,True,3.2,3,https://www.cian.ru/sale/flat/286239370/,False,1493055.5555555555
200000000.0,10.0,ЦАО,150.0,,11,11,,False,False,,3,https://www.cian.ru/sale/flat/300592030/,False,1333333.3333333333
85000000.0,6.0,ЦАО,90.6,32.0,7,79,2019,False,True,,3,https://www.cian.ru/sale/flat/298476765/,False,938189.8454746137
100000000.0,4.0,ЗАО,130.0,84.0,22,55,,False,False,3.1,3,https://www.cian.ru/sale/flat/295454334/,False,769230.7692307692
231222680.0,5.0,ЦАО,140.0,,2,5,,False,False,3.5,3,https://www.cian.ru/sale/flat/300883472/,False,1651590.5714285714
70569150.0,4.0,ЦАО,78.1,,5,6,1952,False,False,4.0,3,https://www.cian.ru/sale/flat/291597053/,False,903574.2637644047
30997904.0,4.0,ЮВАО,67.7,50.5,14,30,,False,False,,3,https://www.cian.ru/sale/flat/300759046/,False,457871.5509601181
233000000.0,6.0,ЦАО,155.0,,3,14,,False,False,,3,https://www.cian.ru/sale/flat/300825212/,False,1503225.8064516129
46000000.0,12.0,ЮЗАО,113.4,76.0,6,18,2005,False,False,3.0,3,https://www.cian.ru/sale/flat/269129840/,False,405643.7389770723
39900000.0,11.0,СЗАО,87.0,50.0,9,36,,False,False,,3,https://www.cian.ru/sale/flat/300276907/,False,458620.6896551724
55500000.0,7.0,ЮВАО,140.0,85.0,19,30,2012,False,False,3.0,3,https://www.cian.ru/sale/flat/300490460/,False,396428.5714285714
122319860.0,10.0,ЗАО,109.8,,7,15,2008,False,False,3.35,3,https://www.cian.ru/sale/flat/294566604/,False,1114024.2258652095
33000000.0,5.0,СЗАО,72.2,,4,44,2023,False,False,,3,https://www.cian.ru/sale/flat/298921999/,False,457063.7119113573
38000000.0,5.0,ЗАО,67.0,29.1,9,14,2023,False,False,,3,https://www.cian.ru/sale/flat/297078401/,False,567164.1791044776
13000000.0,6.0,СВАО,58.7,43.1,5,9,,False,False,,3,https://www.cian.ru/sale/flat/296210557/,False,221465.07666098807
67800000.0,9.0,СВАО,130.0,88.4,3,14,2002,False,False,3.0,3,https://www.cian.ru/sale/flat/300836809/,False,521538.46153846156
29990000.0,8.0,ЗАО,72.0,50.0,4,31,2021,False,False,3.1,3,https://www.cian.ru/sale/flat/298752474/,False,416527.77777777775
101000000.0,7.0,ЦАО,104.55,,11,21,,False,False,,3,https://www.cian.ru/sale/flat/300509442/,False,966044.9545671927
40000000.0,15.0,ЮЗАО,106.0,,5,15,,False,False,2.8,3,https://www.cian.ru/sale/flat/293186402/,False,377358.4905660377
242899015.0,6.0,ЦАО,185.0,,4,6,2005,False,False,3.4,3,https://www.cian.ru/sale/flat/300005884/,False,1312967.6486486488
150000000.0,10.0,ЦАО,150.5,85.0,5,6,1900,False,False,3.4,3,https://www.cian.ru/sale/flat/299912758/,False,996677.7408637874
197000000.0,9.0,ЦАО,160.0,,5,6,,False,True,,3,https://www.cian.ru/sale/flat/299654561/,False,1231250.0
23748680.0,4.0,ЮВАО,67.2,50.0,2,30,,False,False,,3,https://www.cian.ru/sale/flat/299771851/,False,353402.97619047615
79000000.0,6.0,ЦАО,119.0,,14,17,1998,False,False,3.2,3,https://www.cian.ru/sale/flat/300149305/,False,663865.5462184874
28300000.0,15.0,ЗАО,60.0,,22,29,2022,False,False,,3,https://www.cian.ru/sale/flat/297380955/,False,471666.6666666667
94000000.0,10.0,ЦАО,140.0,,4,6,1913,False,False,3.6,3,https://www.cian.ru/sale/flat/290012384/,False,671428.5714285715
121800000.0,11.0,ЦАО,87.0,,5,8,2021,False,True,,3,https://www.cian.ru/sale/flat/297325999/,False,1400000.0
69900000.0,6.0,ЦАО,74.0,29.0,3,6,1908,False,False,3.0,3,https://www.cian.ru/sale/flat/276058207/,False,944594.5945945946
190000000.0,14.0,ЦАО,170.0,108.5,4,6,,False,False,,3,https://www.cian.ru/sale/flat/300509033/,False,1117647.0588235294
97000000.0,2.0,ЦАО,220.0,,45,75,2010,False,True,3.0,3,https://www.cian.ru/sale/flat/294462390/,False,440909.0909090909
19200000.0,9.0,ЗАО,72.1,50.4,4,5,1954,False,False,3.0,3,https://www.cian.ru/sale/flat/300122099/,False,266296.8099861304
84990000.0,15.0,ЮЗАО,122.0,75.0,5,20,2019,False,False,3.0,3,https://www.cian.ru/sale/flat/300736517/,False,696639.344262295
140000000.0,17.0,ЗАО,128.0,68.0,25,34,2024,False,True,,3,https://www.cian.ru/sale/flat/299871876/,False,1093750.0
31400000.0,7.0,ЗАО,71.3,,29,38,2021,False,False,3.0,3,https://www.cian.ru/sale/flat/299415131/,False,440392.70687237027
32000000.0,6.0,САО,111.8,,2,6,1939,False,False,3.2,3,https://www.cian.ru/sale/flat/300646119/,False,286225.4025044723
115000000.0,7.0,ЦАО,104.55,,11,21,,False,False,,3,https://www.cian.ru/sale/flat/300509023/,False,1099952.1759923482
37000000.0,12.0,ЗАО,80.0,55.0,2,23,,False,False,3.0,3,https://www.cian.ru/sale/flat/300866682/,False,462500.0
250000000.0,6.0,ЦАО,124.5,75.0,3,8,2009,False,False,3.2,3,https://www.cian.ru/sale/flat/298000257/,False,2008032.1285140563
75273760.0,7.0,ЦАО,73.7,,4,5,1913,False,False,3.0,3,https://www.cian.ru/sale/flat/284310333/,False,1021353.5956580732
45990000.0,17.0,ЮЗАО,86.0,46.3,8,15,1957,False,False,3.0,3,https://www.cian.ru/sale/flat/300074477/,False,534767.4418604651
348141140.0,6.0,ЦАО,204.0,,8,22,2006,False,False,3.3,3,https://www.cian.ru/sale/flat/299606430/,False,1706574.2156862745
230000000.0,16.0,ЦАО,142.0,,5,11,2014,False,False,3.2,3,https://www.cian.ru/sale/flat/294646337/,False,1619718.309859155
32300000.0,4.0,ЮАО,80.0,54.0,4,8,1958,False,False,3.0,3,https://www.cian.ru/sale/flat/296395448/,False,403750.0
310000000.0,5.0,ЦАО,124.0,,7,9,2019,False,False,,3,https://www.cian.ru/sale/flat/289781524/,False,2500000.0
215000000.0,5.0,ЦАО,119.0,,2,6,2008,False,False,3.4,3,https://www.cian.ru/sale/flat/298749524/,False,1806722.6890756302
24900000.0,14.0,СВАО,69.0,47.0,4,16,2018,False,False,3.0,3,https://www.cian.ru/sale/flat/297493495/,False,360869.5652173913
95000000.0,7.0,ЦАО,92.2,,3,21,2023,False,False,3.0,3,https://www.cian.ru/sale/flat/300194610/,False,1030368.7635574837
67980000.0,10.0,САО,115.0,,5,57,2006,False,False,3.15,3,https://www.cian.ru/sale/flat/293977589/,False,591130.4347826086
125000000.0,11.0,ЦАО,95.5,,5,32,1952,False,False,3.2,3,https://www.cian.ru/sale/flat/285581103/,False,1308900.5235602094
188800000.0,4.0,ЗАО,150.0,,47,53,2012,False,False,5.0,3,https://www.cian.ru/sale/flat/299601528/,False,1258666.6666666667
17500000.0,11.0,ЗАО,60.0,43.2,6,9,1971,False,False,2.48,3,https://www.cian.ru/sale/flat/291312183/,False,291666.6666666667
28000000.0,9.0,СВАО,77.0,46.0,12,14,2010,False,False,2.65,3,https://www.cian.ru/sale/flat/299672279/,False,363636.36363636365
99500000.0,7.0,ЦАО,90.53,,11,21,,False,False,,3,https://www.cian.ru/sale/flat/300509439/,False,1099083.176847454
14800000.0,8.0,ВАО,57.9,41.3,8,9,1968,False,False,2.55,3,https://www.cian.ru/sale/flat/300824965/,False,255613.12607944733
159355000.0,14.0,ЦАО,138.57,,8,15,,False,False,,3,https://www.cian.ru/sale/flat/300508732/,False,1149996.3917153785
33000000.0,5.0,СЗАО,72.2,47.2,4,30,,False,False,,3,https://www.cian.ru/sale/flat/300748700/,False,457063.7119113573
43524000.0,6.0,ЦАО,80.6,,4,4,1917,False,True,4.0,3,https://www.cian.ru/sale/flat/294599592/,False,540000.0
55000000.0,13.0,ЗАО,158.3,105.8,18,28,1999,False,False,3.0,3,https://www.cian.ru/sale/flat/299097872/,False,347441.56664560956
20300000.0,20.0,ЮАО,64.7,49.7,14,16,,False,False,2.5,3,https://www.cian.ru/sale/flat/298879818/,False,313755.79598145286
209000000.0,10.0,ЦАО,135.08,73.0,5,12,,False,False,,3,https://www.cian.ru/sale/flat/300509115/,False,1547231.2703583061
78900000.0,11.0,Неизвестно,111.0,46.4,11,12,2013,False,False,3.1,3,https://www.cian.ru/sale/flat/291962442/,False,710810.8108108108
14000000.0,10.0,СЗАО,58.2,37.0,7,9,1968,False,False,2.64,3,https://www.cian.ru/sale/flat/298883796/,False,240549.82817869415
215000000.0,6.0,ЦАО,135.0,100.0,4,5,2023,False,False,3.4,3,https://www.cian.ru/sale/flat/293717850/,False,1592592.5925925926
30990000.0,1.0,ЗАО,82.5,56.0,15,39,2022,False,False,3.1,3,https://www.cian.ru/sale/flat/299857029/,False,375636.36363636365
53400000.0,13.0,ЦАО,73.4,,5,7,2020,False,True,3.0,3,https://www.cian.ru/sale/flat/292723695/,False,727520.4359673024
49950000.0,5.0,ЗАО,236.0,,2,25,2000,False,False,3.0,3,https://www.cian.ru/sale/flat/298804262/,False,211652.54237288135
16300000.0,6.0,СВАО,62.7,44.9,2,12,,False,False,,3,https://www.cian.ru/sale/flat/297881966/,False,259968.1020733652
11995000.0,11.0,ВАО,59.0,42.0,1,9,1971,False,False,2.64,3,https://www.cian.ru/sale/flat/300988379/,False,203305.08474576272
96914966.0,7.0,ЦАО,103.5,,3,7,1947,False,False,3.0,3,https://www.cian.ru/sale/flat/239124088/,False,936376.4830917874
34000000.0,11.0,САО,77.5,37.3,8,19,,False,False,3.1,3,https://www.cian.ru/sale/flat/300247583/,False,438709.67741935485
48500000.0,17.0,ЦАО,90.8,54.1,13,23,2008,False,False,3.1,3,https://www.cian.ru/sale/flat/300818689/,False,534140.9691629956
133200000.0,5.0,ЗАО,111.0,,6,8,2020,False,False,,3,https://www.cian.ru/sale/flat/282550381/,False,1200000.0
52000000.0,5.0,СЗАО,83.5,48.7,25,44,,False,False,,3,https://www.cian.ru/sale/flat/298973379/,False,622754.4910179641
310000000.0,11.0,ЦАО,207.0,,17,18,2016,False,False,4.2,3,https://www.cian.ru/sale/flat/300522113/,False,1497584.5410628018
26800000.0,5.0,СЗАО,66.3,,6,25,2023,False,False,3.1,3,https://www.cian.ru/sale/flat/300738314/,False,404223.22775263956
33000000.0,19.0,ЗАО,94.0,57.0,30,30,,False,False,,3,https://www.cian.ru/sale/flat/300855497/,False,351063.829787234
81980000.0,19.0,ЗАО,156.0,,7,24,2014,False,False,,3,https://www.cian.ru/sale/flat/299936366/,False,525512.8205128205
59990000.0,10.0,СВАО,167.0,103.7,12,59,2015,False,False,3.05,3,https://www.cian.ru/sale/flat/295915324/,False,359221.55688622757
160500000.0,13.0,ЦАО,107.5,,6,13,,False,False,,3,https://www.cian.ru/sale/flat/300508744/,False,1493023.2558139535
22450000.0,13.0,ЮАО,75.0,48.0,7,17,,False,False,,3,https://www.cian.ru/sale/flat/300820910/,False,299333.3333333333
73990000.0,7.0,ЦАО,150.0,96.0,8,9,2003,False,False,3.0,3,https://www.cian.ru/sale/flat/297693816/,False,493266.6666666667
39999999.0,27.0,ЗАО,68.7,,6,13,,False,False,,3,https://www.cian.ru/sale/flat/300509005/,False,582241.615720524
52000000.0,11.0,САО,70.6,46.0,9,36,2021,False,False,,3,https://www.cian.ru/sale/flat/300861931/,False,736543.909348442
150000000.0,10.0,ЦАО,107.0,85.0,6,8,,False,True,,3,https://www.cian.ru/sale/flat/300875918/,False,1401869.1588785048
90000000.0,6.0,ЗАО,111.0,,10,12,,False,False,,3,https://www.cian.ru/sale/flat/300509123/,False,810810.8108108108
95000000.0,7.0,ЦАО,92.12,60.0,3,21,2023,False,False,,3,https://www.cian.ru/sale/flat/296838583/,False,1031263.5692574902
18500000.0,13.0,ЮВАО,80.1,48.7,5,12,1983,False,False,2.64,3,https://www.cian.ru/sale/flat/300733347/,False,230961.29837702872
13800000.0,16.0,САО,62.5,44.7,5,12,1981,False,False,2.6,3,https://www.cian.ru/sale/flat/299459192/,False,220800.0
159355500.0,14.0,ЦАО,138.57,,8,15,,False,False,,3,https://www.cian.ru/sale/flat/300509268/,False,1150000.0
61000000.0,16.0,СЗАО,96.0,33.0,14,36,2018,False,False,,3,https://www.cian.ru/sale/flat/298973372/,False,635416.6666666666
20000000.0,12.0,ЮВАО,74.7,43.9,3,17,1990,False,False,2.64,3,https://www.cian.ru/sale/flat/300752416/,False,267737.61713520746
14500000.0,8.0,ЮАО,65.0,40.0,13,16,1983,False,False,,3,https://www.cian.ru/sale/flat/299899341/,False,223076.92307692306
14900000.0,3.0,ЮВАО,74.0,43.0,11,19,2010,False,False,,3,https://www.cian.ru/sale/flat/299292844/,False,201351.35135135136
12999999.0,13.0,СВАО,58.3,41.4,2,9,1980,False,False,2.64,3,https://www.cian.ru/sale/flat/298557542/,False,222984.54545454547
130900000.0,8.0,ЦАО,154.0,110.0,6,13,2013,False,True,,3,https://www.cian.ru/sale/flat/299249188/,False,850000.0
68000000.0,10.0,САО,112.8,60.0,3,57,2006,False,False,,3,https://www.cian.ru/sale/flat/295072603/,False,602836.8794326241
50000000.0,9.0,ЗАО,86.0,,15,23,2015,False,False,3.0,3,https://www.cian.ru/sale/flat/299328640/,False,581395.3488372093
90000000.0,6.0,ЦАО,168.0,135.0,5,11,2001,False,False,3.0,3,https://www.cian.ru/sale/flat/289975609/,False,535714.2857142857
57000000.0,19.0,СЗАО,99.0,,2,19,2018,False,False,3.05,3,https://www.cian.ru/sale/flat/288895889/,False,575757.5757575758
940922000.0,7.0,ЦАО,303.9,,12,12,,False,False,,3,https://www.cian.ru/sale/flat/275848068/,False,3096156.6304705497
31700000.0,12.0,ЦАО,69.0,37.0,24,44,2018,False,True,3.0,3,https://www.cian.ru/sale/flat/290778903/,False,459420.28985507245
67500000.0,1.0,ЦАО,88.0,48.0,2,5,1912,False,False,3.0,3,https://www.cian.ru/sale/flat/297681232/,False,767045.4545454546
32900000.0,12.0,СЗАО,85.5,72.5,10,37,2018,False,True,3.2,3,https://www.cian.ru/sale/flat/298170119/,False,384795.3216374269
37990000.0,5.0,ЗАО,67.0,,9,14,,False,False,,3,https://www.cian.ru/sale/flat/300647527/,False,567014.9253731343
329322700.0,10.0,САО,262.0,148.0,26,57,2006,False,False,4.0,3,https://www.cian.ru/sale/flat/290380851/,False,1256956.8702290077
37900000.0,13.0,ЗАО,76.0,,12,51,2020,False,False,3.0,3,https://www.cian.ru/sale/flat/298534723/,False,498684.2105263158
16390000.0,12.0,ЗАО,63.6,43.9,2,9,1981,False,False,2.64,3,https://www.cian.ru/sale/flat/298413599/,False,257704.40251572325
63800000.0,7.0,ЦАО,92.0,,2,8,1964,False,False,,3,https://www.cian.ru/sale/flat/299023289/,False,693478.2608695652
45000000.0,17.0,ЦАО,79.0,,15,20,,False,False,,3,https://www.cian.ru/sale/flat/293456282/,False,569620.2531645569
125700000.0,7.0,ЦАО,116.8,,9,21,2023,False,False,3.2,3,https://www.cian.ru/sale/flat/297039409/,False,1076198.6301369863
22900000.0,12.0,ЗАО,75.0,46.0,14,16,1980,False,False,2.64,3,https://www.cian.ru/sale/flat/300348767/,False,305333.3333333333
329322700.0,5.0,ЦАО,204.0,145.0,8,22,2006,False,False,,3,https://www.cian.ru/sale/flat/269984902/,False,1614326.9607843137
110000000.0,9.0,ЦАО,96.0,,12,14,,False,False,3.4,3,https://www.cian.ru/sale/flat/294111560/,False,1145833.3333333333
95000000.0,11.0,СЗАО,105.0,37.7,25,36,,False,False,,3,https://www.cian.ru/sale/flat/295521368/,False,904761.9047619047
110000000.0,17.0,ЮЗАО,132.5,,14,20,2012,False,False,3.15,3,https://www.cian.ru/sale/flat/280420033/,False,830188.679245283
385000000.0,6.0,ЦАО,162.9,98.0,4,8,,False,False,3.1,3,https://www.cian.ru/sale/flat/300139607/,False,2363413.1368938
45500000.0,9.0,ЗАО,70.0,,20,24,2021,False,False,2.95,3,https://www.cian.ru/sale/flat/298223333/,False,650000.0
57900000.0,14.0,СВАО,100.0,50.0,3,15,2019,False,False,3.1,3,https://www.cian.ru/sale/flat/299524863/,False,579000.0
103000000.0,3.0,ЦАО,124.0,,49,78,2020,False,True,3.9,3,https://www.cian.ru/sale/flat/292945223/,False,830645.1612903225
233000000.0,6.0,ЦАО,155.0,,3,14,,False,False,,3,https://www.cian.ru/sale/flat/300912558/,False,1503225.8064516129
44000000.0,28.0,ЗАО,70.0,,2,14,,False,False,3.6,3,https://www.cian.ru/sale/flat/286552260/,False,628571.4285714285
85000000.0,7.0,ЦАО,85.7,,6,21,,False,False,,3,https://www.cian.ru/sale/flat/294045499/,False,991831.9719953325
40000000.0,3.0,ЗАО,91.7,,23,28,2020,False,False,3.0,3,https://www.cian.ru/sale/flat/300681399/,False,436205.0163576881
110000000.0,9.0,ЦАО,97.0,67.0,9,21,,False,False,,3,https://www.cian.ru/sale/flat/299728876/,False,1134020.618556701
69990000.0,4.0,ЦАО,90.3,69.0,7,8,1929,False,False,4.2,3,https://www.cian.ru/sale/flat/296215205/,False,775083.0564784054
32000000.0,12.0,ЮЗАО,105.8,,1,18,2005,False,False,3.0,3,https://www.cian.ru/sale/flat/295066559/,False,302457.4669187146
150000000.0,4.0,ЦАО,133.8,,4,8,,False,False,3.3,3,https://www.cian.ru/sale/flat/297827504/,False,1121076.2331838564
40000000.0,15.0,ЗАО,86.1,58.6,8,21,2015,False,False,3.0,3,https://www.cian.ru/sale/flat/297256737/,False,464576.07433217193
127000000.0,8.0,ЗАО,101.0,,5,9,2017,False,False,3.25,3,https://www.cian.ru/sale/flat/298212883/,False,1257425.7425742573
218000000.0,6.0,ЦАО,163.0,,3,7,2000,False,False,,3,https://www.cian.ru/sale/flat/298963566/,False,1337423.3128834355
31000000.0,14.0,ЮАО,68.0,,3,14,2018,False,False,,3,https://www.cian.ru/sale/flat/295055352/,False,455882.35294117645
18450000.0,,ВАО,58.0,30.0,22,33,2024,False,False,,3,https://www.cian.ru/sale/flat/299860834/,False,318103.4482758621
106500000.0,3.0,ЦАО,146.0,,4,9,2005,False,False,3.0,3,https://www.cian.ru/sale/flat/293448196/,False,729452.0547945206
41000000.0,12.0,ЗАО,84.5,44.6,48,52,2021,False,False,3.1,3,https://www.cian.ru/sale/flat/294618564/,False,485207.10059171595
32000000.0,5.0,СЗАО,75.6,47.1,17,36,2021,False,False,3.08,3,https://www.cian.ru/sale/flat/297326583/,False,423280.42328042333
491725838.0,7.0,ЦАО,175.0,,9,11,2014,False,False,3.2,3,https://www.cian.ru/sale/flat/298876198/,False,2809861.931428571
40877000.0,5.0,ЦАО,77.3,,8,12,2018,False,True,,3,https://www.cian.ru/sale/flat/297176349/,False,528809.8318240622
30900000.0,20.0,СЗАО,65.0,28.0,23,25,2022,False,False,,3,https://www.cian.ru/sale/flat/299649081/,False,475384.6153846154
140000000.0,8.0,ЦАО,99.0,58.0,4,21,,False,False,3.2,3,https://www.cian.ru/sale/flat/300615233/,False,1414141.4141414142
42000000.0,1.0,ЦАО,73.4,58.0,5,5,1910,False,False,,3,https://www.cian.ru/sale/flat/300539828/,False,572207.0844686648
54000000.0,,САО,83.5,,4,12,2023,False,False,4.1,3,https://www.cian.ru/sale/flat/299521451/,False,646706.5868263473
185000000.0,2.0,ЦАО,239.0,176.0,53,73,,False,True,,3,https://www.cian.ru/sale/flat/293972109/,False,774058.5774058577
70000000.0,16.0,ЦАО,123.0,97.0,9,18,,False,False,,3,https://www.cian.ru/sale/flat/299609442/,False,569105.6910569106
45800000.0,15.0,ЗАО,78.0,,36,52,2020,False,False,3.0,3,https://www.cian.ru/sale/flat/298534728/,False,587179.4871794871
12900000.0,13.0,ЮЗАО,50.0,30.0,3,9,1976,False,False,2.64,3,https://www.cian.ru/sale/flat/300683250/,False,258000.0
65000000.0,12.0,ЗАО,163.0,,22,23,1999,False,False,3.0,3,https://www.cian.ru/sale/flat/296833235/,False,398773.0061349693
42388700.0,5.0,ЗАО,72.0,50.0,10,14,,False,False,,3,https://www.cian.ru/sale/flat/300388988/,False,588731.9444444445
51000000.0,17.0,СЗАО,128.0,90.0,25,31,2019,False,False,3.1,3,https://www.cian.ru/sale/flat/299893202/,False,398437.5
20800000.0,10.0,ЮЗАО,82.0,,8,9,1997,False,False,2.64,3,https://www.cian.ru/sale/flat/300527453/,False,253658.53658536586
145748818.0,15.0,ЗАО,105.0,84.0,10,11,,False,False,,3,https://www.cian.ru/sale/flat/299771688/,False,1388083.980952381
48800000.0,6.0,ЦАО,118.0,40.0,7,14,2022,False,True,3.4,3,https://www.cian.ru/sale/flat/299795305/,False,413559.3220338983
22900000.0,12.0,ЗАО,75.0,,14,16,1960,False,False,,3,https://www.cian.ru/sale/flat/300209511/,False,305333.3333333333
135000000.0,6.0,ЦАО,106.3,79.0,8,8,,False,False,,3,https://www.cian.ru/sale/flat/298011670/,False,1269990.5926622767
357550360.0,6.0,ЦАО,173.6,,2,5,2004,False,False,4.0,3,https://www.cian.ru/sale/flat/292771959/,False,2059621.8894009218
31900000.0,8.0,ЗАО,78.6,55.6,7,29,2022,False,False,3.15,3,https://www.cian.ru/sale/flat/300777586/,False,405852.417302799
14800000.0,12.0,ВАО,65.0,38.9,1,9,1971,False,False,2.64,3,https://www.cian.ru/sale/flat/299860510/,False,227692.3076923077
38950000.0,12.0,САО,65.1,,16,27,2022,False,False,3.15,3,https://www.cian.ru/sale/flat/295612021/,False,598310.291858679
37989000.0,5.0,ЗАО,67.1,46.0,9,14,,False,False,,3,https://www.cian.ru/sale/flat/300978032/,False,566154.9925484352
168900000.0,10.0,ЦАО,170.0,108.5,4,6,,False,False,,3,https://www.cian.ru/sale/flat/300508758/,False,993529.4117647059
230000000.0,10.0,ЦАО,149.6,65.0,4,6,,False,False,,3,https://www.cian.ru/sale/flat/300707882/,False,1537433.155080214
87500000.0,3.0,ЦАО,125.0,,44,78,2019,False,True,3.9,3,https://www.cian.ru/sale/flat/296586411/,False,700000.0
45000000.0,9.0,ЗАО,101.1,47.0,6,27,2023,False,False,3.1,3,https://www.cian.ru/sale/flat/286172939/,False,445103.8575667656
235230500.0,4.0,ЗАО,191.5,,29,53,2014,False,False,3.1,3,https://www.cian.ru/sale/flat/280279506/,False,1228357.7023498695
94500000.0,3.0,ЦАО,135.0,,42,78,2019,False,True,3.9,3,https://www.cian.ru/sale/flat/296588130/,False,700000.0
37000000.0,17.0,ЮЗАО,114.7,65.0,12,24,2003,False,False,3.0,3,https://www.cian.ru/sale/flat/300590290/,False,322580.6451612903
150000000.0,16.0,ЗАО,164.0,,7,7,1999,False,False,3.0,3,https://www.cian.ru/sale/flat/289519241/,False,914634.1463414634
242899015.0,6.0,ЦАО,172.1,,4,5,,False,False,3.3,3,https://www.cian.ru/sale/flat/295782093/,False,1411383.0040674028
240000000.0,8.0,ЦАО,172.5,95.0,3,10,2013,False,False,3.15,3,https://www.cian.ru/sale/flat/300812053/,False,1391304.347826087
22262535.0,4.0,ЮВАО,65.7,46.9,2,30,,False,False,,3,https://www.cian.ru/sale/flat/298620957/,False,338851.3698630137
200000000.0,13.0,ЦАО,210.0,,4,6,2012,False,False,,3,https://www.cian.ru/sale/flat/300694597/,False,952380.9523809524
155000000.0,11.0,ЦАО,152.2,,2,8,,False,False,,3,https://www.cian.ru/sale/flat/300509124/,False,1018396.8462549278
185000000.0,2.0,ЦАО,239.0,,53,76,2009,False,True,3.3,3,https://www.cian.ru/sale/flat/300006063/,False,774058.5774058577
38500000.0,,ЗАО,68.7,35.5,3,14,2021,False,False,,3,https://www.cian.ru/sale/flat/298946861/,False,560407.5691411935
55000000.0,11.0,ЦАО,74.4,50.0,5,12,1957,False,False,,3,https://www.cian.ru/sale/flat/298976152/,False,739247.3118279569
44500000.0,10.0,ЦАО,56.5,,7,7,1900,False,True,3.7,3,https://www.cian.ru/sale/flat/300005747/,False,787610.6194690266
36900000.0,13.0,ЦАО,69.6,40.0,36,44,2018,False,True,3.0,3,https://www.cian.ru/sale/flat/300797525/,False,530172.4137931035
250000000.0,9.0,ЦАО,170.0,,4,6,2006,False,False,3.5,3,https://www.cian.ru/sale/flat/294650811/,False,1470588.2352941176
38000000.0,19.0,ЮАО,83.0,45.0,7,13,2021,False,False,3.1,3,https://www.cian.ru/sale/flat/291677170/,False,457831.3253012048
110000000.0,1.0,ЦАО,129.3,,5,8,1997,False,False,3.0,3,https://www.cian.ru/sale/flat/291208091/,False,850734.7254447022
235230500.0,12.0,ЦАО,139.0,,8,11,2008,False,False,3.2,3,https://www.cian.ru/sale/flat/295986039/,False,1692305.7553956835
57000000.0,6.0,ЦАО,91.9,60.7,7,10,,False,False,,3,https://www.cian.ru/sale/flat/299880315/,False,620239.3906420021
125000000.0,3.0,ЦАО,93.0,69.0,6,7,,False,True,3.1,3,https://www.cian.ru/sale/flat/273848978/,False,1344086.0215053763
62000000.0,9.0,ВАО,130.0,71.0,5,7,2001,False,False,3.0,3,https://www.cian.ru/sale/flat/300117215/,False,476923.07692307694
481281603.0,1.0,ЦАО,204.6,,6,15,2015,False,True,3.3,3,https://www.cian.ru/sale/flat/299340237/,False,2352305.0
125000000.0,14.0,ЦАО,115.0,80.0,5,33,1953,False,False,3.3,3,https://www.cian.ru/sale/flat/295371756/,False,1086956.5217391304
350000000.0,6.0,ЦАО,173.6,,2,5,2004,False,False,4.0,3,https://www.cian.ru/sale/flat/292587627/,False,2016129.0322580645
66800000.0,5.0,ЦАО,78.0,61.0,3,6,2021,False,True,,3,https://www.cian.ru/sale/flat/292939347/,False,856410.2564102564
38000000.0,8.0,САО,82.0,,8,12,2019,False,True,3.2,3,https://www.cian.ru/sale/flat/300001026/,False,463414.6341463415
49900000.0,8.0,САО,65.0,,8,21,,False,False,,3,https://www.cian.ru/sale/flat/300509461/,False,767692.3076923077
400000000.0,2.0,ЦАО,146.0,,2,2,2021,False,True,3.51,3,https://www.cian.ru/sale/flat/296339323/,False,2739726.02739726
500000000.0,6.0,ЦАО,250.0,,13,13,2016,False,False,4.2,3,https://www.cian.ru/sale/flat/299242936/,False,2000000.0
52990000.0,13.0,САО,85.7,39.0,5,12,2023,False,False,3.2,3,https://www.cian.ru/sale/flat/299603765/,False,618319.7199533256
85000000.0,8.0,ЦАО,112.0,,3,5,,False,True,3.5,3,https://www.cian.ru/sale/flat/298367854/,False,758928.5714285715
126890000.0,6.0,ЦАО,118.71,70.2,3,11,,False,False,,3,https://www.cian.ru/sale/flat/300650864/,False,1068907.4214472244
98000000.0,3.0,ЦАО,140.0,,68,78,2019,False,True,3.9,3,https://www.cian.ru/sale/flat/296702722/,False,700000.0
45900000.0,6.0,ЗАО,81.9,36.6,11,13,2022,False,False,3.12,3,https://www.cian.ru/sale/flat/295093034/,False,560439.5604395604
52000000.0,8.0,ЦАО,100.0,60.0,5,10,1930,False,False,3.2,3,https://www.cian.ru/sale/flat/300852360/,False,520000.0
78900000.0,10.0,ЦАО,111.1,48.5,11,12,,False,False,,3,https://www.cian.ru/sale/flat/291292047/,False,710171.0171017102
75000000.0,9.0,ЗАО,106.0,56.6,15,19,2008,False,False,3.2,3,https://www.cian.ru/sale/flat/298504349/,False,707547.1698113207
23900000.0,6.0,САО,72.0,,12,26,,False,True,2.64,3,https://www.cian.ru/sale/flat/300567872/,False,331944.44444444444
33500000.0,1.0,САО,67.0,45.0,5,58,2021,False,False,2.9,3,https://www.cian.ru/sale/flat/295005061/,False,500000.0
120000000.0,7.0,ЦАО,116.7,,5,20,2023,False,False,,3,https://www.cian.ru/sale/flat/296202679/,False,1028277.6349614395
29500000.0,14.0,ЗАО,86.0,56.0,12,14,2018,False,False,2.7,3,https://www.cian.ru/sale/flat/295108765/,False,343023.25581395347
442233340.0,10.0,ЦАО,157.0,,2,6,2003,False,False,3.0,3,https://www.cian.ru/sale/flat/298482969/,False,2816772.866242038
70000000.0,12.0,ЦАО,124.0,,9,18,2008,False,False,3.0,3,https://www.cian.ru/sale/flat/298824528/,False,564516.1290322581
21000000.0,15.0,ЮАО,80.5,38.6,2,22,2002,False,False,,3,https://www.cian.ru/sale/flat/300466496/,False,260869.5652173913
95000000.0,9.0,ЦАО,90.0,,4,6,1910,False,False,,3,https://www.cian.ru/sale/flat/294081699/,False,1055555.5555555555
15500000.0,11.0,ЮЗАО,70.0,45.0,12,12,1967,False,False,2.8,3,https://www.cian.ru/sale/flat/296664650/,False,221428.57142857142
14500000.0,8.0,СВАО,57.0,45.0,3,9,1970,False,False,2.64,3,https://www.cian.ru/sale/flat/300779492/,False,254385.9649122807
193000000.0,14.0,ЦАО,105.0,84.0,2,13,,False,False,,3,https://www.cian.ru/sale/flat/300299264/,False,1838095.238095238
186000000.0,11.0,ЦАО,186.0,,2,7,2004,False,False,3.2,3,https://www.cian.ru/sale/flat/268525423/,False,1000000.0
38900000.0,14.0,СЗАО,79.0,27.9,8,24,,False,False,3.2,3,https://www.cian.ru/sale/flat/296394216/,False,492405.06329113926
27900000.0,17.0,ЮЗАО,93.0,63.0,3,8,,False,False,,3,https://www.cian.ru/sale/flat/299032781/,False,300000.0
28890000.0,15.0,ВАО,99.9,53.4,3,21,,False,True,,3,https://www.cian.ru/sale/flat/297191675/,False,289189.1891891892
52000000.0,3.0,ЦАО,106.9,,9,85,2016,False,True,3.0,3,https://www.cian.ru/sale/flat/298475730/,False,486435.92142188956
135000000.0,3.0,ЦАО,135.0,,4,12,,False,False,,3,https://www.cian.ru/sale/flat/297085772/,False,1000000.0
64000000.0,3.0,ЦАО,92.0,,41,78,2020,False,True,3.9,3,https://www.cian.ru/sale/flat/294368903/,False,695652.1739130435
141138300.0,12.0,ЦАО,110.0,,3,11,2008,False,False,3.2,3,https://www.cian.ru/sale/flat/297718370/,False,1283075.4545454546
23800000.0,8.0,ЗАО,73.0,,5,17,1985,False,False,2.65,3,https://www.cian.ru/sale/flat/300401631/,False,326027.397260274
12000000.0,4.0,ЦАО,92.3,67.0,3,14,1990,False,False,,3,https://www.cian.ru/sale/flat/300876952/,False,130010.83423618635
62290000.0,4.0,ЦАО,80.1,54.3,7,9,1940,False,False,3.1,3,https://www.cian.ru/sale/flat/298863230/,False,777652.9338327092
33800000.0,10.0,ЮВАО,97.4,41.5,13,27,2023,False,False,3.1,3,https://www.cian.ru/sale/flat/300435709/,False,347022.58726899384
25000000.0,18.0,ВАО,80.0,55.0,19,24,,False,False,,3,https://www.cian.ru/sale/flat/298871161/,False,312500.0
33290000.0,14.0,СВАО,129.0,100.0,2,4,,False,True,,3,https://www.cian.ru/sale/flat/300115909/,False,258062.01550387597
19260000.0,19.0,ЗАО,57.0,40.2,6,10,,False,False,,3,https://www.cian.ru/sale/flat/300592453/,False,337894.7368421053
46500000.0,9.0,ЦАО,121.0,62.0,2,13,1980,False,False,2.6,3,https://www.cian.ru/sale/flat/293938241/,False,384297.52066115703
42000000.0,4.0,ЗАО,113.0,,4,41,2021,False,False,3.2,3,https://www.cian.ru/sale/flat/291789707/,False,371681.41592920356
15000000.0,15.0,САО,58.8,42.5,2,5,1967,False,False,4.5,3,https://www.cian.ru/sale/flat/299765160/,False,255102.04081632654
107000000.0,18.0,ЦАО,90.0,52.0,4,6,,False,False,3.25,3,https://www.cian.ru/sale/flat/300866247/,False,1188888.888888889
106500000.0,3.0,ЦАО,136.1,,4,12,2005,False,False,3.0,3,https://www.cian.ru/sale/flat/294650785/,False,782512.8581925055
26990000.0,4.0,ЗАО,70.5,47.0,3,8,1960,False,False,2.7,3,https://www.cian.ru/sale/flat/299573059/,False,382836.8794326241
301095040.0,7.0,ЦАО,154.2,94.7,3,7,,False,False,,3,https://www.cian.ru/sale/flat/300509007/,False,1952626.7185473412
43000000.0,9.0,ЗАО,98.6,50.7,6,8,2021,False,False,3.1,3,https://www.cian.ru/sale/flat/291960356/,False,436105.476673428
67000000.0,5.0,ЗАО,110.0,60.0,15,25,2021,False,False,3.0,3,https://www.cian.ru/sale/flat/300864943/,False,609090.9090909091
32500000.0,10.0,ЦАО,80.0,50.0,4,14,1984,False,False,2.64,3,https://www.cian.ru/sale/flat/289881261/,False,406250.0
94966000.0,7.0,ЦАО,92.2,,3,21,,False,False,,3,https://www.cian.ru/sale/flat/297313101/,False,1030000.0
169740636.0,6.0,ЦАО,127.0,,68,79,,False,True,3.9,3,https://www.cian.ru/sale/flat/294831180/,False,1336540.4409448819
250000000.0,11.0,ЦАО,125.0,85.0,2,4,2023,False,False,3.2,3,https://www.cian.ru/sale/flat/294509004/,False,2000000.0
48700000.0,3.0,ЗАО,81.6,,23,39,2022,False,False,3.1,3,https://www.cian.ru/sale/flat/300759720/,False,596813.7254901961
51000000.0,5.0,САО,70.0,31.0,23,24,2023,False,False,3.0,3,https://www.cian.ru/sale/flat/300436382/,False,728571.4285714285
49800000.0,2.0,САО,67.8,36.0,10,16,2023,False,True,3.1,3,https://www.cian.ru/sale/flat/297999736/,False,734513.2743362832
148000000.0,7.0,ЦАО,178.0,86.0,15,16,2009,False,False,,3,https://www.cian.ru/sale/flat/299793431/,False,831460.6741573034
52000000.0,5.0,ЦАО,62.5,,3,10,2000,False,False,,3,https://www.cian.ru/sale/flat/300727469/,False,832000.0
33250000.0,6.0,ЗАО,62.9,32.9,10,28,2022,False,False,3.1,3,https://www.cian.ru/sale/flat/298614348/,False,528616.8521462639
48000000.0,11.0,СЗАО,82.0,,7,38,2015,False,False,3.13,3,https://www.cian.ru/sale/flat/295969470/,False,585365.8536585366
62890000.0,8.0,ЗАО,104.5,64.0,3,15,2022,False,False,3.1,3,https://www.cian.ru/sale/flat/300576939/,False,601818.1818181818
29400000.0,6.0,ЦАО,65.7,37.4,2,5,1939,False,False,2.7,3,https://www.cian.ru/sale/flat/299771692/,False,447488.58447488584
62000000.0,16.0,ЮЗАО,110.0,77.0,17,17,,False,False,,3,https://www.cian.ru/sale/flat/300478268/,False,563636.3636363636
65000000.0,5.0,ЦАО,116.0,70.0,6,12,2019,False,True,3.2,3,https://www.cian.ru/sale/flat/298948266/,False,560344.8275862068
83000000.0,6.0,СВАО,130.0,85.0,14,23,2010,False,False,3.37,3,https://www.cian.ru/sale/flat/298066142/,False,638461.5384615385
49500000.0,12.0,СЗАО,86.5,64.0,21,36,,False,True,,3,https://www.cian.ru/sale/flat/299611000/,False,572254.3352601156
41000000.0,7.0,ЗАО,74.7,,10,26,2021,False,False,3.2,3,https://www.cian.ru/sale/flat/295852514/,False,548862.1151271753
75000000.0,5.0,ЦАО,170.0,83.0,7,12,,False,True,,3,https://www.cian.ru/sale/flat/297837651/,False,441176.4705882353
113000000.0,11.0,ЦАО,152.0,90.0,5,5,,False,False,,3,https://www.cian.ru/sale/flat/298149867/,False,743421.052631579
114000000.0,6.0,ЦАО,99.7,,8,18,2022,False,False,3.65,3,https://www.cian.ru/sale/flat/299145698/,False,1143430.2908726179
106500000.0,3.0,ЦАО,143.0,72.0,4,12,2005,False,False,3.0,3,https://www.cian.ru/sale/flat/293653748/,False,744755.2447552447
28000000.0,6.0,ЗАО,60.0,30.0,9,10,,False,False,2.65,3,https://www.cian.ru/sale/flat/300364688/,False,466666.6666666667
32000000.0,14.0,ЮАО,85.0,62.8,8,8,2022,False,False,3.7,3,https://www.cian.ru/sale/flat/300666401/,False,376470.5882352941
108206030.0,8.0,ЦАО,110.0,90.0,4,4,1910,False,False,4.0,3,https://www.cian.ru/sale/flat/198782509/,False,983691.1818181818
32800000.0,7.0,ЗАО,66.0,58.0,40,41,2023,False,False,3.1,3,https://www.cian.ru/sale/flat/300803592/,False,496969.69696969696
47000000.0,6.0,ЗАО,101.5,80.0,2,7,2006,False,False,3.1,3,https://www.cian.ru/sale/flat/300922355/,False,463054.1871921182
25000000.0,6.0,СВАО,72.0,45.0,7,8,1955,False,False,3.0,3,https://www.cian.ru/sale/flat/299252539/,False,347222.22222222225
39500000.0,14.0,ЮАО,70.8,47.0,2,6,2021,False,False,3.3,3,https://www.cian.ru/sale/flat/298748592/,False,557909.6045197741
194800000.0,4.0,ЗАО,160.8,,47,50,2011,False,False,3.3,3,https://www.cian.ru/sale/flat/298157610/,False,1211442.7860696516
43800000.0,18.0,ЗАО,76.0,50.0,13,26,,False,False,,3,https://www.cian.ru/sale/flat/297908676/,False,576315.7894736842
36000000.0,7.0,ЗАО,62.5,,30,35,2021,False,False,,3,https://www.cian.ru/sale/flat/298296722/,False,576000.0
33500000.0,2.0,ЮЗАО,75.0,50.0,9,17,2003,False,False,2.8,3,https://www.cian.ru/sale/flat/279440853/,False,446666.6666666667
29000000.0,13.0,СЗАО,68.0,37.0,3,15,2024,False,False,3.02,3,https://www.cian.ru/sale/flat/300290083/,False,426470.5882352941
20490000.0,9.0,ЮВАО,64.0,43.0,9,12,1980,False,False,2.6,3,https://www.cian.ru/sale/flat/299875840/,False,320156.25
90000000.0,20.0,ЮЗАО,185.0,70.0,19,51,,False,False,,3,https://www.cian.ru/sale/flat/299254495/,False,486486.4864864865
301095040.0,7.0,ЦАО,154.2,94.7,3,7,,False,False,,3,https://www.cian.ru/sale/flat/300508751/,False,1952626.7185473412
24900000.0,12.0,ЦАО,59.9,,3,19,,False,True,3.3,3,https://www.cian.ru/sale/flat/300733793/,False,415692.82136894827
133000000.0,4.0,ЗАО,110.9,,3,8,2020,False,False,3.2,3,https://www.cian.ru/sale/flat/298332329/,False,1199278.629395852
36500000.0,12.0,СВАО,138.0,100.0,47,59,2015,False,False,3.05,3,https://www.cian.ru/sale/flat/295722404/,False,264492.7536231884
705691500.0,4.0,ЦАО,203.1,,6,7,,False,False,3.4,3,https://www.cian.ru/sale/flat/291067078/,False,3474601.1816839
50000000.0,12.0,САО,115.0,,8,23,2008,False,False,3.0,3,https://www.cian.ru/sale/flat/296811013/,False,434782.60869565216
13750000.0,5.0,ЮВАО,67.0,46.0,1,6,1929,False,True,3.1,3,https://www.cian.ru/sale/flat/300442758/,False,205223.8805970149
79950000.0,11.0,ЦАО,159.9,,22,29,2021,False,False,3.0,3,https://www.cian.ru/sale/flat/292721081/,False,500000.0
22500000.0,6.0,ЮАО,83.6,44.7,23,25,,False,False,,3,https://www.cian.ru/sale/flat/299595703/,False,269138.75598086126
79000000.0,2.0,ЦАО,90.7,53.0,3,8,1940,False,False,,3,https://www.cian.ru/sale/flat/256680882/,False,871003.3076074972
161000000.0,6.0,ЦАО,169.5,,14,17,2003,False,False,3.0,3,https://www.cian.ru/sale/flat/266856911/,False,949852.5073746312
65000000.0,10.0,ЦАО,75.0,40.0,7,13,,False,False,3.1,3,https://www.cian.ru/sale/flat/299025951/,False,866666.6666666666
32890000.0,8.0,ЗАО,86.0,52.0,20,31,2021,False,False,3.1,3,https://www.cian.ru/sale/flat/300208657/,False,382441.8604651163
235230500.0,3.0,ЦАО,223.3,,39,65,2008,False,True,3.0,3,https://www.cian.ru/sale/flat/296106303/,False,1053428.1236005374
71000000.0,5.0,САО,95.0,61.0,20,21,2019,False,False,3.0,3,https://www.cian.ru/sale/flat/298851611/,False,747368.4210526316
30500000.0,20.0,ЮАО,69.4,39.0,24,24,2023,False,True,4.0,3,https://www.cian.ru/sale/flat/300376052/,False,439481.26801152737
120000000.0,8.0,ЦАО,104.0,,3,4,1912,False,False,,3,https://www.cian.ru/sale/flat/299052958/,False,1153846.1538461538
28000000.0,13.0,ЮЗАО,81.0,46.6,6,14,2008,False,False,2.75,3,https://www.cian.ru/sale/flat/299325164/,False,345679.012345679
28000000.0,15.0,ЗАО,61.2,,10,16,2018,False,True,3.0,3,https://www.cian.ru/sale/flat/298334197/,False,457516.33986928104
404596460.0,14.0,ЦАО,172.26,,5,7,2015,False,False,3.3,3,https://www.cian.ru/sale/flat/291636518/,False,2348754.557064902
312000000.0,1.0,ЦАО,166.0,95.0,4,5,2015,False,True,3.0,3,https://www.cian.ru/sale/flat/298382835/,False,1879518.0722891567
500000000.0,4.0,ЦАО,240.0,,13,13,,False,True,4.7,3,https://www.cian.ru/sale/flat/297748689/,False,2083333.3333333333
29000000.0,10.0,ЮВАО,73.2,41.3,11,20,2023,False,False,3.0,3,https://www.cian.ru/sale/flat/300301424/,False,396174.8633879781
29900000.0,22.0,ЗАО,60.1,,8,30,,False,True,3.0,3,https://www.cian.ru/sale/flat/295331662/,False,497504.15973377705
141600000.0,12.0,ЦАО,118.0,49.5,2,7,2021,False,False,3.6,3,https://www.cian.ru/sale/flat/300434424/,False,1200000.0
151380000.0,14.0,ЦАО,119.5,46.2,8,15,,False,False,,3,https://www.cian.ru/sale/flat/300509402/,False,1266778.2426778243
33900000.0,12.0,СЗАО,90.0,55.0,2,24,2012,False,False,3.1,3,https://www.cian.ru/sale/flat/298474271/,False,376666.6666666667
35850000.0,9.0,САО,109.8,63.6,12,24,2005,False,False,2.9,3,https://www.cian.ru/sale/flat/299201357/,False,326502.7322404372
29197000.0,13.0,ЮВАО,67.9,45.0,6,10,2017,False,True,3.2,3,https://www.cian.ru/sale/flat/300810553/,False,429999.99999999994
576973371.0,7.0,ЦАО,219.2,,2,4,2015,False,False,3.2,3,https://www.cian.ru/sale/flat/290411907/,False,2632177.7874087594
81200000.0,3.0,ЦАО,116.0,,52,78,2019,False,True,3.9,3,https://www.cian.ru/sale/flat/296702466/,False,700000.0
53000000.0,20.0,ЮАО,87.0,40.0,6,18,2021,False,False,3.0,3,https://www.cian.ru/sale/flat/297079276/,False,609195.4022988506
30300000.0,10.0,СВАО,85.0,,13,14,1972,False,False,2.7,3,https://www.cian.ru/sale/flat/294720722/,False,356470.5882352941
252637557.0,6.0,ЦАО,179.0,,4,6,2009,False,False,3.4,3,https://www.cian.ru/sale/flat/294650824/,False,1411383.0
120000000.0,7.0,ЦАО,108.0,,9,21,2023,False,False,3.1,3,https://www.cian.ru/sale/flat/299243737/,False,1111111.111111111
39461999.0,4.0,ЗАО,110.0,52.6,19,29,2021,False,False,3.3,3,https://www.cian.ru/sale/flat/300209992/,False,358745.44545454544
46500000.0,,СЗАО,96.0,,2,46,2020,False,False,3.2,3,https://www.cian.ru/sale/flat/299011495/,False,484375.0
40000000.0,7.0,ЦАО,89.3,53.0,21,32,2019,False,False,,3,https://www.cian.ru/sale/flat/292665474/,False,447928.3314669653
237112344.0,12.0,ЦАО,138.6,,8,11,2008,False,False,3.2,3,https://www.cian.ru/sale/flat/286714948/,False,1710767.2727272727
60000000.0,8.0,САО,128.0,99.0,22,23,2008,False,False,3.0,3,https://www.cian.ru/sale/flat/300590779/,False,468750.0
48600000.0,,ЮАО,96.5,43.0,34,48,2023,False,False,3.3,3,https://www.cian.ru/sale/flat/290020370/,False,503626.9430051813
83700000.0,17.0,ЗАО,83.7,,17,32,,False,True,,3,https://www.cian.ru/sale/flat/299095732/,False,1000000.0
140000000.0,16.0,ЦАО,103.0,60.0,3,7,2016,False,False,3.0,3,https://www.cian.ru/sale/flat/297725136/,False,1359223.3009708738
106500000.0,3.0,ЦАО,146.0,81.0,4,12,,False,False,,3,https://www.cian.ru/sale/flat/300539700/,False,729452.0547945206
39500000.0,7.0,ЦАО,83.9,,20,53,2019,False,False,3.0,3,https://www.cian.ru/sale/flat/293186412/,False,470798.5697258641
252637557.0,6.0,ЦАО,179.0,36.4,4,6,,False,False,,3,https://www.cian.ru/sale/flat/300509002/,False,1411383.0
85000000.0,8.0,ЦАО,132.1,,7,7,,False,False,,3,https://www.cian.ru/sale/flat/289628414/,False,643451.9303557911
43000000.0,26.0,ЗАО,77.0,46.0,13,26,2021,False,False,3.1,3,https://www.cian.ru/sale/flat/294216008/,False,558441.5584415584
182240000.0,7.0,ЦАО,113.9,,6,12,,False,False,,3,https://www.cian.ru/sale/flat/285557020/,False,1600000.0
106140000.0,9.0,САО,183.0,146.0,15,18,,False,False,,3,https://www.cian.ru/sale/flat/296205791/,False,580000.0
21400000.0,12.0,САО,83.0,56.0,12,14,2004,False,False,2.8,3,https://www.cian.ru/sale/flat/300881872/,False,257831.3253012048
242899015.0,6.0,ЦАО,172.1,40.2,4,6,,False,False,,3,https://www.cian.ru/sale/flat/300509101/,False,1411383.0040674028
120000000.0,6.0,ЦАО,99.7,,9,18,2022,False,False,3.65,3,https://www.cian.ru/sale/flat/299143568/,False,1203610.8324974924
111000000.0,4.0,ЦАО,110.0,75.0,2,5,2009,False,False,,3,https://www.cian.ru/sale/flat/237857545/,False,1009090.9090909091
23900000.0,12.0,ЮВАО,85.1,57.3,1,17,,False,False,,3,https://www.cian.ru/sale/flat/296187258/,False,280846.06345475913
42700000.0,6.0,ЗАО,82.9,36.5,11,13,2022,False,False,3.1,3,https://www.cian.ru/sale/flat/295684586/,False,515078.4077201447
138710722.0,10.0,ЗАО,105.3,,7,15,2008,False,False,3.4,3,https://www.cian.ru/sale/flat/294650775/,False,1317290.8072174739
132000000.0,9.0,ЦАО,112.7,,6,21,2023,False,False,3.0,3,https://www.cian.ru/sale/flat/267420074/,False,1171251.1091393079
107000000.0,7.0,ЦАО,108.0,,9,21,2023,False,False,3.0,3,https://www.cian.ru/sale/flat/297358384/,False,990740.7407407408
41990000.0,7.0,ЮВАО,115.6,,4,30,2012,False,False,3.0,3,https://www.cian.ru/sale/flat/294966171/,False,363235.29411764705
49900000.0,10.0,СЗАО,82.3,,20,57,2022,False,False,3.1,3,https://www.cian.ru/sale/flat/300776748/,False,606318.347509113
45000000.0,16.0,СЗАО,100.0,75.0,1,19,,False,False,,3,https://www.cian.ru/sale/flat/300346511/,False,450000.0
13997000.0,3.0,ЮАО,59.4,43.8,1,9,1973,False,False,,3,https://www.cian.ru/sale/flat/300289604/,False,235639.73063973064
115000000.0,5.0,ЦАО,139.0,,4,16,2000,False,False,3.0,3,https://www.cian.ru/sale/flat/299338893/,False,827338.1294964029
43900000.0,7.0,Неизвестно,86.6,,12,18,2018,False,False,3.1,3,https://www.cian.ru/sale/flat/298519143/,False,506928.4064665127
33250000.0,6.0,ЗАО,63.3,33.2,15,28,2022,False,False,3.1,3,https://www.cian.ru/sale/flat/299363920/,False,525276.4612954187
72150000.0,3.0,ЦАО,105.0,90.0,8,10,2019,False,True,4.35,3,https://www.cian.ru/sale/flat/300234174/,False,687142.8571428572
165000000.0,4.0,ЦАО,173.6,,3,10,2009,False,False,3.0,3,https://www.cian.ru/sale/flat/297042900/,False,950460.8294930876
41000000.0,7.0,САО,75.7,40.0,7,17,2018,False,True,2.95,3,https://www.cian.ru/sale/flat/300822553/,False,541611.6248348745
23790000.0,7.0,ЗАО,65.7,44.0,8,12,1973,False,False,,3,https://www.cian.ru/sale/flat/299492949/,False,362100.45662100456
27000000.0,4.0,СЗАО,76.1,40.6,7,47,,False,False,,3,https://www.cian.ru/sale/flat/296751936/,False,354796.32063074905
63000000.0,8.0,ЦАО,168.0,118.9,4,5,1917,False,False,3.75,3,https://www.cian.ru/sale/flat/296644413/,False,375000.0
17000000.0,6.0,ЮЗАО,57.9,37.8,3,9,1972,False,False,2.53,3,https://www.cian.ru/sale/flat/300045504/,False,293609.6718480138
154000000.0,11.0,ЦАО,138.1,67.9,4,14,,False,False,,3,https://www.cian.ru/sale/flat/300650842/,False,1115133.9608979002
17300000.0,10.0,ЮЗАО,90.0,47.0,2,22,2007,False,False,2.8,3,https://www.cian.ru/sale/flat/299549331/,False,192222.22222222222
59900000.0,11.0,ЮЗАО,96.9,59.0,17,21,,False,False,3.1,3,https://www.cian.ru/sale/flat/293224687/,False,618163.0546955623
70000000.0,3.0,ЦАО,100.0,,29,78,2020,False,True,3.9,3,https://www.cian.ru/sale/flat/293128332/,False,700000.0
79851000.0,6.0,ЦАО,185.7,,5,5,1917,False,False,4.0,3,https://www.cian.ru/sale/flat/299146912/,False,430000.0
73000000.0,3.0,ЦАО,100.0,,9,10,2019,False,True,4.35,3,https://www.cian.ru/sale/flat/291373130/,False,730000.0
90900900.0,9.0,ЦАО,87.0,56.0,6,21,2023,False,False,3.0,3,https://www.cian.ru/sale/flat/299588498/,False,1044837.9310344828
35000000.0,1.0,САО,99.2,58.4,13,18,2003,False,False,3.1,3,https://www.cian.ru/sale/flat/299448022/,False,352822.5806451613
35000000.0,17.0,ЦАО,71.7,44.7,19,21,2008,False,False,3.1,3,https://www.cian.ru/sale/flat/298012743/,False,488145.0488145049
98000000.0,5.0,ЗАО,136.0,,4,24,2010,False,False,,3,https://www.cian.ru/sale/flat/263883005/,False,720588.2352941176
103000000.0,7.0,Неизвестно,115.0,64.0,2,21,2023,False,False,,3,https://www.cian.ru/sale/flat/299644232/,False,895652.1739130435
207380000.0,7.0,ЦАО,135.08,73.0,5,12,,False,False,,3,https://www.cian.ru/sale/flat/300508754/,False,1535238.377257921
150000000.0,9.0,ЦАО,112.5,,6,21,2023,False,False,,3,https://www.cian.ru/sale/flat/300294429/,False,1333333.3333333333
38000000.0,11.0,СЗАО,82.5,49.0,36,53,2022,False,False,3.1,3,https://www.cian.ru/sale/flat/299557531/,False,460606.0606060606
49500000.0,5.0,ЦАО,87.1,,2,4,1932,False,False,,3,https://www.cian.ru/sale/flat/300016466/,False,568312.2847301952
16900000.0,8.0,ЮЗАО,63.4,45.0,4,9,1969,False,False,2.65,3,https://www.cian.ru/sale/flat/299859361/,False,266561.5141955836
14500000.0,12.0,ЮЗАО,50.0,,4,9,1976,False,False,2.64,3,https://www.cian.ru/sale/flat/299145106/,False,290000.0
60000000.0,8.0,САО,128.0,,22,23,,False,False,2.9,3,https://www.cian.ru/sale/flat/298211319/,False,468750.0
200000000.0,7.0,ЦАО,150.0,,11,11,,False,False,,3,https://www.cian.ru/sale/flat/300593282/,False,1333333.3333333333
80000000.0,9.0,ЦАО,90.0,75.0,2,7,,False,False,,3,https://www.cian.ru/sale/flat/300539712/,False,888888.8888888889
188184400.0,10.0,ЗАО,120.0,96.0,11,15,,False,False,,3,https://www.cian.ru/sale/flat/286396664/,False,1568203.3333333333
62000000.0,13.0,СЗАО,117.0,,9,24,2020,False,False,3.2,3,https://www.cian.ru/sale/flat/300283089/,False,529914.5299145299
16150000.0,2.0,САО,55.5,44.0,2,5,1962,False,False,2.8,3,https://www.cian.ru/sale/flat/296226599/,False,290990.990990991
31000000.0,8.0,ЗАО,82.5,50.0,15,37,,False,False,,3,https://www.cian.ru/sale/flat/298483604/,False,375757.57575757575
71500000.0,26.0,ЗАО,128.0,75.0,5,23,2010,False,False,3.2,3,https://www.cian.ru/sale/flat/299327398/,False,558593.75
13200000.0,17.0,ВАО,53.6,34.9,5,5,1960,False,False,2.48,3,https://www.cian.ru/sale/flat/300170974/,False,246268.6567164179
112910640.0,7.0,ЦАО,68.2,,3,6,2009,False,False,3.2,3,https://www.cian.ru/sale/flat/294823138/,False,1655581.2316715543
21500000.0,8.0,СЗАО,75.5,46.0,3,22,2006,False,False,2.64,3,https://www.cian.ru/sale/flat/296559364/,False,284768.2119205298
38700000.0,17.0,САО,136.0,79.7,9,22,2002,False,False,3.0,3,https://www.cian.ru/sale/flat/292686416/,False,284558.82352941175
140000000.0,6.0,ЦАО,138.1,,4,14,,False,False,,3,https://www.cian.ru/sale/flat/300509451/,False,1013758.1462708183
22000000.0,4.0,СВАО,75.0,45.0,7,17,1986,False,False,,3,https://www.cian.ru/sale/flat/300572817/,False,293333.3333333333
55000000.0,6.0,ЗАО,100.2,,9,15,,False,False,,3,https://www.cian.ru/sale/flat/300876023/,False,548902.1956087825
101500000.0,3.0,ЦАО,133.2,,70,78,2020,False,True,3.9,3,https://www.cian.ru/sale/flat/291059858/,False,762012.0120120121
99000000.0,11.0,ЦАО,93.0,,7,20,2021,False,False,3.2,3,https://www.cian.ru/sale/flat/291318309/,False,1064516.1290322582
160000000.0,14.0,ЦАО,99.9,,3,15,,False,False,,3,https://www.cian.ru/sale/flat/300509049/,False,1601601.6016016016
54890000.0,19.0,ЦАО,60.0,45.0,3,16,,False,False,3.25,3,https://www.cian.ru/sale/flat/298558213/,False,914833.3333333334
119000000.0,13.0,ЦАО,110.0,,3,5,2021,False,False,,3,https://www.cian.ru/sale/flat/291161856/,False,1081818.1818181819
31990000.0,17.0,ЮЗАО,78.0,50.0,7,8,1958,False,False,2.8,3,https://www.cian.ru/sale/flat/299237500/,False,410128.2051282051
33299000.0,4.0,ЗАО,112.0,74.2,3,8,1954,False,False,3.0,3,https://www.cian.ru/sale/flat/292548663/,False,297312.5
159350000.0,14.0,ЦАО,138.57,,8,15,,False,False,,3,https://www.cian.ru/sale/flat/300509408/,False,1149960.3088691637
24600000.0,4.0,ЮЗАО,72.8,44.2,2,25,2012,False,False,2.7,3,https://www.cian.ru/sale/flat/300346570/,False,337912.0879120879
57500000.0,3.0,ЦАО,86.6,,9,9,1938,False,False,3.0,3,https://www.cian.ru/sale/flat/293806073/,False,663972.286374134
25900000.0,7.0,ЮВАО,93.3,56.0,1,7,1958,False,False,3.07,3,https://www.cian.ru/sale/flat/300019723/,False,277599.14255091106
37900000.0,15.0,САО,97.4,64.4,7,34,,False,False,3.0,3,https://www.cian.ru/sale/flat/299250618/,False,389117.0431211499
75000000.0,10.0,САО,115.7,90.0,18,50,,False,False,,3,https://www.cian.ru/sale/flat/299925925/,False,648228.176318064
395000000.0,4.0,ЦАО,136.85,,4,5,1903,False,True,,3,https://www.cian.ru/sale/flat/280842956/,False,2886371.94008038
207002840.0,11.0,ЦАО,164.0,,2,5,,False,False,,3,https://www.cian.ru/sale/flat/300509141/,False,1262212.4390243902
214999900.0,11.0,ЦАО,118.7,,2,6,2008,False,False,3.0,3,https://www.cian.ru/sale/flat/295848895/,False,1811288.1213142376
80000000.0,9.0,ЦАО,90.0,66.0,2,7,1933,False,False,3.0,3,https://www.cian.ru/sale/flat/300189345/,False,888888.8888888889
85000000.0,8.0,ЦАО,112.7,65.0,3,5,2014,False,True,3.6,3,https://www.cian.ru/sale/flat/299700370/,False,754214.7293700088
118000000.0,6.0,ЦАО,125.0,73.0,2,7,,False,False,3.0,3,https://www.cian.ru/sale/flat/297126142/,False,944000.0
46440000.0,14.0,САО,86.0,47.0,3,27,2022,False,False,3.0,3,https://www.cian.ru/sale/flat/300509067/,False,540000.0
35500000.0,10.0,СВАО,98.0,56.0,4,11,,False,False,,3,https://www.cian.ru/sale/flat/293837893/,False,362244.89795918367
13700000.0,19.0,САО,56.5,,6,9,1968,False,False,,3,https://www.cian.ru/sale/flat/300776368/,False,242477.8761061947
84200000.0,2.0,ЦАО,106.0,59.0,5,5,1890,False,False,3.0,3,https://www.cian.ru/sale/flat/295616431/,False,794339.6226415094
27000000.0,9.0,ЮЗАО,78.3,53.5,3,8,,False,False,,3,https://www.cian.ru/sale/flat/300548530/,False,344827.5862068966
103501420.0,9.0,ЦАО,130.0,80.0,4,13,,False,False,,3,https://www.cian.ru/sale/flat/282406814/,False,796164.7692307692
180000000.0,5.0,ЦАО,159.0,,13,14,,False,False,3.0,3,https://www.cian.ru/sale/flat/300693443/,False,1132075.4716981133
39000000.0,19.0,САО,148.0,100.0,8,28,2017,False,True,3.1,3,https://www.cian.ru/sale/flat/297326360/,False,263513.5135135135
155000000.0,6.0,ЦАО,104.0,,5,7,2017,False,True,3.6,3,https://www.cian.ru/sale/flat/298214250/,False,1490384.6153846155
28000000.0,18.0,САО,77.0,49.4,7,21,,False,True,,3,https://www.cian.ru/sale/flat/293036101/,False,363636.36363636365
65200000.0,1.0,САО,104.0,74.0,3,15,,False,True,3.0,3,https://www.cian.ru/sale/flat/296470579/,False,626923.0769230769
34000000.0,5.0,СЗАО,69.5,30.0,14,25,2022,False,True,,3,https://www.cian.ru/sale/flat/300750672/,False,489208.6330935252
42000000.0,14.0,СЗАО,87.0,50.0,23,41,2023,False,False,3.0,3,https://www.cian.ru/sale/flat/300063062/,False,482758.6206896552
74000000.0,5.0,ЦАО,81.0,22.0,2,5,2021,False,True,,3,https://www.cian.ru/sale/flat/299560798/,False,913580.2469135802
24500000.0,8.0,ЦАО,65.0,47.0,4,4,1926,False,False,3.1,3,https://www.cian.ru/sale/flat/298943876/,False,376923.07692307694
240000000.0,7.0,ЦАО,145.2,,7,7,2019,False,False,3.1,3,https://www.cian.ru/sale/flat/299249837/,False,1652892.5619834713
37999000.0,10.0,ЦАО,81.0,55.0,5,6,1939,False,False,3.1,3,https://www.cian.ru/sale/flat/296713094/,False,469123.4567901235
37990000.0,10.0,ЗАО,78.0,45.0,40,52,2020,False,False,3.1,3,https://www.cian.ru/sale/flat/298985935/,False,487051.28205128206
29800000.0,6.0,ЦАО,73.1,,4,18,2017,False,True,3.0,3,https://www.cian.ru/sale/flat/298459097/,False,407660.7387140903
135000000.0,16.0,ЦАО,139.6,70.7,7,10,,False,False,,3,https://www.cian.ru/sale/flat/300509405/,False,967048.7106017192
235230500.0,8.0,ЦАО,138.0,112.0,8,10,2008,False,False,3.2,3,https://www.cian.ru/sale/flat/286337916/,False,1704568.8405797102
45800000.0,6.0,ЮАО,97.1,,2,7,1940,False,False,3.0,3,https://www.cian.ru/sale/flat/298324265/,False,471678.68177136977
93000000.0,13.0,ЗАО,117.0,73.0,9,39,2015,False,False,,3,https://www.cian.ru/sale/flat/298726967/,False,794871.7948717949
40850000.0,11.0,СЗАО,98.4,54.0,10,21,2024,False,False,3.1,3,https://www.cian.ru/sale/flat/299502656/,False,415142.2764227642
160500000.0,9.0,ЦАО,107.0,43.2,6,12,,False,False,,3,https://www.cian.ru/sale/flat/295229141/,False,1500000.0
46899000.0,5.0,ЗАО,73.0,51.0,3,12,,False,False,,3,https://www.cian.ru/sale/flat/299059642/,False,642452.0547945206
14500000.0,15.0,ВАО,58.0,44.0,2,9,1966,False,False,2.64,3,https://www.cian.ru/sale/flat/300579605/,False,250000.0
210000000.0,20.0,ЗАО,324.0,60.0,1,7,2006,False,False,,3,https://www.cian.ru/sale/flat/239000729/,False,648148.1481481482
74890000.0,14.0,СВАО,106.0,,21,22,2019,False,False,3.1,3,https://www.cian.ru/sale/flat/298057479/,False,706509.4339622641
26000000.0,8.0,ЦАО,81.6,52.0,4,17,2004,False,False,2.7,3,https://www.cian.ru/sale/flat/298681167/,False,318627.45098039217
194800000.0,4.0,ЗАО,160.0,,47,54,,False,False,,3,https://www.cian.ru/sale/flat/293641999/,False,1217500.0
48800000.0,1.0,САО,67.0,47.0,8,15,,False,True,,3,https://www.cian.ru/sale/flat/297129399/,False,728358.2089552239
23500000.0,12.0,ЮЗАО,86.0,55.0,19,24,2005,False,False,2.78,3,https://www.cian.ru/sale/flat/295212920/,False,273255.81395348837
47000000.0,8.0,ЦАО,83.6,,7,15,1997,False,False,2.75,3,https://www.cian.ru/sale/flat/299564852/,False,562200.9569377991
100000000.0,3.0,ЦАО,168.0,,31,85,2016,False,True,3.0,3,https://www.cian.ru/sale/flat/293045810/,False,595238.0952380953
21000000.0,10.0,ЮЗАО,74.0,52.0,2,5,1960,False,False,2.7,3,https://www.cian.ru/sale/flat/300201630/,False,283783.7837837838
36390000.0,8.0,ЗАО,66.4,30.6,2,8,2022,False,False,3.1,3,https://www.cian.ru/sale/flat/299166254/,False,548042.1686746988
93000000.0,6.0,ЦАО,93.0,68.0,2,7,2016,False,True,3.5,3,https://www.cian.ru/sale/flat/300393385/,False,1000000.0
30000000.0,10.0,ЮАО,100.4,45.4,9,10,,False,False,,3,https://www.cian.ru/sale/flat/298020860/,False,298804.780876494
20058305.0,16.0,САО,90.7,54.1,13,14,2023,True,False,2.84,4,https://www.cian.ru/sale/flat/297032953/,False,221150.0
67919040.0,16.0,СЗАО,100.8,57.8,23,24,2023,True,False,3.15,4,https://www.cian.ru/sale/flat/289786113/,False,673800.0
90265800.0,10.0,СВАО,142.6,107.0,34,34,2022,True,False,6.9,4,https://www.cian.ru/sale/flat/298604135/,False,633000.0
68265288.0,13.0,ЮЗАО,163.8,91.8,3,32,2021,True,False,3.1,4,https://www.cian.ru/sale/flat/264100269/,False,416760.0
45976295.0,4.0,ЮАО,95.0,66.4,4,19,2024,True,False,,4,https://www.cian.ru/sale/flat/258098112/,False,483961.0
107276254.0,12.0,САО,132.1,,38,41,2022,True,False,3.1,4,https://www.cian.ru/sale/flat/301041432/,False,812083.6790310371
160645133.0,14.0,ЦАО,145.3,118.5,66,67,2023,True,False,3.05,4,https://www.cian.ru/sale/flat/284503829/,False,1105610.0
120303960.0,17.0,СЗАО,118.2,74.4,42,43,2023,True,False,3.15,4,https://www.cian.ru/sale/flat/298665066/,False,1017800.0
54883872.0,10.0,ЗАО,92.1,39.5,28,28,2022,True,False,3.4,4,https://www.cian.ru/sale/flat/298334082/,False,595916.0912052117
89936196.0,12.0,САО,133.2,,4,41,2022,True,False,3.1,4,https://www.cian.ru/sale/flat/301041435/,False,675196.6666666667
72000000.0,18.0,ЮАО,129.1,,38,40,2023,True,False,,4,https://www.cian.ru/sale/flat/300209363/,False,557707.203718048
209988449.0,9.0,ЦАО,168.2,,3,21,2023,True,False,3.0,4,https://www.cian.ru/sale/flat/262519423/,False,1248445.0
226400000.0,3.0,ЦАО,226.4,,65,66,2020,True,True,3.9,4,https://www.cian.ru/sale/flat/298051595/,False,1000000.0
63620156.0,12.0,ЦАО,140.45,,18,23,2022,True,False,3.2,4,https://www.cian.ru/sale/flat/300285639/,False,452973.69882520474
59304935.0,23.0,ЮАО,131.8,68.4,2,11,2024,True,False,3.1,4,https://www.cian.ru/sale/flat/299226754/,False,449961.5705614567
48000000.0,10.0,СЗАО,103.4,53.3,4,14,2023,True,False,,4,https://www.cian.ru/sale/flat/295967581/,False,464216.6344294004
44796518.0,10.0,СЗАО,113.0,68.1,10,11,2022,True,False,3.02,4,https://www.cian.ru/sale/flat/290752384/,False,396429.3628318584
55902000.0,,СЗАО,133.1,,43,47,2023,True,False,3.05,4,https://www.cian.ru/sale/flat/296745632/,False,420000.0
98800000.0,9.0,ЦАО,152.0,120.0,2,4,2024,True,True,,4,https://www.cian.ru/sale/flat/300982399/,False,650000.0
209231579.0,10.0,ЦАО,180.7,,8,8,2019,True,False,3.3,4,https://www.cian.ru/sale/flat/274788985/,False,1157894.7371333702
650000000.0,13.0,ЦАО,251.8,,4,4,2021,True,False,,4,https://www.cian.ru/sale/flat/296119409/,False,2581413.8204924543
51216400.0,,ЦАО,117.24,55.7,12,35,2023,True,False,3.1,4,https://www.cian.ru/sale/flat/293376084/,False,436850.9041282839
50936201.0,10.0,ЗАО,100.3,50.9,14,28,2022,True,False,3.12,4,https://www.cian.ru/sale/flat/298334109/,False,507838.4945164507
102120000.0,8.0,ЗАО,125.6,55.3,12,14,2023,True,False,3.0,4,https://www.cian.ru/sale/flat/298402501/,False,813057.3248407644
250500000.0,6.0,ЦАО,139.0,,19,21,2023,True,False,,4,https://www.cian.ru/sale/flat/292309445/,False,1802158.273381295
48918870.0,27.0,СВАО,126.7,70.4,4,22,2023,True,False,2.83,4,https://www.cian.ru/sale/flat/300918253/,False,386100.0
169900000.0,9.0,ЗАО,152.0,,4,10,2024,True,False,,4,https://www.cian.ru/sale/flat/298139775/,False,1117763.1578947369
68500000.0,5.0,СЗАО,102.2,39.6,10,21,2023,True,False,3.25,4,https://www.cian.ru/sale/flat/295873974/,False,670254.4031311155
307942336.0,12.0,ЦАО,276.1,178.8,8,9,2021,True,True,3.6,4,https://www.cian.ru/sale/flat/298329544/,False,1115328.9967403114
275133273.0,1.0,ЦАО,293.8,201.7,76,85,2015,True,True,,4,https://www.cian.ru/sale/flat/291360013/,False,936464.5098706603
159263158.0,10.0,ЦАО,222.5,,5,8,2019,True,False,3.3,4,https://www.cian.ru/sale/flat/274789013/,False,715789.4741573033
63000000.0,5.0,СЗАО,99.3,34.8,9,15,2023,True,False,3.25,4,https://www.cian.ru/sale/flat/295873970/,False,634441.0876132931
67810000.0,9.0,СВАО,169.1,,27,27,2022,True,False,,4,https://www.cian.ru/sale/flat/294554136/,False,401005.3222945003
35460018.0,10.0,ЮЗАО,152.2,71.4,2,2,2023,True,True,2.8,4,https://www.cian.ru/sale/flat/297413644/,False,232983.0354796321
27281980.0,5.0,ЗАО,92.2,,9,25,2021,True,False,2.63,4,https://www.cian.ru/sale/flat/299449788/,False,295900.0
74653941.0,7.0,ЮАО,129.3,74.0,32,40,2023,True,False,3.15,4,https://www.cian.ru/sale/flat/293203859/,False,577370.0
245500000.0,6.0,ЦАО,136.0,,19,21,2023,True,False,,4,https://www.cian.ru/sale/flat/292308486/,False,1805147.0588235294
40063560.0,8.0,САО,113.1,71.6,26,35,2023,True,False,3.1,4,https://www.cian.ru/sale/flat/298334701/,False,354231.299734748
40548707.0,15.0,ЮЗАО,160.5,40.5,21,21,2023,True,False,2.99,4,https://www.cian.ru/sale/flat/296862790/,False,252639.91900311527
52679547.0,5.0,СЗАО,111.6,51.9,11,20,2023,True,False,2.85,4,https://www.cian.ru/sale/flat/299067135/,False,472038.95161290327
186192428.0,12.0,ЦАО,162.3,50.4,15,17,2022,True,False,3.6,4,https://www.cian.ru/sale/flat/285243994/,False,1147211.5095502157
25333027.0,10.0,ЗАО,92.3,,9,25,2021,True,False,2.63,4,https://www.cian.ru/sale/flat/299449818/,False,274463.99783315277
141739202.0,14.0,ЦАО,128.2,104.0,66,67,2023,True,False,3.05,4,https://www.cian.ru/sale/flat/284503827/,False,1105610.0
55501000.0,9.0,СВАО,136.7,,27,27,2022,True,False,,4,https://www.cian.ru/sale/flat/294554130/,False,406005.8522311632
39949508.0,23.0,ЮЗАО,165.6,62.9,21,21,2023,True,False,2.99,4,https://www.cian.ru/sale/flat/296862789/,False,241240.99033816427
37331749.0,11.0,СЗАО,109.7,59.6,2,20,2023,True,False,2.85,4,https://www.cian.ru/sale/flat/289732534/,False,340307.6481312671
48657600.0,11.0,ЮЗАО,98.1,,24,34,2023,True,False,3.0,4,https://www.cian.ru/sale/flat/300800760/,False,496000.0
53578900.0,24.0,ЮАО,109.1,55.3,6,16,2023,True,False,3.15,4,https://www.cian.ru/sale/flat/294639078/,False,491098.9917506875
19280443.0,16.0,САО,85.7,48.2,5,14,2023,True,False,2.84,4,https://www.cian.ru/sale/flat/297033464/,False,224975.99766627772
236105925.0,14.0,ЦАО,162.3,133.0,65,67,2023,True,False,3.05,4,https://www.cian.ru/sale/flat/284503887/,False,1454750.0
53006200.0,12.0,СВАО,107.3,80.5,34,37,2024,True,False,3.0,4,https://www.cian.ru/sale/flat/279448978/,False,494000.0
47660280.0,5.0,ЮЗАО,102.1,,19,34,2023,True,False,3.0,4,https://www.cian.ru/sale/flat/301047102/,False,466800.0
69999990.0,13.0,ЮЗАО,162.3,90.8,4,32,2021,True,False,3.1,4,https://www.cian.ru/sale/flat/264100282/,False,431299.99999999994
231523500.0,5.0,ЗАО,149.37,,8,9,2021,True,False,,4,https://www.cian.ru/sale/flat/258945661/,False,1550000.0
52025537.0,6.0,ЗАО,96.8,47.3,17,28,2022,True,False,3.12,4,https://www.cian.ru/sale/flat/298334292/,False,537453.8946280992
38665705.0,12.0,СЗАО,82.7,38.1,3,33,2023,True,False,2.9,4,https://www.cian.ru/sale/flat/296774483/,False,467541.7775090689
347734754.0,2.0,ЦАО,281.51,77.1,6,7,2022,True,False,3.5,4,https://www.cian.ru/sale/flat/298333739/,False,1235248.3179993606
57448380.0,10.0,ЗАО,127.38,88.8,24,24,2021,True,False,2.95,4,https://www.cian.ru/sale/flat/290887878/,False,451000.0
32715700.0,4.0,ЗАО,95.8,60.5,19,29,2022,True,True,3.0,4,https://www.cian.ru/sale/flat/289516334/,False,341500.0
56572045.0,17.0,ЮАО,100.24,45.9,28,28,2023,True,False,3.0,4,https://www.cian.ru/sale/flat/299093562/,False,564365.9716679968
71564104.0,4.0,ЦАО,119.2,71.6,18,22,2022,True,False,3.25,4,https://www.cian.ru/sale/flat/300887715/,False,600370.0
65954432.0,8.0,ЮЗАО,137.6,,22,25,2024,True,False,3.17,4,https://www.cian.ru/sale/flat/294842886/,False,479320.0
19678335.0,6.0,САО,101.3,62.1,5,15,2023,True,False,2.84,4,https://www.cian.ru/sale/flat/297033401/,False,194257.99605133268
47697617.0,10.0,ЗАО,125.18,82.2,29,29,2023,True,False,3.3,4,https://www.cian.ru/sale/flat/297986192/,False,381032.2495606327
38732684.0,17.0,ЮВАО,99.3,54.4,19,30,2024,True,False,2.87,4,https://www.cian.ru/sale/flat/300575246/,False,390057.24068479356
193467552.0,12.0,ЦАО,178.1,43.1,14,17,2022,True,False,3.6,4,https://www.cian.ru/sale/flat/285243997/,False,1086286.0864682763
65000000.0,18.0,ЗАО,122.0,,20,36,2024,True,False,,4,https://www.cian.ru/sale/flat/300484947/,False,532786.8852459016
35582265.0,4.0,ЗАО,110.9,63.3,11,12,2022,True,True,3.0,4,https://www.cian.ru/sale/flat/286250298/,False,320850.0
57980208.0,5.0,ЮАО,126.11,81.7,26,26,2023,True,False,2.87,4,https://www.cian.ru/sale/flat/289090596/,False,459759.0040440885
101894074.0,20.0,ЮАО,142.04,74.9,46,46,2023,True,False,4.18,4,https://www.cian.ru/sale/flat/299093554/,False,717361.827654182
63391680.0,10.0,ЗАО,146.74,100.7,24,24,2021,True,False,2.95,4,https://www.cian.ru/sale/flat/289309643/,False,432000.0
46304360.0,6.0,ЗАО,93.2,43.6,2,28,2022,True,False,3.12,4,https://www.cian.ru/sale/flat/298334262/,False,496827.8969957081
66545614.0,9.0,ЦАО,143.5,,18,30,2020,True,False,3.2,4,https://www.cian.ru/sale/flat/300285594/,False,463732.5017421603
96288928.0,22.0,ЮАО,136.39,66.5,1,1,2023,True,False,3.0,4,https://www.cian.ru/sale/flat/288867469/,False,705982.3154190191
51000000.0,7.0,ЮАО,100.8,60.0,9,22,2023,True,False,,4,https://www.cian.ru/sale/flat/291917483/,False,505952.38095238095
96600000.0,12.0,ЗАО,193.2,112.4,21,21,2020,True,True,3.3,4,https://www.cian.ru/sale/flat/271161275/,False,500000.00000000006
48726508.0,9.0,ЗАО,100.2,54.2,7,15,2022,True,False,3.12,4,https://www.cian.ru/sale/flat/298334395/,False,486292.49500998005
60617646.0,23.0,ЮАО,129.7,68.7,3,11,2024,True,False,3.1,4,https://www.cian.ru/sale/flat/299319064/,False,467368.12644564384
37867200.0,9.0,СЗАО,117.6,,4,48,2022,True,True,3.1,4,https://www.cian.ru/sale/flat/299805146/,False,322000.0
37061335.0,7.0,САО,107.4,75.3,2,8,2023,True,False,3.25,4,https://www.cian.ru/sale/flat/298334644/,False,345077.6070763501
56000000.0,5.0,ЗАО,98.07,39.0,12,14,2023,True,False,3.13,4,https://www.cian.ru/sale/flat/298568723/,False,571020.6995003569
110530000.0,27.0,ЗАО,167.5,72.5,13,13,2023,True,False,3.13,4,https://www.cian.ru/sale/flat/296278075/,False,659880.5970149253
107235000.0,5.0,СЗАО,149.0,82.6,5,8,2023,True,False,3.25,4,https://www.cian.ru/sale/flat/300159762/,False,719697.9865771813
306625000.0,8.0,ЦАО,223.0,,13,13,2013,True,True,3.15,4,https://www.cian.ru/sale/flat/297286598/,False,1375000.0
50962200.0,21.0,ЮЗАО,94.2,,28,42,2023,True,False,3.0,4,https://www.cian.ru/sale/flat/300800475/,False,541000.0
50284439.0,6.0,ЗАО,106.3,59.3,6,28,2022,True,False,3.12,4,https://www.cian.ru/sale/flat/298334233/,False,473042.69990592665
67011840.0,16.0,СЗАО,110.8,74.0,19,23,2023,True,False,3.15,4,https://www.cian.ru/sale/flat/297642477/,False,604800.0
80529800.0,11.0,СЗАО,122.2,67.9,21,21,2023,True,False,3.1,4,https://www.cian.ru/sale/flat/299168007/,False,659000.0
42280840.0,5.0,ЮЗАО,88.9,,27,34,2023,True,False,3.0,4,https://www.cian.ru/sale/flat/301068513/,False,475599.99999999994
43768290.0,9.0,ЗАО,115.41,82.0,26,29,2023,True,False,3.3,4,https://www.cian.ru/sale/flat/297986145/,False,379241.74681570055
70985200.0,11.0,СЗАО,124.1,50.1,18,21,2023,True,False,3.1,4,https://www.cian.ru/sale/flat/299167970/,False,572000.0
75450000.0,13.0,САО,119.0,54.8,8,12,2023,True,False,3.02,4,https://www.cian.ru/sale/flat/300954739/,False,634033.6134453781
39584600.0,4.0,ВАО,105.25,,1,29,2023,True,False,3.0,4,https://www.cian.ru/sale/flat/298378515/,False,376100.71258907364
329423325.0,9.0,ЦАО,231.0,,20,21,2023,True,False,3.0,4,https://www.cian.ru/sale/flat/272819951/,False,1426075.0
69108000.0,,СЗАО,97.5,63.0,28,29,2023,True,False,3.15,4,https://www.cian.ru/sale/flat/289786227/,False,708800.0
216728693.0,1.0,ЦАО,232.5,153.4,75,85,2015,True,True,,4,https://www.cian.ru/sale/flat/288136859/,False,932166.4215053763
64764098.0,4.0,ЦАО,105.9,64.7,19,22,2022,True,False,3.25,4,https://www.cian.ru/sale/flat/298576251/,False,611558.999055713
45966010.0,9.0,ЗАО,129.76,82.6,29,30,2023,True,False,3.3,4,https://www.cian.ru/sale/flat/297984127/,False,354238.67139334156
43000000.0,8.0,ЗАО,97.2,,14,25,2024,True,False,2.65,4,https://www.cian.ru/sale/flat/300754108/,False,442386.83127572015
54204855.0,6.0,ЗАО,106.8,51.6,10,28,2022,True,False,3.12,4,https://www.cian.ru/sale/flat/298334225/,False,507536.09550561797
35423560.0,8.0,САО,91.1,59.9,26,35,2023,True,False,3.1,4,https://www.cian.ru/sale/flat/298334760/,False,388842.59055982437
38800000.0,6.0,ЗАО,97.6,68.2,30,56,2024,True,False,3.15,4,https://www.cian.ru/sale/flat/300437395/,False,397540.9836065574
15768716.0,6.0,САО,62.9,37.9,3,15,2023,True,False,2.84,4,https://www.cian.ru/sale/flat/299656016/,False,250695.0079491256
458259200.0,14.0,ЦАО,296.8,,3,8,2023,True,False,3.2,4,https://www.cian.ru/sale/flat/294641869/,False,1544000.0
39492363.0,7.0,САО,119.8,76.9,2,8,2023,True,False,3.25,4,https://www.cian.ru/sale/flat/298334654/,False,329652.44574290485
270982535.0,1.0,ЦАО,294.6,203.7,76,85,2015,True,True,,4,https://www.cian.ru/sale/flat/299938863/,False,919832.0943652409
54023883.0,12.0,СЗАО,86.54,37.5,2,32,2023,True,False,4.3,4,https://www.cian.ru/sale/flat/300689261/,False,624264.8832909637
226600000.0,,СЗАО,236.7,69.2,1,3,2023,True,True,3.1,4,https://www.cian.ru/sale/flat/300415728/,False,957329.9535276722
189811432.0,11.0,ЦАО,189.3,,2,7,2022,True,True,3.4,4,https://www.cian.ru/sale/flat/294508972/,False,1002701.7010036978
38074939.0,7.0,САО,110.8,66.4,2,8,2023,True,False,3.25,4,https://www.cian.ru/sale/flat/298334668/,False,343636.63357400725
272285755.0,1.0,ЦАО,292.1,198.6,75,85,2015,True,True,,4,https://www.cian.ru/sale/flat/291360020/,False,932166.2273194111
57333827.0,7.0,ЮАО,114.7,75.7,27,40,2023,True,False,3.15,4,https://www.cian.ru/sale/flat/293203905/,False,499858.99738448125
55620985.0,17.0,ЮАО,99.43,45.4,25,28,2023,True,False,3.0,4,https://www.cian.ru/sale/flat/299093565/,False,559398.4209996982
115302000.0,19.0,СВАО,174.7,131.0,32,32,2023,True,False,5.85,4,https://www.cian.ru/sale/flat/298604109/,False,660000.0
30620400.0,4.0,ЗАО,94.8,60.5,11,29,2022,True,True,3.0,4,https://www.cian.ru/sale/flat/286713653/,False,323000.0
478932289.0,12.0,ЦАО,278.0,69.8,17,17,2022,True,False,4.5,4,https://www.cian.ru/sale/flat/280543695/,False,1722778.0179856115
67800000.0,18.0,СЗАО,131.1,,20,21,2023,True,False,,4,https://www.cian.ru/sale/flat/297760200/,False,517162.47139588103
52598808.0,5.0,ЮЗАО,124.4,,21,25,2024,True,False,3.17,4,https://www.cian.ru/sale/flat/294550010/,False,422820.0
67593955.0,10.0,ЗАО,148.07,105.1,24,24,2021,True,False,2.95,4,https://www.cian.ru/sale/flat/276788269/,False,456500.0
36167338.0,2.0,ВАО,99.36,76.2,1,20,2024,True,False,,4,https://www.cian.ru/sale/flat/297151034/,False,364002.999194847
51504000.0,14.0,ЮЗАО,139.2,,19,23,2022,True,False,,4,https://www.cian.ru/sale/flat/283750191/,False,370000.00000000006
67000000.0,18.0,ЗАО,125.0,76.8,15,20,2024,True,False,3.2,4,https://www.cian.ru/sale/flat/296524128/,False,536000.0
40500000.0,8.0,ЦАО,82.2,40.0,13,33,2023,True,False,2.9,4,https://www.cian.ru/sale/flat/298324727/,False,492700.7299270073
214729050.0,12.0,САО,197.0,,40,41,2023,True,False,3.1,4,https://www.cian.ru/sale/flat/301041540/,False,1089995.1776649747
256542000.0,14.0,ЦАО,169.0,138.7,65,67,2023,True,False,3.05,4,https://www.cian.ru/sale/flat/284503899/,False,1518000.0
111215000.0,12.0,СВАО,171.1,128.3,35,37,2024,True,False,4.1,4,https://www.cian.ru/sale/flat/300463315/,False,650000.0
30224242.0,10.0,САО,122.2,,10,10,2024,True,True,3.1,4,https://www.cian.ru/sale/flat/300282124/,False,247334.2225859247
118000000.0,14.0,ЦАО,120.9,97.8,57,67,2023,True,False,3.05,4,https://www.cian.ru/sale/flat/295206400/,False,976013.2340777501
51165641.0,9.0,ЗАО,103.2,53.8,15,15,2022,True,False,3.4,4,https://www.cian.ru/sale/flat/298334403/,False,495791.0949612403
72998000.0,12.0,СЗАО,129.2,70.0,20,21,2023,True,False,3.1,4,https://www.cian.ru/sale/flat/299168063/,False,565000.0
33944456.0,5.0,ЮАО,97.24,63.2,2,5,2023,True,False,2.87,4,https://www.cian.ru/sale/flat/295828406/,False,349079.14438502677
36600000.0,5.0,ЮАО,96.37,63.2,3,5,2023,True,False,2.87,4,https://www.cian.ru/sale/flat/293289984/,False,379786.24053128564
42353550.0,4.0,ЗАО,123.3,72.9,21,29,2022,True,True,3.0,4,https://www.cian.ru/sale/flat/286250528/,False,343500.0
70090220.0,20.0,ЮАО,137.52,66.3,27,46,2023,True,False,3.0,4,https://www.cian.ru/sale/flat/299093555/,False,509672.9203025014
100082519.0,22.0,ЮАО,155.04,79.1,1,1,2023,True,False,3.0,4,https://www.cian.ru/sale/flat/301052498/,False,645527.0833333334
205692000.0,3.0,ЦАО,224.8,,50,66,2020,True,True,3.9,4,https://www.cian.ru/sale/flat/298051568/,False,915000.0
198555773.0,12.0,ЦАО,177.0,59.7,15,17,2022,True,False,3.6,4,https://www.cian.ru/sale/flat/285243993/,False,1121784.0282485876
227332000.0,17.0,ЗАО,162.38,,8,14,2024,True,False,,4,https://www.cian.ru/sale/flat/289786573/,False,1400000.0
35485181.0,9.0,ЗАО,98.34,62.7,21,30,2023,True,False,3.3,4,https://www.cian.ru/sale/flat/297984163/,False,360841.783607891
63400823.0,7.0,ЮАО,114.4,75.7,32,40,2023,True,False,3.15,4,https://www.cian.ru/sale/flat/293539858/,False,554202.9982517483
53321754.0,6.0,ЗАО,105.4,58.0,8,28,2022,True,False,3.12,4,https://www.cian.ru/sale/flat/298334349/,False,505898.99430740037
45269400.0,12.0,СВАО,108.3,81.2,13,37,2024,True,False,3.0,4,https://www.cian.ru/sale/flat/298603455/,False,418000.0
56649789.0,10.0,СЗАО,123.3,69.2,26,26,2022,True,False,3.02,4,https://www.cian.ru/sale/flat/297129051/,False,459446.78832116787
64404508.0,8.0,ЮЗАО,135.8,,21,25,2024,True,False,3.17,4,https://www.cian.ru/sale/flat/300451832/,False,474259.99999999994
16059038.0,6.0,САО,68.3,35.6,6,15,2023,True,False,2.84,4,https://www.cian.ru/sale/flat/299656059/,False,235125.00732064422
35503300.0,10.0,ЮЗАО,151.4,61.6,1,2,2023,True,True,2.8,4,https://www.cian.ru/sale/flat/297413652/,False,234500.0
18963034.0,16.0,САО,89.6,52.0,4,14,2023,True,False,2.84,4,https://www.cian.ru/sale/flat/297032899/,False,211641.00446428574
41856080.0,5.0,ЗАО,114.8,,13,14,2023,True,False,3.1,4,https://www.cian.ru/sale/flat/290241485/,False,364600.0
55000000.0,12.0,ЗАО,121.0,,7,17,2023,True,False,2.8,4,https://www.cian.ru/sale/flat/298805457/,False,454545.45454545453
58411680.0,25.0,ЮВАО,123.9,35.8,14,26,2023,True,False,3.1,4,https://www.cian.ru/sale/flat/298028575/,False,471442.1307506053
457135000.0,7.0,ЦАО,247.1,,21,21,2023,True,False,3.0,4,https://www.cian.ru/sale/flat/276810420/,False,1850000.0
55777000.0,14.0,ЮЗАО,134.7,,17,23,2022,True,False,,4,https://www.cian.ru/sale/flat/283750509/,False,414083.14773570903
599445000.0,7.0,ЦАО,363.3,190.3,21,21,2023,True,False,,4,https://www.cian.ru/sale/flat/283545627/,False,1650000.0
51584345.0,6.0,ЗАО,105.9,58.0,7,28,2022,True,False,3.12,4,https://www.cian.ru/sale/flat/298334342/,False,487104.2965061378
48223003.0,10.0,ЗАО,103.0,53.9,2,28,2022,True,False,3.12,4,https://www.cian.ru/sale/flat/298334117/,False,468184.4951456311
40938547.0,4.0,ЮЗАО,159.7,,23,23,2023,True,False,2.99,4,https://www.cian.ru/sale/flat/297569209/,False,256346.56856606138
42351088.0,10.0,ЗАО,116.11,69.3,30,30,2023,True,False,3.3,4,https://www.cian.ru/sale/flat/297984371/,False,364749.70286797005
34000000.0,8.0,ЮВАО,114.0,,14,16,2023,True,True,,4,https://www.cian.ru/sale/flat/296588298/,False,298245.6140350877
64817232.0,10.0,ЗАО,143.29,89.1,24,24,2021,True,False,2.95,4,https://www.cian.ru/sale/flat/289309640/,False,452350.00348942704
46750090.0,5.0,СЗАО,110.9,51.9,20,20,2023,True,False,2.85,4,https://www.cian.ru/sale/flat/295023244/,False,421551.75834084756
37041877.0,8.0,САО,100.4,65.2,26,35,2023,True,False,3.1,4,https://www.cian.ru/sale/flat/298334764/,False,368942.9980079681
55801770.0,10.0,ЗАО,100.5,54.3,11,28,2022,True,False,3.4,4,https://www.cian.ru/sale/flat/298334150/,False,555241.4925373135
233164800.0,14.0,ЦАО,153.6,125.6,65,67,2023,True,False,3.05,4,https://www.cian.ru/sale/flat/284503885/,False,1518000.0
903406350.0,9.0,ЦАО,460.1,,21,21,2023,True,False,3.0,4,https://www.cian.ru/sale/flat/272290927/,False,1963500.0
58497000.0,11.0,СЗАО,114.7,,9,21,2022,True,True,3.0,4,https://www.cian.ru/sale/flat/299220699/,False,510000.0
226600000.0,,СЗАО,237.9,68.7,1,3,2023,True,True,3.1,4,https://www.cian.ru/sale/flat/300415710/,False,952501.0508617066
120000000.0,14.0,ЦАО,120.1,97.1,52,67,2023,True,False,3.05,4,https://www.cian.ru/sale/flat/296401065/,False,999167.3605328893
34755337.0,10.0,ЗАО,95.34,62.0,10,30,2023,True,False,3.3,4,https://www.cian.ru/sale/flat/297984334/,False,364540.9796517726
145566606.0,11.0,САО,131.9,,39,40,2021,True,False,3.1,4,https://www.cian.ru/sale/flat/301041560/,False,1103613.3889310083
32749223.0,9.0,ЗАО,93.64,69.7,22,30,2023,True,False,3.3,4,https://www.cian.ru/sale/flat/297984298/,False,349735.40153780434
440510000.0,7.0,ЦАО,248.0,,20,21,2023,True,False,3.0,4,https://www.cian.ru/sale/flat/270887982/,False,1776250.0
64575410.0,9.0,ЦАО,156.4,,8,30,2020,True,False,3.2,4,https://www.cian.ru/sale/flat/300285584/,False,412886.2531969309
96169560.0,7.0,СЗАО,149.2,61.5,3,21,2023,True,False,3.23,4,https://www.cian.ru/sale/flat/296760315/,False,644568.0965147454
45190740.0,5.0,ЮЗАО,93.1,,30,34,2023,True,False,3.0,4,https://www.cian.ru/sale/flat/300800772/,False,485400.00000000006
41194092.0,4.0,ЮАО,97.1,61.4,3,19,2024,True,False,,4,https://www.cian.ru/sale/flat/269373168/,False,424243.9958805356
30869025.0,4.0,ЗАО,93.5,60.6,11,12,2022,True,True,3.0,4,https://www.cian.ru/sale/flat/289516350/,False,330150.0
46731480.0,4.0,ЮАО,97.8,61.4,3,19,2024,True,False,,4,https://www.cian.ru/sale/flat/258097986/,False,477826.9938650307
46117927.0,10.0,ЗАО,122.71,80.4,26,29,2023,True,False,3.3,4,https://www.cian.ru/sale/flat/297986183/,False,375828.5958764567
62544720.0,21.0,ЮЗАО,123.9,,39,42,2023,True,False,3.0,4,https://www.cian.ru/sale/flat/300800483/,False,504800.0
67000000.0,18.0,ЗАО,123.0,76.8,15,20,2024,True,False,3.2,4,https://www.cian.ru/sale/flat/300943913/,False,544715.4471544715
102316445.0,11.0,САО,132.1,,22,41,2021,True,False,3.1,4,https://www.cian.ru/sale/flat/301041418/,False,774537.8122634368
21349732.0,16.0,САО,109.8,70.0,8,15,2023,True,False,2.84,4,https://www.cian.ru/sale/flat/297033138/,False,194442.00364298726
51061106.0,10.0,ЗАО,96.9,52.1,14,28,2022,True,False,3.12,4,https://www.cian.ru/sale/flat/298334037/,False,526946.3983488132
45823834.0,10.0,ЗАО,134.39,73.5,29,29,2023,True,False,3.3,4,https://www.cian.ru/sale/flat/299583586/,False,340976.51610982965
328184010.0,9.0,ЦАО,234.3,,18,21,2023,True,False,3.0,4,https://www.cian.ru/sale/flat/270042550/,False,1400700.0
155950000.0,15.0,ЗАО,197.4,65.9,14,14,2023,True,False,3.0,4,https://www.cian.ru/sale/flat/296277556/,False,790020.2634245188
29734040.0,10.0,САО,119.7,,8,10,2024,True,True,3.1,4,https://www.cian.ru/sale/flat/300282121/,False,248404.6783625731
723197400.0,14.0,ЦАО,458.3,,8,8,2023,True,False,3.2,4,https://www.cian.ru/sale/flat/294775310/,False,1578000.0
38924165.0,17.0,ЮВАО,99.5,54.4,21,30,2024,True,False,2.87,4,https://www.cian.ru/sale/flat/300575247/,False,391197.63819095475
49856500.0,,ЦАО,113.69,53.9,8,14,2019,True,False,3.1,4,https://www.cian.ru/sale/flat/293376105/,False,438530.21373911516
49812523.0,6.0,ЗАО,107.0,54.8,5,28,2022,True,False,3.12,4,https://www.cian.ru/sale/flat/298334313/,False,465537.5981308411
107235000.0,6.0,СЗАО,149.9,82.6,5,8,2023,True,False,3.25,4,https://www.cian.ru/sale/flat/299660843/,False,715376.9179452969
45188021.0,12.0,СЗАО,83.6,38.1,16,33,2023,True,False,2.9,4,https://www.cian.ru/sale/flat/297460664/,False,540526.5669856459
29504877.0,6.0,САО,86.1,,3,33,2024,True,True,2.7,4,https://www.cian.ru/sale/flat/297322993/,False,342681.49825783976
52708069.0,25.0,ЮАО,101.8,60.8,3,16,2023,True,False,3.15,4,https://www.cian.ru/sale/flat/293204000/,False,517760.99214145384
251566093.0,12.0,ЦАО,221.7,171.1,6,9,2021,True,True,3.6,4,https://www.cian.ru/sale/flat/298329504/,False,1134713.9963915201
273903884.0,12.0,ЦАО,274.4,206.8,6,9,2021,True,True,3.6,4,https://www.cian.ru/sale/flat/298329501/,False,998191.9970845482
59549326.0,4.0,ЮАО,131.01,84.0,27,27,2023,True,False,2.87,4,https://www.cian.ru/sale/flat/289090590/,False,454540.3099000077
276144397.0,12.0,ЦАО,204.1,87.6,16,17,2022,True,False,4.5,4,https://www.cian.ru/sale/flat/280543693/,False,1352985.7765801079
78100000.0,27.0,ЗАО,115.7,57.8,12,13,2023,True,False,3.13,4,https://www.cian.ru/sale/flat/296278084/,False,675021.6076058772
103322186.0,12.0,СЗАО,134.21,72.7,21,32,2023,True,False,3.4,4,https://www.cian.ru/sale/flat/297368075/,False,769854.6009984353
77517000.0,12.0,СЗАО,130.5,72.2,20,21,2023,True,False,3.1,4,https://www.cian.ru/sale/flat/300312691/,False,594000.0
22000000.0,4.0,ЮАО,80.0,35.0,8,33,2023,True,False,,4,https://www.cian.ru/sale/flat/295862283/,False,275000.0
171788760.0,11.0,ЦАО,234.3,,3,7,2022,True,True,3.4,4,https://www.cian.ru/sale/flat/298164211/,False,733200.0
139810000.0,14.0,ЦАО,127.1,103.0,23,67,2023,True,False,3.05,4,https://www.cian.ru/sale/flat/298020355/,False,1100000.0
41785200.0,5.0,ЮЗАО,87.6,,24,42,2023,True,False,3.0,4,https://www.cian.ru/sale/flat/301046659/,False,477000.00000000006
149187500.0,12.0,ЗАО,171.4,89.0,4,12,2023,True,False,3.65,4,https://www.cian.ru/sale/flat/300086493/,False,870405.4842473746
180855975.0,12.0,ЦАО,162.8,50.4,14,17,2022,True,False,3.6,4,https://www.cian.ru/sale/flat/285243986/,False,1110908.9373464372
18574202.0,23.0,ЮЗАО,84.9,,2,21,2023,True,False,2.99,4,https://www.cian.ru/sale/flat/297569208/,False,218777.40871613662
62629672.0,15.0,ЮАО,136.1,,18,24,2023,True,False,3.15,4,https://www.cian.ru/sale/flat/300800410/,False,460173.9309331374
35948850.0,10.0,ЮЗАО,153.3,55.8,1,2,2023,True,True,2.8,4,https://www.cian.ru/sale/flat/297413649/,False,234499.99999999997
53892000.0,10.0,ЗАО,124.75,87.9,24,24,2021,True,False,2.95,4,https://www.cian.ru/sale/flat/289309646/,False,432000.0
283821725.0,14.0,ЦАО,195.1,160.8,65,67,2023,True,False,3.05,4,https://www.cian.ru/sale/flat/284503892/,False,1454750.0
106605097.0,6.0,ЮАО,144.2,,6,6,2023,True,False,3.15,4,https://www.cian.ru/sale/flat/301068246/,False,739286.3869625521
189791469.0,9.0,ЦАО,161.0,,5,21,2023,True,False,3.0,4,https://www.cian.ru/sale/flat/289108923/,False,1178829.0
193320888.0,11.0,ЦАО,192.8,,2,7,2022,True,True,3.4,4,https://www.cian.ru/sale/flat/288177361/,False,1002701.7012448133
185000000.0,17.0,ЗАО,169.6,,26,34,2024,True,True,,4,https://www.cian.ru/sale/flat/299928499/,False,1090801.8867924528
189630000.0,3.0,ЦАО,210.7,,41,66,2020,True,True,3.9,4,https://www.cian.ru/sale/flat/299800471/,False,900000.0
50372662.0,9.0,ЦАО,138.8,,2,30,2020,True,False,3.2,4,https://www.cian.ru/sale/flat/300285570/,False,362915.432276657
69000000.0,17.0,СЗАО,137.0,125.0,4,5,2023,True,True,,4,https://www.cian.ru/sale/flat/298213933/,False,503649.63503649633
41200980.0,21.0,ЮЗАО,83.1,,24,42,2023,True,False,3.0,4,https://www.cian.ru/sale/flat/300800474/,False,495800.00000000006
112981744.0,12.0,ЦАО,141.2,101.9,6,9,2021,True,True,3.6,4,https://www.cian.ru/sale/flat/298329528/,False,800153.9943342777
79376400.0,12.0,СЗАО,129.7,70.0,21,21,2023,True,False,3.1,4,https://www.cian.ru/sale/flat/299168062/,False,612000.0
229490529.0,12.0,ЦАО,250.7,177.2,8,9,2021,True,True,3.6,4,https://www.cian.ru/sale/flat/298329549/,False,915398.9988033506
53621667.0,5.0,ЮЗАО,125.4,,22,25,2024,True,False,3.17,4,https://www.cian.ru/sale/flat/294550011/,False,427605.0
70395800.0,10.0,СВАО,134.6,101.0,33,34,2022,True,False,3.0,4,https://www.cian.ru/sale/flat/298604116/,False,523000.0
102925900.0,5.0,СЗАО,149.5,61.3,3,21,2023,True,False,3.23,4,https://www.cian.ru/sale/flat/295343752/,False,688467.5585284281
50380000.0,,ЦАО,100.0,48.9,30,51,2023,True,False,3.1,4,https://www.cian.ru/sale/flat/293376098/,False,503800.0
458234336.0,7.0,ЦАО,306.7,,19,21,2023,True,False,,4,https://www.cian.ru/sale/flat/267125571/,False,1494080.0
54934949.0,9.0,ЦАО,153.7,,3,30,2020,True,False,3.2,4,https://www.cian.ru/sale/flat/300285573/,False,357416.71437865973
40329450.0,4.0,ЗАО,123.9,72.8,23,29,2022,True,True,3.0,4,https://www.cian.ru/sale/flat/289516347/,False,325500.0
182439000.0,3.0,ЦАО,209.7,,37,66,2020,True,True,3.9,4,https://www.cian.ru/sale/flat/298051540/,False,870000.0
93230650.0,5.0,СЗАО,151.9,61.4,2,21,2023,True,False,3.23,4,https://www.cian.ru/sale/flat/295343751/,False,613763.3311389071
37359208.0,11.0,СЗАО,108.6,59.6,6,20,2023,True,False,2.85,4,https://www.cian.ru/sale/flat/295023249/,False,344007.44014732965
131000000.0,27.0,ЗАО,195.8,65.9,13,13,2023,True,False,3.13,4,https://www.cian.ru/sale/flat/296278077/,False,669050.051072523
33380220.0,8.0,САО,86.8,57.2,7,35,2023,True,False,3.1,4,https://www.cian.ru/sale/flat/298334728/,False,384564.7465437788
297832500.0,17.0,ЗАО,192.15,,9,14,2024,True,False,,4,https://www.cian.ru/sale/flat/275277392/,False,1550000.0
63162203.0,4.0,ЮАО,111.7,,6,6,2023,True,False,3.15,4,https://www.cian.ru/sale/flat/300800418/,False,565462.8737690242
40029615.0,11.0,СЗАО,108.3,59.6,20,20,2023,True,False,2.85,4,https://www.cian.ru/sale/flat/291372559/,False,369617.86703601107
57093500.0,19.0,СВАО,128.3,96.2,12,32,2023,True,False,3.0,4,https://www.cian.ru/sale/flat/298604026/,False,444999.99999999994
38190000.0,5.0,ЗАО,114.0,,3,14,2023,True,False,3.1,4,https://www.cian.ru/sale/flat/283162218/,False,335000.0
73263439.0,9.0,ЦАО,154.9,,21,30,2020,True,False,3.2,4,https://www.cian.ru/sale/flat/300285601/,False,472972.49193027755
111182375.0,12.0,САО,131.0,,38,41,2022,True,False,3.1,4,https://www.cian.ru/sale/flat/301041422/,False,848720.4198473282
219253500.0,3.0,ЦАО,223.5,,64,66,2020,True,True,3.9,4,https://www.cian.ru/sale/flat/300449717/,False,981000.0
230448000.0,4.0,ЗАО,192.04,,9,18,2024,True,False,,4,https://www.cian.ru/sale/flat/275277425/,False,1200000.0
112900000.0,7.0,ЦАО,120.9,97.8,17,65,2023,True,False,,4,https://www.cian.ru/sale/flat/299885026/,False,933829.6112489661
57558600.0,10.0,ЗАО,129.2,87.1,24,24,2021,True,False,2.95,4,https://www.cian.ru/sale/flat/276788271/,False,445500.00000000006
27000000.0,13.0,САО,78.0,56.0,5,17,2005,False,False,,4,https://www.cian.ru/sale/flat/300134635/,False,346153.8461538461
37000000.0,4.0,ЮЗАО,122.4,,1,18,2005,False,False,,4,https://www.cian.ru/sale/flat/264085166/,False,302287.58169934637
25950000.0,13.0,ВАО,103.4,65.8,4,5,,False,False,3.1,4,https://www.cian.ru/sale/flat/288648912/,False,250967.11798839457
53671000.0,12.0,СВАО,152.5,89.0,27,27,2022,False,False,3.1,4,https://www.cian.ru/sale/flat/294391961/,False,351940.98360655736
35600769.0,4.0,ЮВАО,83.0,41.3,9,30,,False,False,,4,https://www.cian.ru/sale/flat/299773793/,False,428924.9277108434
82200000.0,6.0,ЦАО,184.1,,6,6,2015,False,True,,4,https://www.cian.ru/sale/flat/289899661/,False,446496.4693101575
75000000.0,10.0,ЦАО,112.7,,8,16,2012,False,False,3.0,4,https://www.cian.ru/sale/flat/298985541/,False,665483.5847382431
53500000.0,9.0,ЗАО,104.0,,27,50,2020,False,False,,4,https://www.cian.ru/sale/flat/278682454/,False,514423.07692307694
186880866.0,5.0,ЦАО,170.2,94.0,3,3,2009,False,False,3.4,4,https://www.cian.ru/sale/flat/285498334/,False,1098007.4383078732
239970000.0,5.0,ЦАО,258.0,,4,4,1917,False,False,4.2,4,https://www.cian.ru/sale/flat/300566778/,False,930116.2790697674
100000000.0,13.0,ЦАО,118.0,103.9,5,14,,False,False,,4,https://www.cian.ru/sale/flat/297543163/,False,847457.6271186441
560000000.0,10.0,ЦАО,280.0,196.0,5,6,2003,False,False,3.3,4,https://www.cian.ru/sale/flat/292247013/,False,2000000.0
79950000.0,13.0,ЗАО,140.0,88.0,22,22,2018,False,False,3.9,4,https://www.cian.ru/sale/flat/299612030/,False,571071.4285714285
116000000.0,10.0,СЗАО,198.0,,2,6,2005,False,False,3.4,4,https://www.cian.ru/sale/flat/300005979/,False,585858.5858585859
54990000.0,6.0,ЦАО,127.5,100.0,5,5,1902,False,False,3.2,4,https://www.cian.ru/sale/flat/300539713/,False,431294.1176470588
186881800.0,6.0,ЦАО,170.0,,2,6,2001,False,False,3.5,4,https://www.cian.ru/sale/flat/298478046/,False,1099304.705882353
59900000.0,3.0,ЗАО,138.9,,2,22,2006,False,False,3.0,4,https://www.cian.ru/sale/flat/298887700/,False,431245.5003599712
13900000.0,10.0,ЮАО,61.4,45.8,4,9,1971,False,False,2.64,4,https://www.cian.ru/sale/flat/296846928/,False,226384.3648208469
52000000.0,9.0,ЗАО,139.0,93.0,3,22,2006,False,False,3.1,4,https://www.cian.ru/sale/flat/300991643/,False,374100.71942446043
67000000.0,13.0,ЗАО,180.1,160.0,28,30,1998,False,False,3.5,4,https://www.cian.ru/sale/flat/269500879/,False,372015.5469183787
14500000.0,15.0,ВАО,65.0,43.7,9,9,1970,False,False,2.64,4,https://www.cian.ru/sale/flat/300713526/,False,223076.92307692306
49000000.0,18.0,ЗАО,102.0,,16,22,2020,False,False,3.0,4,https://www.cian.ru/sale/flat/299654107/,False,480392.1568627451
77000000.0,3.0,ЮЗАО,141.8,,7,48,,False,False,,4,https://www.cian.ru/sale/flat/300509004/,False,543018.335684062
35000000.0,11.0,САО,145.0,,3,17,1998,False,False,3.1,4,https://www.cian.ru/sale/flat/297215015/,False,241379.3103448276
35450000.0,8.0,ЗАО,98.0,73.0,22,39,,False,False,,4,https://www.cian.ru/sale/flat/300004178/,False,361734.693877551
14850000.0,13.0,ЮВАО,77.8,49.8,1,5,1958,False,False,,4,https://www.cian.ru/sale/flat/295197611/,False,190874.03598971723
110000000.0,11.0,ЦАО,135.0,,28,30,,False,False,3.0,4,https://www.cian.ru/sale/flat/299178539/,False,814814.8148148148
147636622.0,7.0,ЦАО,183.0,140.0,3,7,1917,False,False,3.2,4,https://www.cian.ru/sale/flat/293515347/,False,806757.4972677595
32400000.0,6.0,ЦАО,112.0,79.4,11,12,,False,False,2.6,4,https://www.cian.ru/sale/flat/300656284/,False,289285.71428571426
53999000.0,10.0,ЦАО,113.6,76.0,5,6,1914,False,False,,4,https://www.cian.ru/sale/flat/300539704/,False,475343.309859155
21100000.0,7.0,ЮЗАО,93.7,63.5,4,12,2001,False,False,,4,https://www.cian.ru/sale/flat/299028359/,False,225186.76627534683
21000000.0,11.0,ЮАО,74.6,58.4,3,9,1965,False,False,2.64,4,https://www.cian.ru/sale/flat/298351444/,False,281501.3404825737
41000000.0,14.0,ЮЗАО,118.5,70.0,15,18,1987,False,False,2.66,4,https://www.cian.ru/sale/flat/300397367/,False,345991.5611814346
27000000.0,15.0,ЮВАО,105.0,,2,23,2005,False,False,2.64,4,https://www.cian.ru/sale/flat/300700624/,False,257142.85714285713
30000000.0,8.0,ЮВАО,99.3,66.0,5,5,1937,False,False,3.2,4,https://www.cian.ru/sale/flat/261266017/,False,302114.80362537765
205569980.0,11.0,ЦАО,168.3,,2,11,2012,False,False,3.4,4,https://www.cian.ru/sale/flat/280782889/,False,1221449.6732026143
22000000.0,15.0,СВАО,87.6,52.3,10,12,1986,False,False,2.6,4,https://www.cian.ru/sale/flat/300472679/,False,251141.55251141553
50500000.0,10.0,СЗАО,96.5,58.8,26,58,2022,False,False,3.0,4,https://www.cian.ru/sale/flat/300568709/,False,523316.0621761658
34000000.0,6.0,САО,111.8,,2,6,1939,False,False,3.2,4,https://www.cian.ru/sale/flat/299290458/,False,304114.4901610018
78900000.0,3.0,ЮЗАО,212.0,,3,23,2014,False,False,,4,https://www.cian.ru/sale/flat/275990802/,False,372169.8113207547
63000000.0,10.0,ЗАО,107.0,,12,52,2020,False,False,3.0,4,https://www.cian.ru/sale/flat/295361194/,False,588785.046728972
30100000.0,8.0,СЗАО,98.8,70.0,4,6,,False,False,2.8,4,https://www.cian.ru/sale/flat/293069600/,False,304655.87044534413
36790000.0,,ЮАО,100.4,69.7,4,8,1941,False,False,3.1,4,https://www.cian.ru/sale/flat/297494509/,False,366434.26294820715
75000000.0,7.0,ЦАО,117.0,66.0,2,4,1917,False,False,,4,https://www.cian.ru/sale/flat/299552813/,False,641025.641025641
62000000.0,4.0,ЦАО,110.0,,4,6,1912,False,False,3.5,4,https://www.cian.ru/sale/flat/297624203/,False,563636.3636363636
83000000.0,10.0,ЦАО,171.3,108.0,5,25,1998,False,False,,4,https://www.cian.ru/sale/flat/300539797/,False,484530.0642148278
340000000.0,10.0,ЦАО,158.13,,6,9,2022,False,True,,4,https://www.cian.ru/sale/flat/299728149/,False,2150129.640169481
59000000.0,10.0,ЮЗАО,174.0,100.0,7,16,2001,False,False,3.0,4,https://www.cian.ru/sale/flat/273384095/,False,339080.4597701149
34700000.0,9.0,ЦАО,94.8,67.8,4,5,1959,False,False,,4,https://www.cian.ru/sale/flat/300633273/,False,366033.75527426164
50000000.0,10.0,ЮЗАО,162.0,87.0,6,15,1996,False,False,,4,https://www.cian.ru/sale/flat/168785643/,False,308641.97530864197
65000000.0,14.0,СЗАО,127.3,80.8,13,13,2008,False,False,3.1,4,https://www.cian.ru/sale/flat/298341609/,False,510604.87038491754
33100000.0,12.0,ЗАО,106.7,58.0,3,25,2008,False,False,3.05,4,https://www.cian.ru/sale/flat/298435133/,False,310215.55763823807
76000000.0,9.0,ЗАО,182.0,85.0,19,30,,False,False,,4,https://www.cian.ru/sale/flat/300897164/,False,417582.4175824176
15500000.0,9.0,ВАО,65.0,45.0,8,9,1968,False,False,2.64,4,https://www.cian.ru/sale/flat/301084769/,False,238461.53846153847
183000000.0,7.0,ЦАО,158.0,109.2,5,7,,False,False,,4,https://www.cian.ru/sale/flat/296784846/,False,1158227.8481012657
400000000.0,9.0,ЦАО,270.0,110.0,11,13,,False,False,,4,https://www.cian.ru/sale/flat/281376540/,False,1481481.4814814816
25800000.0,7.0,ВАО,105.0,76.6,4,8,,False,False,,4,https://www.cian.ru/sale/flat/300747040/,False,245714.2857142857
104500000.0,12.0,ЦАО,118.0,88.0,3,7,2021,False,False,3.3,4,https://www.cian.ru/sale/flat/289461457/,False,885593.220338983
250000000.0,6.0,ЦАО,176.0,,12,22,2006,False,False,3.3,4,https://www.cian.ru/sale/flat/300573187/,False,1420454.5454545454
20300000.0,6.0,СЗАО,90.5,61.7,1,16,,False,False,2.8,4,https://www.cian.ru/sale/flat/298485891/,False,224309.39226519337
139000000.0,11.0,ЦАО,147.36,56.5,3,11,,False,False,,4,https://www.cian.ru/sale/flat/300509274/,False,943268.1867535287
17500000.0,14.0,ВАО,65.4,43.2,5,9,1973,False,False,2.64,4,https://www.cian.ru/sale/flat/299193763/,False,267584.0978593272
31400000.0,6.0,ЮЗАО,96.0,64.0,3,17,2002,False,False,2.64,4,https://www.cian.ru/sale/flat/300386614/,False,327083.3333333333
16500000.0,8.0,СВАО,77.0,52.3,1,12,,False,False,,4,https://www.cian.ru/sale/flat/297471836/,False,214285.7142857143
290000000.0,9.0,ЦАО,330.0,51.3,5,8,,False,False,,4,https://www.cian.ru/sale/flat/281889962/,False,878787.8787878788
22000000.0,11.0,ЗАО,100.8,64.2,19,22,1992,False,False,2.65,4,https://www.cian.ru/sale/flat/298806005/,False,218253.96825396825
56095999.0,15.0,ЮЗАО,180.0,,6,10,1997,False,False,3.0,4,https://www.cian.ru/sale/flat/298865617/,False,311644.43888888886
180000000.0,7.0,ЦАО,196.0,140.0,11,16,2009,False,False,3.4,4,https://www.cian.ru/sale/flat/299036391/,False,918367.3469387755
43500000.0,15.0,ЮАО,142.9,70.2,2,33,2011,False,False,2.8,4,https://www.cian.ru/sale/flat/295854360/,False,304408.6773967809
30000000.0,,ЗАО,94.3,60.0,20,31,2023,False,False,,4,https://www.cian.ru/sale/flat/298578355/,False,318133.6161187699
34500000.0,13.0,САО,91.6,56.7,8,8,1940,False,False,3.2,4,https://www.cian.ru/sale/flat/295415977/,False,376637.5545851529
130000000.0,7.0,ЦАО,182.0,120.0,7,9,2016,False,False,3.3,4,https://www.cian.ru/sale/flat/300486546/,False,714285.7142857143
324900000.0,16.0,ЦАО,205.0,145.0,5,9,2014,False,False,3.2,4,https://www.cian.ru/sale/flat/300393557/,False,1584878.0487804879
747527200.0,5.0,ЦАО,227.0,109.7,3,7,2017,False,False,,4,https://www.cian.ru/sale/flat/296186591/,False,3293071.3656387664
22500000.0,13.0,ЮВАО,98.5,74.8,4,5,1958,False,False,3.0,4,https://www.cian.ru/sale/flat/297376640/,False,228426.3959390863
78000000.0,9.0,ЦАО,127.0,,6,7,1902,False,False,3.1,4,https://www.cian.ru/sale/flat/300657331/,False,614173.2283464567
17900000.0,4.0,ЮАО,63.0,48.0,9,9,1975,False,False,2.64,4,https://www.cian.ru/sale/flat/299572455/,False,284126.98412698414
72000000.0,7.0,ЗАО,153.5,,10,28,2019,False,False,,4,https://www.cian.ru/sale/flat/290013051/,False,469055.37459283386
31999999.0,8.0,СВАО,95.5,50.0,4,4,2020,False,True,3.0,4,https://www.cian.ru/sale/flat/295020073/,False,335078.52356020943
355075420.0,6.0,ЦАО,171.9,,2,5,2004,False,False,3.2,4,https://www.cian.ru/sale/flat/300650054/,False,2065592.9028504945
73600000.0,14.0,ЦАО,122.6,86.4,1,16,1956,False,False,3.5,4,https://www.cian.ru/sale/flat/294859988/,False,600326.264274062
26700000.0,13.0,САО,103.3,64.1,20,22,,False,False,,4,https://www.cian.ru/sale/flat/300622410/,False,258470.47434656342
22500000.0,12.0,ЮЗАО,104.0,63.0,8,9,1997,False,False,2.7,4,https://www.cian.ru/sale/flat/299204668/,False,216346.15384615384
48000000.0,5.0,ЗАО,220.0,113.0,4,25,2000,False,False,3.0,4,https://www.cian.ru/sale/flat/299540611/,False,218181.81818181818
150000000.0,8.0,ЦАО,150.0,100.0,2,14,,False,False,,4,https://www.cian.ru/sale/flat/287106219/,False,1000000.0
59900000.0,4.0,ЗАО,135.1,70.9,25,28,2021,False,False,3.0,4,https://www.cian.ru/sale/flat/299930308/,False,443375.2775721688
21000000.0,15.0,ВАО,80.0,,5,5,1958,False,False,,4,https://www.cian.ru/sale/flat/281861374/,False,262500.0
77500000.0,9.0,ЦАО,160.6,135.6,5,6,1998,False,False,,4,https://www.cian.ru/sale/flat/300539748/,False,482565.3798256538
49800000.0,17.0,ЗАО,90.0,60.0,7,17,2021,False,False,3.0,4,https://www.cian.ru/sale/flat/299957020/,False,553333.3333333334
21500000.0,10.0,ВАО,94.2,64.3,10,12,2004,False,False,2.64,4,https://www.cian.ru/sale/flat/293392921/,False,228237.79193205945
373763600.0,10.0,ЗАО,220.0,114.0,14,15,,False,False,,4,https://www.cian.ru/sale/flat/299368091/,False,1698925.4545454546
172000000.0,11.0,ЦАО,240.0,,3,8,,False,True,,4,https://www.cian.ru/sale/flat/299209046/,False,716666.6666666666
78000000.0,9.0,ЦАО,152.0,91.0,4,4,1890,False,False,3.2,4,https://www.cian.ru/sale/flat/300342962/,False,513157.8947368421
21500000.0,5.0,ЮАО,101.2,64.7,10,18,2021,False,False,2.8,4,https://www.cian.ru/sale/flat/299296399/,False,212450.5928853755
15800000.0,5.0,СВАО,75.1,51.7,1,12,1976,False,False,2.64,4,https://www.cian.ru/sale/flat/295858075/,False,210386.1517976032
30000000.0,12.0,ЮЗАО,91.8,,1,7,1958,False,False,3.0,4,https://www.cian.ru/sale/flat/297754597/,False,326797.38562091504
40600000.0,14.0,ЗАО,87.0,55.0,6,9,2022,False,False,3.1,4,https://www.cian.ru/sale/flat/298527240/,False,466666.6666666667
25000000.0,4.0,СВАО,88.0,,17,25,2020,False,True,2.85,4,https://www.cian.ru/sale/flat/300616140/,False,284090.9090909091
45800000.0,7.0,СЗАО,102.7,70.0,9,11,2012,False,False,3.0,4,https://www.cian.ru/sale/flat/300386394/,False,445959.1041869523
27900000.0,7.0,СВАО,120.0,85.0,23,24,1994,False,False,2.8,4,https://www.cian.ru/sale/flat/300610236/,False,232500.0
183000000.0,7.0,ЦАО,158.0,,5,6,2019,False,False,3.8,4,https://www.cian.ru/sale/flat/295985526/,False,1158227.8481012657
140000000.0,4.0,ЦАО,201.0,165.0,3,5,,False,False,3.8,4,https://www.cian.ru/sale/flat/298560697/,False,696517.4129353234
22500000.0,6.0,ВАО,70.2,49.0,16,16,1968,False,False,2.64,4,https://www.cian.ru/sale/flat/299243105/,False,320512.8205128205
20500000.0,5.0,ЮАО,109.88,,11,20,2023,False,False,,4,https://www.cian.ru/sale/flat/295436992/,False,186567.1641791045
56000000.0,5.0,ЗАО,95.7,,6,14,,False,False,,4,https://www.cian.ru/sale/flat/300509154/,False,585161.9644723093
50499999.0,5.0,ЗАО,95.7,,8,14,,False,False,,4,https://www.cian.ru/sale/flat/300509153/,False,527690.6896551724
21000000.0,11.0,ЮВАО,92.0,62.7,1,14,1995,False,False,2.6,4,https://www.cian.ru/sale/flat/299229385/,False,228260.86956521738
27780000.0,5.0,ЗАО,68.8,48.6,4,5,1929,False,False,3.0,4,https://www.cian.ru/sale/flat/281954502/,False,403779.0697674419
30490000.0,6.0,ЗАО,93.2,67.0,1,8,1957,False,False,3.2,4,https://www.cian.ru/sale/flat/294977748/,False,327145.9227467811
49000000.0,15.0,САО,150.0,80.0,3,32,2008,False,False,3.1,4,https://www.cian.ru/sale/flat/300371954/,False,326666.6666666667
232387519.0,12.0,ЦАО,165.8,125.0,7,11,,False,False,,4,https://www.cian.ru/sale/flat/286200127/,False,1401613.5042219542
89000000.0,7.0,ЗАО,151.8,100.0,21,23,2010,False,False,3.0,4,https://www.cian.ru/sale/flat/299469711/,False,586297.7602108036
35500000.0,20.0,ЮЗАО,86.7,,23,42,2023,False,False,3.3,4,https://www.cian.ru/sale/flat/298784070/,False,409457.9008073818
14500000.0,6.0,САО,64.0,46.4,3,9,1966,False,False,2.64,4,https://www.cian.ru/sale/flat/294052215/,False,226562.5
35000000.0,11.0,САО,145.0,,3,17,1998,False,False,3.1,4,https://www.cian.ru/sale/flat/297164603/,False,241379.3103448276
240000000.0,12.0,ЦАО,172.0,110.0,5,9,2021,False,False,3.4,4,https://www.cian.ru/sale/flat/292243678/,False,1395348.8372093022
22900000.0,8.0,СВАО,88.7,67.0,1,7,1958,False,False,3.0,4,https://www.cian.ru/sale/flat/300223125/,False,258173.618940248
110000000.0,15.0,САО,112.8,64.0,10,41,,False,False,,4,https://www.cian.ru/sale/flat/293781651/,False,975177.304964539
59000000.0,10.0,СЗАО,107.0,,30,53,2022,False,False,3.0,4,https://www.cian.ru/sale/flat/298457776/,False,551401.8691588785
450000000.0,12.0,ЦАО,270.0,,11,13,2003,False,False,3.0,4,https://www.cian.ru/sale/flat/298729079/,False,1666666.6666666667
56500000.0,14.0,ЮАО,108.0,67.8,4,14,2022,False,False,3.2,4,https://www.cian.ru/sale/flat/291358501/,False,523148.14814814815
47500000.0,6.0,ЮАО,127.2,87.9,2,16,2023,False,False,,4,https://www.cian.ru/sale/flat/300295612/,False,373427.6729559748
25500000.0,22.0,САО,98.0,69.0,1,5,1956,False,False,3.1,4,https://www.cian.ru/sale/flat/299269383/,False,260204.08163265305
65000000.0,5.0,ЦАО,120.0,72.0,5,12,2000,False,False,3.0,4,https://www.cian.ru/sale/flat/300657224/,False,541666.6666666666
105000000.0,8.0,ЦАО,120.0,96.0,2,4,1917,False,False,3.4,4,https://www.cian.ru/sale/flat/294265556/,False,875000.0
550000000.0,6.0,ЦАО,253.0,155.0,68,73,2010,False,True,4.9,4,https://www.cian.ru/sale/flat/295885244/,False,2173913.0434782607
28300000.0,9.0,ЮЗАО,92.7,64.0,2,17,2001,False,False,2.64,4,https://www.cian.ru/sale/flat/298283879/,False,305285.8683926645
41500000.0,12.0,Неизвестно,120.0,67.0,11,44,2011,False,False,3.1,4,https://www.cian.ru/sale/flat/298089913/,False,345833.3333333333
19950000.0,11.0,ЗАО,99.3,64.0,20,22,1988,False,False,2.64,4,https://www.cian.ru/sale/flat/299017679/,False,200906.34441087613
236872682.0,12.0,ЦАО,169.0,,8,11,2009,False,False,3.15,4,https://www.cian.ru/sale/flat/300828783/,False,1401613.50295858
28500000.0,12.0,СВАО,101.4,,19,22,1995,False,False,2.64,4,https://www.cian.ru/sale/flat/299181770/,False,281065.08875739644
64000000.0,4.0,ЗАО,125.0,,25,28,2021,False,False,3.0,4,https://www.cian.ru/sale/flat/300745573/,False,512000.0
280322700.0,6.0,ЦАО,251.5,84.0,3,12,,False,False,,4,https://www.cian.ru/sale/flat/270772381/,False,1114603.1809145128
61104000.0,11.0,ЦАО,127.3,,20,25,2021,False,False,3.0,4,https://www.cian.ru/sale/flat/289899682/,False,480000.0
27999999.0,14.0,ЮВАО,86.0,,3,8,2019,False,False,2.8,4,https://www.cian.ru/sale/flat/291552965/,False,325581.38372093026
39500000.0,13.0,ЗАО,119.0,,12,24,2009,False,False,3.0,4,https://www.cian.ru/sale/flat/292883762/,False,331932.7731092437
159999999.0,8.0,ЦАО,99.9,64.0,3,15,,False,False,3.2,4,https://www.cian.ru/sale/flat/299108056/,False,1601601.5915915915
26750000.0,12.0,СЗАО,98.2,70.7,2,22,1999,False,False,2.66,4,https://www.cian.ru/sale/flat/296856201/,False,272403.2586558045
150000000.0,9.0,ЦАО,236.0,,9,10,2005,False,False,3.0,4,https://www.cian.ru/sale/flat/266228776/,False,635593.220338983
179900000.0,10.0,ЦАО,170.1,108.0,4,6,2019,False,False,3.6,4,https://www.cian.ru/sale/flat/292249325/,False,1057613.1687242799
119000000.0,4.0,СЗАО,217.0,108.0,9,27,2006,False,False,3.1,4,https://www.cian.ru/sale/flat/295178043/,False,548387.0967741936
195000000.0,10.0,ЗАО,220.0,138.8,30,30,2007,False,False,3.5,4,https://www.cian.ru/sale/flat/290921431/,False,886363.6363636364
33500000.0,10.0,ЮЗАО,115.2,75.0,31,33,2019,False,False,2.7,4,https://www.cian.ru/sale/flat/300156635/,False,290798.6111111111
49000000.0,11.0,ЮЗАО,91.0,64.1,4,8,1956,False,False,3.0,4,https://www.cian.ru/sale/flat/300342326/,False,538461.5384615385
63500000.0,11.0,СВАО,118.5,70.1,18,19,2022,False,False,3.25,4,https://www.cian.ru/sale/flat/299157073/,False,535864.9789029536
210000000.0,4.0,ЦАО,172.0,,8,9,2010,False,False,3.6,4,https://www.cian.ru/sale/flat/299712795/,False,1220930.2325581396
31200000.0,15.0,СЗАО,97.0,63.5,3,5,,False,False,,4,https://www.cian.ru/sale/flat/288176588/,False,321649.4845360825
58000000.0,5.0,ВАО,127.0,,4,12,1978,False,False,,4,https://www.cian.ru/sale/flat/299343512/,False,456692.91338582675
44900000.0,18.0,ВАО,134.7,77.8,1,6,1951,False,False,3.3,4,https://www.cian.ru/sale/flat/298451321/,False,333333.3333333334
57400000.0,9.0,ЗАО,194.3,121.0,8,13,2013,False,False,3.3,4,https://www.cian.ru/sale/flat/297083103/,False,295419.4544518785
21950000.0,11.0,ЮВАО,85.3,56.4,4,12,1987,False,False,2.7,4,https://www.cian.ru/sale/flat/294904766/,False,257327.08089097304
47000000.0,2.0,ВАО,115.0,64.0,10,10,2003,False,False,3.5,4,https://www.cian.ru/sale/flat/300138207/,False,408695.652173913
15990000.0,13.0,СЗАО,65.2,45.8,6,9,,False,False,,4,https://www.cian.ru/sale/flat/299738414/,False,245245.39877300613
54000000.0,13.0,ВАО,122.7,72.5,5,15,1997,False,False,2.8,4,https://www.cian.ru/sale/flat/299143002/,False,440097.79951100243
14500000.0,12.0,ЮЗАО,64.0,47.0,3,9,1977,False,False,2.64,4,https://www.cian.ru/sale/flat/271286209/,False,226562.5
28500000.0,6.0,ЮАО,98.7,63.4,3,22,1992,False,False,2.66,4,https://www.cian.ru/sale/flat/299479448/,False,288753.7993920973
182209755.0,11.0,ЦАО,165.9,,9,18,,False,False,,4,https://www.cian.ru/sale/flat/298717136/,False,1098310.759493671
83000000.0,10.0,ЦАО,171.3,108.0,5,25,1998,False,False,3.0,4,https://www.cian.ru/sale/flat/298472219/,False,484530.0642148278
31200000.0,16.0,ВАО,100.0,66.0,8,22,2006,False,False,2.7,4,https://www.cian.ru/sale/flat/300936817/,False,312000.0
313000000.0,4.0,ЦАО,237.0,197.0,15,15,,False,False,,4,https://www.cian.ru/sale/flat/294170270/,False,1320675.105485232
231515000.0,4.0,ЗАО,150.2,80.0,8,9,,False,False,3.2,4,https://www.cian.ru/sale/flat/300393470/,False,1541378.1624500668
725300000.0,7.0,ЦАО,366.8,197.0,4,7,2016,False,False,3.6,4,https://www.cian.ru/sale/flat/299060923/,False,1977371.8647764449
396000000.0,9.0,ЦАО,255.6,,3,7,2003,False,False,3.35,4,https://www.cian.ru/sale/flat/292133913/,False,1549295.7746478873
73000000.0,7.0,ЗАО,122.0,,14,26,2019,False,False,3.15,4,https://www.cian.ru/sale/flat/292771380/,False,598360.655737705
170000000.0,12.0,ЦАО,182.0,142.0,6,10,2008,False,False,3.15,4,https://www.cian.ru/sale/flat/229252131/,False,934065.934065934
63000000.0,6.0,ЗАО,115.3,59.0,6,23,2012,False,False,3.0,4,https://www.cian.ru/sale/flat/300793867/,False,546400.693842151
22500000.0,6.0,ВАО,83.6,53.8,3,12,1986,False,False,2.65,4,https://www.cian.ru/sale/flat/300126325/,False,269138.75598086126
160000000.0,5.0,ЦАО,209.0,,35,67,,False,True,,4,https://www.cian.ru/sale/flat/300670580/,False,765550.2392344498
13999000.0,11.0,ЮВАО,62.6,44.0,3,9,1967,False,False,2.64,4,https://www.cian.ru/sale/flat/291396641/,False,223626.19808306708
88000000.0,8.0,ЦАО,179.0,,10,11,2022,False,True,,4,https://www.cian.ru/sale/flat/300822934/,False,491620.11173184356
230000000.0,6.0,ЦАО,156.0,,9,11,,False,False,,4,https://www.cian.ru/sale/flat/300740379/,False,1474358.9743589743
277246500.0,4.0,ЦАО,340.0,180.0,6,6,2002,False,False,,4,https://www.cian.ru/sale/flat/300539722/,False,815430.8823529412
100000000.0,8.0,ЦАО,109.7,72.6,3,3,1917,False,False,4.0,4,https://www.cian.ru/sale/flat/300912740/,False,911577.0282588878
58700000.0,11.0,САО,123.0,91.0,20,36,2023,False,True,3.0,4,https://www.cian.ru/sale/flat/293449159/,False,477235.77235772356
90000000.0,3.0,ЦАО,154.0,,5,5,1954,False,False,3.2,4,https://www.cian.ru/sale/flat/300760149/,False,584415.5844155845
14300000.0,4.0,ЮАО,62.4,46.0,5,9,,False,False,,4,https://www.cian.ru/sale/flat/299596657/,False,229166.6666666667
130817260.0,4.0,ЗАО,165.0,,40,53,2011,False,False,3.3,4,https://www.cian.ru/sale/flat/295392025/,False,792831.8787878788
59900000.0,13.0,ЗАО,145.0,,4,32,,False,False,,4,https://www.cian.ru/sale/flat/299646637/,False,413103.4482758621
620000000.0,13.0,ЦАО,355.0,,4,4,2021,False,False,,4,https://www.cian.ru/sale/flat/299645497/,False,1746478.8732394367
95000000.0,10.0,СВАО,151.1,74.5,5,12,1999,False,False,3.0,4,https://www.cian.ru/sale/flat/295284260/,False,628722.7001985441
114000000.0,4.0,ЦАО,165.7,86.0,2,7,1998,False,False,,4,https://www.cian.ru/sale/flat/300548969/,False,687990.3439951721
110000000.0,17.0,ЮЗАО,207.2,,6,16,2004,False,False,3.0,4,https://www.cian.ru/sale/flat/294292405/,False,530888.0308880309
345731330.0,5.0,ЦАО,214.0,171.0,4,6,,False,False,,4,https://www.cian.ru/sale/flat/291645443/,False,1615566.9626168224
36490000.0,9.0,СЗАО,139.2,96.0,3,8,2002,False,False,2.85,4,https://www.cian.ru/sale/flat/299724448/,False,262140.80459770118
140000000.0,7.0,САО,201.3,82.0,7,10,2017,False,True,,4,https://www.cian.ru/sale/flat/277002292/,False,695479.3840039741
38000000.0,17.0,САО,92.0,50.0,26,27,2022,False,False,4.5,4,https://www.cian.ru/sale/flat/299335099/,False,413043.47826086957
350000000.0,12.0,ЦАО,216.0,152.0,4,6,,False,False,3.4,4,https://www.cian.ru/sale/flat/298112694/,False,1620370.3703703703
21000000.0,12.0,СВАО,78.0,52.0,8,8,1960,False,False,3.0,4,https://www.cian.ru/sale/flat/293636204/,False,269230.76923076925
300000000.0,16.0,ЦАО,202.0,170.0,4,9,2014,False,False,3.1,4,https://www.cian.ru/sale/flat/301039807/,False,1485148.5148514851
53999000.0,10.0,ЦАО,113.5,78.0,5,6,1914,False,False,3.2,4,https://www.cian.ru/sale/flat/300054825/,False,475762.11453744496
34400000.0,10.0,ЮВАО,115.2,78.0,21,25,2023,False,False,2.8,4,https://www.cian.ru/sale/flat/301051968/,False,298611.1111111111
13700000.0,9.0,СВАО,64.6,46.7,9,9,1969,False,False,2.6,4,https://www.cian.ru/sale/flat/292667499/,False,212074.30340557278
22700000.0,3.0,ЮЗАО,99.0,63.9,5,22,,False,False,,4,https://www.cian.ru/sale/flat/297544719/,False,229292.9292929293
59990000.0,10.0,СЗАО,108.6,,38,58,2021,False,False,3.0,4,https://www.cian.ru/sale/flat/296325197/,False,552394.1068139963
56500000.0,15.0,САО,116.4,77.9,5,14,2006,False,False,3.0,4,https://www.cian.ru/sale/flat/290195787/,False,485395.1890034364
36000000.0,2.0,ЗАО,100.2,69.4,8,16,1999,False,False,3.0,4,https://www.cian.ru/sale/flat/299465716/,False,359281.4371257485
83900000.0,14.0,ЗАО,192.7,,25,30,2001,False,False,3.0,4,https://www.cian.ru/sale/flat/295761850/,False,435391.8007265179
36000000.0,14.0,ВАО,85.0,50.0,2,12,1975,False,False,2.8,4,https://www.cian.ru/sale/flat/284492252/,False,423529.4117647059
73300000.0,6.0,ЦАО,122.0,,5,18,2017,False,True,3.0,4,https://www.cian.ru/sale/flat/299294280/,False,600819.6721311476
27900000.0,3.0,ЮАО,100.6,58.0,22,22,1985,False,False,2.64,4,https://www.cian.ru/sale/flat/300949113/,False,277335.98409542744
243000000.0,2.0,ЦАО,175.2,125.0,40,60,,False,True,3.5,4,https://www.cian.ru/sale/flat/290380756/,False,1386986.301369863
130817260.0,13.0,ЦАО,217.0,,3,4,1946,False,False,3.4,4,https://www.cian.ru/sale/flat/295462657/,False,602844.5161290322
560000000.0,8.0,ЦАО,283.4,,6,6,2019,False,True,3.1,4,https://www.cian.ru/sale/flat/299477912/,False,1976005.6457304165
86000000.0,19.0,ЦАО,160.0,,12,22,2007,False,False,3.0,4,https://www.cian.ru/sale/flat/296940812/,False,537500.0
355075420.0,6.0,ЦАО,172.0,,2,5,2002,False,False,3.2,4,https://www.cian.ru/sale/flat/300578699/,False,2064391.9767441861
196225890.0,6.0,ЦАО,154.2,114.0,3,14,2005,False,False,3.0,4,https://www.cian.ru/sale/flat/290380899/,False,1272541.439688716
51500000.0,15.0,ЮАО,102.3,59.0,4,21,2023,False,False,3.0,4,https://www.cian.ru/sale/flat/295805048/,False,503421.3098729228
16800000.0,4.0,САО,62.3,45.0,8,9,1968,False,False,2.64,4,https://www.cian.ru/sale/flat/283635366/,False,269662.9213483146
19599000.0,12.0,САО,81.0,57.0,4,12,1981,False,False,2.5,4,https://www.cian.ru/sale/flat/299586601/,False,241962.96296296295
60000000.0,14.0,СЗАО,137.0,,40,41,2024,False,False,3.2,4,https://www.cian.ru/sale/flat/300524480/,False,437956.20437956206
155000000.0,11.0,САО,158.3,93.2,22,37,2021,False,False,3.1,4,https://www.cian.ru/sale/flat/300568716/,False,979153.5060012634
28771200.0,19.0,СЗАО,86.4,,3,4,2014,False,True,3.0,4,https://www.cian.ru/sale/flat/300094878/,False,333000.0
65000000.0,11.0,ЦАО,151.0,70.0,18,29,2022,False,False,2.95,4,https://www.cian.ru/sale/flat/301045598/,False,430463.5761589404
29900000.0,7.0,ЗАО,90.1,65.0,9,9,,False,False,,4,https://www.cian.ru/sale/flat/297470820/,False,331853.49611542735
58000000.0,15.0,ЗАО,132.6,,5,10,1997,False,False,3.0,4,https://www.cian.ru/sale/flat/298130815/,False,437405.7315233786
62000000.0,13.0,ВАО,117.0,56.0,14,20,1997,False,False,2.8,4,https://www.cian.ru/sale/flat/297851975/,False,529914.5299145299
330000000.0,16.0,ЦАО,202.0,,5,9,2013,False,False,,4,https://www.cian.ru/sale/flat/297766672/,False,1633663.3663366337
54000000.0,,ЗАО,140.0,85.0,7,21,,False,False,,4,https://www.cian.ru/sale/flat/299051337/,False,385714.28571428574
56064540.0,2.0,ЦАО,124.0,,4,6,1926,False,False,3.2,4,https://www.cian.ru/sale/flat/292789448/,False,452133.3870967742
130817260.0,4.0,ЗАО,165.0,,40,53,2012,False,False,5.0,4,https://www.cian.ru/sale/flat/297055902/,False,792831.8787878788
34200000.0,7.0,ЗАО,96.0,60.0,31,37,2021,False,False,3.0,4,https://www.cian.ru/sale/flat/277629088/,False,356250.0
145000000.0,2.0,ЦАО,134.0,,3,10,2002,False,False,3.0,4,https://www.cian.ru/sale/flat/299641072/,False,1082089.552238806
84990000.0,13.0,САО,91.0,60.0,6,41,2023,False,False,3.2,4,https://www.cian.ru/sale/flat/298980804/,False,933956.043956044
265500000.0,9.0,ЦАО,184.5,,2,6,2020,False,True,3.4,4,https://www.cian.ru/sale/flat/296125793/,False,1439024.3902439023
28000000.0,3.0,СВАО,98.5,59.0,13,22,1997,False,False,2.64,4,https://www.cian.ru/sale/flat/298049834/,False,284263.95939086296
34500000.0,5.0,ЮАО,109.0,55.0,18,24,2000,False,False,2.8,4,https://www.cian.ru/sale/flat/300478717/,False,316513.7614678899
49900000.0,7.0,ЮВАО,113.0,89.0,7,30,2012,False,False,3.0,4,https://www.cian.ru/sale/flat/298340818/,False,441592.9203539823
54000000.0,9.0,ЮАО,100.0,,17,17,2022,False,False,5.65,4,https://www.cian.ru/sale/flat/294661892/,False,540000.0
29300000.0,12.0,САО,111.2,79.8,16,19,2014,False,False,2.75,4,https://www.cian.ru/sale/flat/298835941/,False,263489.2086330935
13900000.0,7.0,ЮВАО,62.9,46.5,2,9,,False,False,,4,https://www.cian.ru/sale/flat/299359347/,False,220985.69157392686
210000000.0,4.0,ЦАО,172.0,,8,14,2011,False,False,3.5,4,https://www.cian.ru/sale/flat/298209370/,False,1220930.2325581396
26000000.0,3.0,СВАО,90.7,56.5,5,14,1988,False,False,,4,https://www.cian.ru/sale/flat/300839627/,False,286659.31642778387
32000000.0,6.0,ЗАО,109.1,60.0,5,22,2017,False,False,2.85,4,https://www.cian.ru/sale/flat/300219455/,False,293308.8909257562
42000000.0,8.0,САО,113.0,71.6,35,35,2023,False,False,3.1,4,https://www.cian.ru/sale/flat/300181346/,False,371681.41592920356
78890000.0,3.0,ЦАО,140.0,101.0,4,5,1900,False,False,3.2,4,https://www.cian.ru/sale/flat/298988937/,False,563500.0
290000000.0,16.0,ЦАО,201.6,133.0,4,8,,False,False,,4,https://www.cian.ru/sale/flat/300509096/,False,1438492.0634920634
34800000.0,7.0,САО,91.0,,35,35,,False,False,3.0,4,https://www.cian.ru/sale/flat/300818719/,False,382417.5824175824
63600000.0,5.0,ЗАО,95.0,60.0,13,14,2021,False,False,3.1,4,https://www.cian.ru/sale/flat/298357161/,False,669473.6842105263
45000000.0,19.0,ЗАО,114.0,67.7,21,31,2023,False,False,3.0,4,https://www.cian.ru/sale/flat/300072056/,False,394736.84210526315
110000000.0,5.0,ЦАО,160.0,,6,9,1911,False,False,3.4,4,https://www.cian.ru/sale/flat/300936966/,False,687500.0
220000000.0,10.0,ЗАО,190.0,,5,12,2005,False,False,3.0,4,https://www.cian.ru/sale/flat/294672502/,False,1157894.7368421052
26500000.0,3.0,ЮВАО,110.3,69.1,8,17,1999,False,False,2.64,4,https://www.cian.ru/sale/flat/299052899/,False,240253.8531278332
140000000.0,10.0,ЦАО,138.0,53.0,7,9,1998,False,False,3.0,4,https://www.cian.ru/sale/flat/299906692/,False,1014492.7536231884
51300000.0,14.0,СЗАО,124.4,77.6,5,7,,False,False,3.0,4,https://www.cian.ru/sale/flat/293739181/,False,412379.42122186493
37900000.0,14.0,ЗАО,114.0,76.4,12,24,2022,False,False,3.3,4,https://www.cian.ru/sale/flat/295927514/,False,332456.1403508772
68900000.0,17.0,ЗАО,111.0,70.0,4,20,2020,False,False,3.0,4,https://www.cian.ru/sale/flat/299792149/,False,620720.7207207207
27000000.0,12.0,ВАО,100.0,70.0,8,9,1956,False,False,3.2,4,https://www.cian.ru/sale/flat/297744152/,False,270000.0
99000000.0,28.0,ЗАО,136.5,84.6,5,12,,False,False,,4,https://www.cian.ru/sale/flat/300508999/,False,725274.7252747252
280322700.0,4.0,ЦАО,340.0,,6,6,2002,False,False,3.0,4,https://www.cian.ru/sale/flat/299604103/,False,824478.5294117647
60000000.0,5.0,ЦАО,131.2,92.6,6,8,1912,False,False,,4,https://www.cian.ru/sale/flat/297549619/,False,457317.0731707318
23700000.0,12.0,ЮЗАО,100.0,65.0,8,22,2007,False,False,,4,https://www.cian.ru/sale/flat/299486317/,False,237000.0
240000000.0,13.0,ЦАО,170.0,,3,6,2022,False,False,,4,https://www.cian.ru/sale/flat/298470038/,False,1411764.705882353
37000000.0,14.0,ЦАО,109.2,67.0,5,16,1999,False,False,2.74,4,https://www.cian.ru/sale/flat/299509263/,False,338827.83882783883
24300000.0,3.0,СВАО,83.2,56.5,2,14,1988,False,False,2.64,4,https://www.cian.ru/sale/flat/299252485/,False,292067.3076923077
25200000.0,16.0,ВАО,94.5,58.8,15,17,,False,False,2.8,4,https://www.cian.ru/sale/flat/298222997/,False,266666.6666666667
31000000.0,3.0,ЦАО,71.0,52.2,1,4,,False,False,,4,https://www.cian.ru/sale/flat/297980242/,False,436619.71830985916
355075420.0,6.0,ЦАО,210.0,125.0,5,6,2006,False,False,3.0,4,https://www.cian.ru/sale/flat/301035457/,False,1690835.3333333333
560645400.0,2.0,ЦАО,246.4,,8,9,2023,False,True,3.5,4,https://www.cian.ru/sale/flat/288723231/,False,2275346.590909091
35000000.0,15.0,САО,115.2,63.0,12,22,2002,False,False,2.75,4,https://www.cian.ru/sale/flat/300522984/,False,303819.44444444444
29990000.0,9.0,ЗАО,81.0,54.9,18,20,,False,False,,4,https://www.cian.ru/sale/flat/298268379/,False,370246.9135802469
34000000.0,5.0,СВАО,107.8,68.6,4,6,2020,False,False,2.8,4,https://www.cian.ru/sale/flat/297772107/,False,315398.8868274583
44000000.0,2.0,САО,92.0,60.0,41,59,,False,False,3.0,4,https://www.cian.ru/sale/flat/300664263/,False,478260.8695652174
82000000.0,18.0,СЗАО,190.0,,9,35,2003,False,False,3.2,4,https://www.cian.ru/sale/flat/292953495/,False,431578.94736842107
27800000.0,18.0,ЮВАО,106.5,65.6,9,23,2007,False,False,2.64,4,https://www.cian.ru/sale/flat/299152916/,False,261032.86384976527
22000000.0,5.0,ЮВАО,93.0,,2,7,1996,False,False,2.7,4,https://www.cian.ru/sale/flat/299575961/,False,236559.13978494622
165000000.0,9.0,ЦАО,173.6,,7,13,2009,False,False,,4,https://www.cian.ru/sale/flat/294172054/,False,950460.8294930876
13150000.0,16.0,ЦАО,81.0,61.8,1,5,1932,False,False,3.0,4,https://www.cian.ru/sale/flat/300397844/,False,162345.67901234567
29504877.0,6.0,САО,86.1,49.5,2,12,,False,False,,4,https://www.cian.ru/sale/flat/300755851/,False,342681.49825783976
160000000.0,7.0,ЦАО,153.3,,12,21,2023,False,False,3.1,4,https://www.cian.ru/sale/flat/291642079/,False,1043705.1532941943
27500000.0,6.0,ЗАО,81.0,53.0,28,32,2022,False,False,2.62,4,https://www.cian.ru/sale/flat/299303288/,False,339506.1728395062
11650000.0,4.0,ЗАО,63.1,46.7,4,9,1979,False,False,2.64,4,https://www.cian.ru/sale/flat/299241499/,False,184627.57527733754
17250000.0,4.0,СЗАО,63.0,45.0,3,9,1970,False,False,2.6,4,https://www.cian.ru/sale/flat/298058962/,False,273809.5238095238
16600000.0,15.0,ЮАО,85.0,60.0,9,12,1978,False,False,2.75,4,https://www.cian.ru/sale/flat/300300865/,False,195294.11764705883
93000000.0,9.0,ЗАО,216.0,121.0,15,44,2004,False,False,3.0,4,https://www.cian.ru/sale/flat/298876471/,False,430555.55555555556
186881800.0,10.0,ЦАО,187.0,,3,8,2001,False,False,,4,https://www.cian.ru/sale/flat/283440889/,False,999367.9144385026
162900000.0,12.0,ЦАО,159.2,,3,11,2009,False,False,3.15,4,https://www.cian.ru/sale/flat/299938567/,False,1023241.2060301509
218651706.0,5.0,ЦАО,157.6,,7,18,,False,False,,4,https://www.cian.ru/sale/flat/300509376/,False,1387383.921319797
20000000.0,8.0,ЗАО,67.0,50.0,5,9,,False,False,,4,https://www.cian.ru/sale/flat/301016139/,False,298507.46268656716
17000000.0,12.0,ЮЗАО,99.9,63.9,10,12,,False,False,,4,https://www.cian.ru/sale/flat/294567971/,False,170170.17017017017
160000000.0,3.0,ЦАО,155.0,120.0,6,7,1914,False,False,,4,https://www.cian.ru/sale/flat/300539792/,False,1032258.0645161291
235000000.0,10.0,ЗАО,434.0,137.0,22,22,2011,False,False,,4,https://www.cian.ru/sale/flat/293449799/,False,541474.6543778802
238525000.0,7.0,ЦАО,136.0,90.0,19,21,2023,False,False,,4,https://www.cian.ru/sale/flat/300053781/,False,1753860.294117647
84000000.0,10.0,САО,135.0,55.0,3,25,2020,False,True,3.2,4,https://www.cian.ru/sale/flat/298253271/,False,622222.2222222222
40000000.0,9.0,ЮЗАО,120.0,,7,23,2017,False,False,2.8,4,https://www.cian.ru/sale/flat/298049866/,False,333333.3333333333
75000000.0,13.0,ЦАО,90.0,,44,44,2018,False,False,3.0,4,https://www.cian.ru/sale/flat/298802516/,False,833333.3333333334
23500000.0,15.0,САО,107.2,79.9,11,12,1980,False,False,2.5,4,https://www.cian.ru/sale/flat/297201767/,False,219216.41791044775
330000000.0,12.0,ЦАО,285.35,,7,7,2021,False,False,3.2,4,https://www.cian.ru/sale/flat/300155192/,False,1156474.5049938671
32400000.0,6.0,ЦАО,112.0,79.4,10,12,,False,False,2.6,4,https://www.cian.ru/sale/flat/300656306/,False,289285.71428571426
3000000.0,4.0,ЮВАО,87.5,61.0,6,6,,False,False,,4,https://www.cian.ru/sale/flat/297007791/,False,34285.71428571428
78000000.0,17.0,ЮАО,138.0,60.0,6,14,2019,False,False,3.4,4,https://www.cian.ru/sale/flat/295872379/,False,565217.3913043478
95000000.0,12.0,СЗАО,180.0,80.0,38,48,,False,False,3.15,4,https://www.cian.ru/sale/flat/297318631/,False,527777.7777777778
129695970.0,5.0,ЗАО,148.0,,12,13,2017,False,True,4.0,4,https://www.cian.ru/sale/flat/296776103/,False,876324.1216216217
39990000.0,10.0,СЗАО,96.5,59.9,27,55,2022,False,False,3.0,4,https://www.cian.ru/sale/flat/299289763/,False,414404.1450777202
52000000.0,9.0,ЦАО,101.0,73.0,3,9,1937,False,False,,4,https://www.cian.ru/sale/flat/300539859/,False,514851.48514851485
260000000.0,5.0,ЦАО,193.7,,2,6,,False,False,,4,https://www.cian.ru/sale/flat/290537650/,False,1342281.879194631
23900000.0,5.0,ЮЗАО,94.7,62.7,3,4,1999,False,False,2.64,4,https://www.cian.ru/sale/flat/292658999/,False,252375.92397043295
495000000.0,6.0,ЦАО,300.0,,3,5,2014,False,True,3.5,4,https://www.cian.ru/sale/flat/300250559/,False,1650000.0
20300000.0,10.0,ЮАО,74.6,58.4,4,9,1965,False,False,2.64,4,https://www.cian.ru/sale/flat/292374663/,False,272117.96246648795
229500000.0,8.0,ЦАО,153.0,90.0,6,12,,False,False,,4,https://www.cian.ru/sale/flat/295229143/,False,1500000.0
28900000.0,8.0,ВАО,96.0,62.0,6,9,2023,False,False,2.8,4,https://www.cian.ru/sale/flat/297427817/,False,301041.6666666667
26000000.0,11.0,ЮЗАО,92.0,70.0,18,19,2016,False,False,2.7,4,https://www.cian.ru/sale/flat/293357587/,False,282608.6956521739
79000000.0,8.0,ЗАО,150.0,83.0,29,33,2015,False,False,3.1,4,https://www.cian.ru/sale/flat/300015364/,False,526666.6666666666
59000000.0,12.0,ЮЗАО,173.0,,7,16,2001,False,False,3.14,4,https://www.cian.ru/sale/flat/297117691/,False,341040.4624277457
265500000.0,10.0,ЦАО,161.6,115.0,2,7,1913,False,False,4.0,4,https://www.cian.ru/sale/flat/291733228/,False,1642945.5445544554
34000000.0,11.0,САО,95.8,60.8,6,7,,False,False,,4,https://www.cian.ru/sale/flat/281289715/,False,354906.0542797495
20300000.0,5.0,ВАО,71.1,49.4,9,16,1968,False,False,2.64,4,https://www.cian.ru/sale/flat/297074040/,False,285513.3614627286
60000000.0,5.0,ЗАО,200.0,123.0,9,21,2000,False,False,3.0,4,https://www.cian.ru/sale/flat/285823542/,False,300000.0
18300000.0,7.0,ВАО,78.0,61.8,8,9,,False,False,2.7,4,https://www.cian.ru/sale/flat/300483653/,False,234615.38461538462
196225890.0,10.0,САО,177.1,,32,37,2006,False,False,3.0,4,https://www.cian.ru/sale/flat/298870082/,False,1107994.861660079
95000000.0,4.0,ЗАО,157.0,,44,53,2012,False,False,5.0,4,https://www.cian.ru/sale/flat/297988218/,False,605095.5414012739
38999999.0,10.0,ЗАО,107.0,64.0,10,14,1976,False,False,3.3,4,https://www.cian.ru/sale/flat/296785000/,False,364485.97196261684
15000000.0,16.0,ЗАО,64.0,46.2,9,9,1970,False,False,2.64,4,https://www.cian.ru/sale/flat/297772053/,False,234375.0
211680000.0,8.0,ЦАО,176.4,134.0,7,7,2012,False,False,3.4,4,https://www.cian.ru/sale/flat/298795836/,False,1200000.0
35500000.0,10.0,СВАО,98.0,66.0,4,11,,False,False,,4,https://www.cian.ru/sale/flat/293909122/,False,362244.89795918367
49900000.0,14.0,САО,126.0,74.0,6,34,,False,False,3.0,4,https://www.cian.ru/sale/flat/292912365/,False,396031.74603174604
69000000.0,7.0,САО,100.0,,3,13,,False,False,3.0,4,https://www.cian.ru/sale/flat/300143589/,False,690000.0
32000000.0,11.0,ЮЗАО,111.9,75.0,14,17,1997,False,False,2.7,4,https://www.cian.ru/sale/flat/299207571/,False,285969.6157283289
74900000.0,17.0,ЮАО,140.2,60.0,15,16,2001,False,False,3.1,4,https://www.cian.ru/sale/flat/295800026/,False,534236.8045649073
33999000.0,7.0,ЗАО,100.6,64.9,21,22,1997,False,False,2.64,4,https://www.cian.ru/sale/flat/299668650/,False,337962.2266401591
217080000.0,13.0,ЗАО,190.6,174.9,4,6,2019,False,False,3.5,4,https://www.cian.ru/sale/flat/294814361/,False,1138929.6956977965
70000000.0,7.0,ЮАО,130.0,,14,22,2002,False,False,3.0,4,https://www.cian.ru/sale/flat/300247942/,False,538461.5384615385
52000000.0,8.0,ЗАО,105.6,58.0,12,28,,False,False,,4,https://www.cian.ru/sale/flat/299601548/,False,492424.24242424243
15300000.0,7.0,ЮЗАО,63.5,47.0,2,9,1977,False,False,2.64,4,https://www.cian.ru/sale/flat/297284429/,False,240944.88188976378
28500000.0,3.0,ЦАО,76.5,54.7,7,7,1929,False,False,3.3,4,https://www.cian.ru/sale/flat/300744172/,False,372549.01960784313
205569887.0,11.0,ЦАО,163.8,,2,10,2013,False,False,3.4,4,https://www.cian.ru/sale/flat/294768307/,False,1255005.415140415
27000000.0,10.0,ЗАО,100.4,65.0,11,22,,False,False,,4,https://www.cian.ru/sale/flat/274529546/,False,268924.3027888446
33000000.0,4.0,САО,105.3,64.8,20,24,,False,False,,4,https://www.cian.ru/sale/flat/295403279/,False,313390.3133903134
27000000.0,2.0,СЗАО,75.0,51.6,2,12,,False,False,,4,https://www.cian.ru/sale/flat/294782798/,False,360000.0
70000000.0,12.0,СВАО,99.7,61.3,3,11,,False,False,,4,https://www.cian.ru/sale/flat/296404224/,False,702106.3189568706
18500000.0,9.0,ЗАО,62.6,48.0,4,9,1969,False,False,2.6,4,https://www.cian.ru/sale/flat/294650914/,False,295527.15654952073
165000000.0,12.0,ЦАО,163.7,104.8,5,18,2021,False,False,3.2,4,https://www.cian.ru/sale/flat/297217894/,False,1007941.3561392792
55000000.0,12.0,ЦАО,95.0,,1,6,1957,False,False,2.7,4,https://www.cian.ru/sale/flat/300005949/,False,578947.3684210526
22900000.0,6.0,ЮЗАО,116.6,71.6,2,14,,False,False,,4,https://www.cian.ru/sale/flat/297590641/,False,196397.94168096056
22500000.0,10.0,ЮВАО,108.2,73.7,3,7,,False,False,,4,https://www.cian.ru/sale/flat/253869063/,False,207948.24399260627
486000000.0,9.0,ЦАО,252.3,,4,7,2003,False,False,3.6,4,https://www.cian.ru/sale/flat/299925208/,False,1926278.2401902496
495498405.0,3.0,ЦАО,294.6,,80,85,,False,True,4.0,4,https://www.cian.ru/sale/flat/297733877/,False,1681936.2016293278
21500000.0,14.0,САО,100.0,73.0,1,5,1956,False,False,3.0,4,https://www.cian.ru/sale/flat/297960664/,False,215000.0
23700000.0,12.0,ЮАО,88.7,61.0,6,6,1940,False,False,,4,https://www.cian.ru/sale/flat/277714089/,False,267192.7846674183
56950000.0,6.0,ЮАО,107.0,63.8,10,22,2008,False,False,2.85,4,https://www.cian.ru/sale/flat/300961655/,False,532242.9906542056
29990000.0,9.0,СВАО,103.7,68.7,2,6,1938,False,False,3.0,4,https://www.cian.ru/sale/flat/297346246/,False,289199.6142719383
161000000.0,12.0,ЗАО,220.0,,1,10,2019,False,True,,4,https://www.cian.ru/sale/flat/284513072/,False,731818.1818181818
129000000.0,9.0,ЦАО,150.0,52.1,4,6,2003,False,False,3.1,4,https://www.cian.ru/sale/flat/300005942/,False,860000.0
411139960.0,3.0,ЦАО,273.0,,7,10,,False,False,,4,https://www.cian.ru/sale/flat/293697907/,False,1506007.1794871795
140000000.0,9.0,САО,201.3,,7,10,2017,False,False,3.15,4,https://www.cian.ru/sale/flat/297581765/,False,695479.3840039741
26500000.0,8.0,СВАО,82.1,50.0,2,16,1978,False,False,2.64,4,https://www.cian.ru/sale/flat/300608049/,False,322777.10109622416
57500000.0,15.0,СЗАО,119.0,74.0,11,16,2018,False,False,2.9,4,https://www.cian.ru/sale/flat/288720122/,False,483193.2773109244
137000000.0,12.0,САО,138.2,,26,41,2020,False,False,3.1,4,https://www.cian.ru/sale/flat/285243200/,False,991316.9319826339
260000000.0,10.0,ЦАО,230.0,119.0,6,7,,False,False,,4,https://www.cian.ru/sale/flat/297857098/,False,1130434.7826086956
120000000.0,3.0,ЦАО,157.3,96.0,5,12,2003,False,False,3.2,4,https://www.cian.ru/sale/flat/290380778/,False,762873.4901462174
60000000.0,9.0,ЦАО,101.7,,4,6,1914,False,False,3.2,4,https://www.cian.ru/sale/flat/293990998/,False,589970.5014749262
290000000.0,7.0,ЦАО,261.79,183.0,7,7,2019,False,False,3.8,4,https://www.cian.ru/sale/flat/282977876/,False,1107758.126742809
36000000.0,20.0,ЮЗАО,86.7,,23,42,,False,False,,4,https://www.cian.ru/sale/flat/296687659/,False,415224.91349480965
19000000.0,1.0,ЮВАО,71.8,51.9,5,5,1929,False,False,,4,https://www.cian.ru/sale/flat/294418297/,False,264623.9554317549
117000000.0,10.0,ЦАО,189.1,,4,19,1999,False,False,3.3,4,https://www.cian.ru/sale/flat/300759292/,False,618720.2538339503
14000000.0,18.0,ЮВАО,63.1,46.5,3,9,1979,False,False,2.6,4,https://www.cian.ru/sale/flat/300299181/,False,221870.0475435816
109700000.0,17.0,ЦАО,212.0,,11,24,2004,False,False,3.0,4,https://www.cian.ru/sale/flat/298205927/,False,517452.8301886792
68499000.0,14.0,САО,195.0,110.0,20,32,2008,False,False,3.0,4,https://www.cian.ru/sale/flat/300148052/,False,351276.92307692306
373763600.0,6.0,ЦАО,244.9,,10,14,2007,False,False,6.5,4,https://www.cian.ru/sale/flat/290862825/,False,1526188.6484279297
96000000.0,8.0,САО,148.7,,4,12,2019,False,True,,4,https://www.cian.ru/sale/flat/298719691/,False,645595.1580363148
195500000.0,5.0,ЗАО,170.0,,6,8,2020,False,False,,4,https://www.cian.ru/sale/flat/282551748/,False,1150000.0
25900000.0,8.0,ЮВАО,80.0,40.0,4,12,2019,False,False,2.85,4,https://www.cian.ru/sale/flat/297453781/,False,323750.0
24700000.0,5.0,САО,100.0,71.4,4,5,1957,False,False,3.0,4,https://www.cian.ru/sale/flat/298024340/,False,247000.0
67500000.0,12.0,ЮЗАО,204.2,,3,18,2005,False,False,3.0,4,https://www.cian.ru/sale/flat/300687422/,False,330558.27619980415
27500000.0,11.0,САО,90.0,70.0,6,7,1929,False,False,3.0,4,https://www.cian.ru/sale/flat/300603788/,False,305555.55555555556
495498405.0,3.0,ЦАО,294.6,,80,85,2016,False,True,3.0,4,https://www.cian.ru/sale/flat/300102965/,False,1681936.2016293278
140161350.0,11.0,ЦАО,143.0,,6,7,,False,True,3.4,4,https://www.cian.ru/sale/flat/296565365/,False,980149.3006993007
69900000.0,6.0,ЗАО,126.8,75.5,11,13,2022,False,False,,4,https://www.cian.ru/sale/flat/300301413/,False,551261.8296529969
160000000.0,9.0,ЦАО,149.0,,3,10,2013,False,False,,4,https://www.cian.ru/sale/flat/289779282/,False,1073825.5033557047
28300000.0,11.0,ЮВАО,86.0,,2,9,2018,False,False,,4,https://www.cian.ru/sale/flat/300586877/,False,329069.76744186046
250000000.0,9.0,ЦАО,170.0,,6,11,,False,False,,4,https://www.cian.ru/sale/flat/293620532/,False,1470588.2352941176
18200000.0,6.0,ЮАО,112.1,,11,22,,False,False,,4,https://www.cian.ru/sale/flat/300640200/,False,162355.0401427297
34500000.0,4.0,ЮАО,102.0,72.2,12,17,2013,False,False,3.0,4,https://www.cian.ru/sale/flat/299038281/,False,338235.29411764705
26500000.0,9.0,СВАО,100.4,64.6,11,18,,False,False,,4,https://www.cian.ru/sale/flat/285076882/,False,263944.22310756973
29900000.0,8.0,ЮЗАО,96.2,62.0,1,17,1999,False,False,2.64,4,https://www.cian.ru/sale/flat/300147166/,False,310810.8108108108
14500000.0,8.0,СВАО,64.5,45.9,1,9,,False,False,,4,https://www.cian.ru/sale/flat/300107944/,False,224806.2015503876
59000000.0,5.0,ЗАО,91.1,,4,14,,False,False,,4,https://www.cian.ru/sale/flat/300682749/,False,647639.9560922064
569100000.0,7.0,ЦАО,227.64,,11,15,2022,False,False,3.3,4,https://www.cian.ru/sale/flat/272126679/,False,2500000.0
20000000.0,8.0,ЗАО,67.0,47.0,5,9,1968,False,False,2.5,4,https://www.cian.ru/sale/flat/300942055/,False,298507.46268656716
39500000.0,10.0,ЗАО,121.0,71.1,2,14,2006,False,False,2.64,4,https://www.cian.ru/sale/flat/298449196/,False,326446.2809917355
21950000.0,8.0,ВАО,97.4,72.5,5,5,,False,False,,4,https://www.cian.ru/sale/flat/284683762/,False,225359.34291581108
38000000.0,15.0,САО,120.0,90.0,16,34,,False,False,3.0,4,https://www.cian.ru/sale/flat/298984673/,False,316666.6666666667
27000000.0,10.0,ВАО,95.0,,9,10,2004,False,False,2.64,4,https://www.cian.ru/sale/flat/298170350/,False,284210.5263157895
34900000.0,10.0,САО,102.0,62.0,4,17,2002,False,False,,4,https://www.cian.ru/sale/flat/300396455/,False,342156.862745098
166000000.0,8.0,ЦАО,176.7,84.0,4,5,1998,False,False,2.7,4,https://www.cian.ru/sale/flat/294657110/,False,939445.3876627053
43000000.0,14.0,Неизвестно,87.0,70.0,34,47,,False,False,2.8,4,https://www.cian.ru/sale/flat/292699755/,False,494252.8735632184
170000000.0,5.0,ЦАО,166.3,65.0,4,6,,False,False,,4,https://www.cian.ru/sale/flat/297747833/,False,1022248.9476849068
25300000.0,17.0,СВАО,104.0,64.2,9,22,2006,False,False,2.64,4,https://www.cian.ru/sale/flat/297943051/,False,243269.23076923078
41000000.0,5.0,ЦАО,94.3,57.0,4,4,1874,False,False,3.0,4,https://www.cian.ru/sale/flat/300612898/,False,434782.60869565216
42000000.0,4.0,СВАО,105.0,70.0,22,22,1989,False,False,2.75,4,https://www.cian.ru/sale/flat/289198876/,False,400000.0
85000000.0,8.0,ЦАО,140.0,90.0,7,7,1952,False,False,,4,https://www.cian.ru/sale/flat/300539743/,False,607142.8571428572
350000000.0,8.0,ЦАО,200.0,80.0,3,10,2008,False,False,3.2,4,https://www.cian.ru/sale/flat/300475516/,False,1750000.0
33000000.0,3.0,СЗАО,100.0,64.3,20,22,1997,False,False,2.66,4,https://www.cian.ru/sale/flat/299101297/,False,330000.0
150000000.0,16.0,ЗАО,168.1,,7,7,1999,False,False,3.0,4,https://www.cian.ru/sale/flat/289519232/,False,892325.996430696
154000000.0,9.0,ЦАО,177.0,110.4,2,8,2009,False,False,,4,https://www.cian.ru/sale/flat/300393601/,False,870056.4971751412
196225890.0,12.0,СЗАО,212.0,,22,32,2008,False,False,3.0,4,https://www.cian.ru/sale/flat/300478208/,False,925593.820754717
34000000.0,7.0,ЗАО,101.4,64.6,22,22,1997,False,False,2.64,4,https://www.cian.ru/sale/flat/300381555/,False,335305.7199211045
185000000.0,,САО,195.0,,13,15,2019,False,True,3.0,4,https://www.cian.ru/sale/flat/280360268/,False,948717.9487179487
168000000.0,9.0,ЗАО,280.0,150.0,42,44,,False,False,,4,https://www.cian.ru/sale/flat/299650626/,False,600000.0
41600000.0,17.0,ЦАО,104.3,78.0,9,17,2000,False,False,2.6,4,https://www.cian.ru/sale/flat/299098431/,False,398849.47267497604
98112945.0,4.0,ЦАО,160.0,,4,9,1913,False,False,3.0,4,https://www.cian.ru/sale/flat/299724522/,False,613205.90625
18250000.0,9.0,ЮВАО,90.9,62.0,3,17,2013,False,False,2.64,4,https://www.cian.ru/sale/flat/292603829/,False,200770.07700770075
24960000.0,9.0,САО,90.0,65.5,6,8,1956,False,False,3.2,4,https://www.cian.ru/sale/flat/297067770/,False,277333.3333333333
243000000.0,2.0,ЦАО,175.0,125.0,40,60,,False,True,,4,https://www.cian.ru/sale/flat/295152325/,False,1388571.4285714286
37950000.0,7.0,ЦАО,73.2,,2,4,1898,False,False,3.0,4,https://www.cian.ru/sale/flat/300545043/,False,518442.62295081967
56000000.0,14.0,ЗАО,109.0,65.0,15,16,2018,False,True,,4,https://www.cian.ru/sale/flat/299389195/,False,513761.46788990824
325000000.0,5.0,ЦАО,212.0,,4,12,2002,False,False,3.5,4,https://www.cian.ru/sale/flat/297946122/,False,1533018.8679245282
77000000.0,6.0,ЮЗАО,177.8,98.0,7,20,2005,False,False,,4,https://www.cian.ru/sale/flat/297727468/,False,433070.86614173226
220000000.0,7.0,ЦАО,162.2,,5,6,2009,False,False,3.3,4,https://www.cian.ru/sale/flat/295855242/,False,1356350.1849568435
141938000.0,6.0,ЦАО,151.1,,4,7,2017,False,True,3.3,4,https://www.cian.ru/sale/flat/291208092/,False,939364.6591661152
33300000.0,16.0,ЮЗАО,102.0,74.0,21,22,1982,False,False,2.64,4,https://www.cian.ru/sale/flat/298934924/,False,326470.5882352941
20800000.0,9.0,СВАО,95.9,58.8,8,22,1984,False,False,2.64,4,https://www.cian.ru/sale/flat/296572798/,False,216892.59645464024
38000000.0,11.0,ЮВАО,108.0,75.0,6,7,1937,False,False,3.3,4,https://www.cian.ru/sale/flat/300352085/,False,351851.85185185185
90000000.0,9.0,ЗАО,132.8,,4,14,2022,False,False,3.4,4,https://www.cian.ru/sale/flat/287663543/,False,677710.8433734939
72000000.0,4.0,ЦАО,98.0,,5,6,1910,False,False,3.2,4,https://www.cian.ru/sale/flat/297680385/,False,734693.8775510204
204999000.0,11.0,ЦАО,184.3,,4,12,,False,False,,4,https://www.cian.ru/sale/flat/300650836/,False,1112311.448724905
21800000.0,7.0,ЦАО,61.6,42.7,1,4,1929,False,False,2.8,4,https://www.cian.ru/sale/flat/300403416/,False,353896.1038961039
27000000.0,,СЗАО,129.0,,6,23,2005,False,False,,4,https://www.cian.ru/sale/flat/289905417/,False,209302.32558139536
175000000.0,12.0,ЦАО,125.8,,4,9,,False,False,,4,https://www.cian.ru/sale/flat/300509391/,False,1391096.9793322736
20000000.0,7.0,ВАО,79.0,55.4,5,6,1927,False,False,3.0,4,https://www.cian.ru/sale/flat/297525115/,False,253164.55696202532
84990000.0,11.0,ЗАО,135.0,95.0,21,39,2017,False,False,3.1,4,https://www.cian.ru/sale/flat/300393612/,False,629555.5555555555
60000000.0,7.0,САО,100.0,,12,18,2018,False,False,3.1,4,https://www.cian.ru/sale/flat/300818196/,False,600000.0
220000000.0,8.0,ЦАО,250.0,120.0,6,7,,False,True,3.4,4,https://www.cian.ru/sale/flat/279095017/,False,880000.0
140000000.0,7.0,САО,203.1,,7,11,,False,True,3.15,4,https://www.cian.ru/sale/flat/285555298/,False,689315.60807484
108000000.0,8.0,ЦАО,180.0,,9,9,1997,False,True,5.4,4,https://www.cian.ru/sale/flat/300005789/,False,600000.0
103000000.0,6.0,САО,187.4,107.0,18,32,2005,False,False,,4,https://www.cian.ru/sale/flat/294654566/,False,549626.4674493063
14500000.0,13.0,ЮЗАО,63.0,46.0,6,9,,False,False,,4,https://www.cian.ru/sale/flat/299520142/,False,230158.73015873015
230000000.0,6.0,ЦАО,212.3,,6,7,,False,True,3.4,4,https://www.cian.ru/sale/flat/292704771/,False,1083372.5859632595
22000000.0,7.0,ЮВАО,83.8,61.4,2,6,1929,False,False,,4,https://www.cian.ru/sale/flat/300200225/,False,262529.83293556084
14300000.0,11.0,ЦАО,80.9,56.4,8,8,1957,False,False,3.2,4,https://www.cian.ru/sale/flat/297372708/,False,176761.43386897404
44500000.0,10.0,СЗАО,106.8,66.3,11,53,2022,False,False,3.0,4,https://www.cian.ru/sale/flat/287728087/,False,416666.6666666667
45000000.0,10.0,СЗАО,108.2,,11,58,2021,False,False,3.0,4,https://www.cian.ru/sale/flat/296325192/,False,415896.48798521253
165000000.0,12.0,ЦАО,165.0,,5,20,2021,False,False,3.23,4,https://www.cian.ru/sale/flat/295280191/,False,1000000.0
78000000.0,4.0,ЦАО,134.0,107.0,6,7,,False,False,,4,https://www.cian.ru/sale/flat/299895112/,False,582089.5522388059
125000000.0,10.0,САО,169.5,,23,25,2020,False,False,3.2,4,https://www.cian.ru/sale/flat/297603832/,False,737463.1268436578
118500000.0,15.0,ЗАО,257.2,,12,22,,False,False,3.5,4,https://www.cian.ru/sale/flat/299276285/,False,460730.94867807155
5000000.0,12.0,ЮВАО,74.0,58.0,1,12,1980,False,False,2.65,4,https://www.cian.ru/sale/flat/299187334/,False,67567.56756756757
72000000.0,8.0,ЦАО,115.4,84.8,6,8,1959,False,False,3.0,4,https://www.cian.ru/sale/flat/299459960/,False,623916.8110918544
145000000.0,12.0,ЦАО,146.0,,6,13,2017,False,False,3.2,4,https://www.cian.ru/sale/flat/299853624/,False,993150.6849315069
33000000.0,9.0,САО,82.0,55.0,3,8,1937,False,False,3.2,4,https://www.cian.ru/sale/flat/294978286/,False,402439.0243902439
20500000.0,8.0,ЗАО,67.0,53.0,5,9,1967,False,False,2.5,4,https://www.cian.ru/sale/flat/300889157/,False,305970.14925373136
196225890.0,7.0,ЦАО,195.1,80.0,4,7,,False,False,3.4,4,https://www.cian.ru/sale/flat/297124780/,False,1005770.8354689903
14000000.0,14.0,ЮЗАО,63.2,46.3,9,9,1972,False,False,,4,https://www.cian.ru/sale/flat/300574311/,False,221518.98734177215
259000000.0,7.0,ЦАО,173.0,101.0,5,16,2010,False,False,3.0,4,https://www.cian.ru/sale/flat/300194263/,False,1497109.8265895953
243000000.0,2.0,ЦАО,175.2,,40,59,2011,False,True,3.5,4,https://www.cian.ru/sale/flat/299638326/,False,1386986.301369863
33000000.0,10.0,САО,91.1,66.6,3,8,1955,False,False,3.2,4,https://www.cian.ru/sale/flat/299573780/,False,362239.2974753019
130000000.0,28.0,СЗАО,143.6,,30,36,,False,False,3.4,4,https://www.cian.ru/sale/flat/298158751/,False,905292.4791086351
22800000.0,8.0,СВАО,91.0,62.1,2,14,2004,False,False,,4,https://www.cian.ru/sale/flat/276376366/,False,250549.45054945056
31000000.0,12.0,ЦАО,76.1,,1,5,1958,False,False,3.0,4,https://www.cian.ru/sale/flat/296561070/,False,407358.7385019711
250000000.0,9.0,ЦАО,168.3,,7,12,2012,False,False,3.5,4,https://www.cian.ru/sale/flat/296384043/,False,1485442.66191325
75000000.0,13.0,СЗАО,140.4,90.0,17,19,2018,False,False,3.0,4,https://www.cian.ru/sale/flat/286139771/,False,534188.0341880341
140000000.0,13.0,ЮЗАО,161.9,100.0,17,19,2011,False,False,3.1,4,https://www.cian.ru/sale/flat/300480524/,False,864731.3156269302
28000000.0,6.0,ЗАО,85.5,60.7,11,32,2022,False,False,2.62,4,https://www.cian.ru/sale/flat/299255382/,False,327485.38011695904
42700000.0,17.0,САО,118.0,70.0,2,18,,False,False,,4,https://www.cian.ru/sale/flat/299027780/,False,361864.406779661
110000000.0,17.0,ЮЗАО,207.0,120.0,6,16,2004,False,False,,4,https://www.cian.ru/sale/flat/298993032/,False,531400.9661835749
74000000.0,8.0,САО,117.0,,25,38,2021,False,False,3.1,4,https://www.cian.ru/sale/flat/296315011/,False,632478.6324786325
45500000.0,4.0,ЦАО,71.0,46.0,3,6,1913,False,False,3.0,4,https://www.cian.ru/sale/flat/298637776/,False,640845.0704225352
13600000.0,17.0,ВАО,64.0,40.0,4,9,1971,False,False,2.65,4,https://www.cian.ru/sale/flat/298823032/,False,212500.0
110000000.0,5.0,ЦАО,156.5,99.0,6,9,1911,False,False,3.4,4,https://www.cian.ru/sale/flat/298903586/,False,702875.3993610224
17000000.0,15.0,ЗАО,71.4,55.0,6,16,1967,False,False,2.64,4,https://www.cian.ru/sale/flat/294511796/,False,238095.23809523808
37000000.0,4.0,СЗАО,154.0,,12,14,2005,False,False,3.0,4,https://www.cian.ru/sale/flat/294949577/,False,240259.74025974027
83000000.0,14.0,ЗАО,218.0,170.0,37,37,,False,False,,4,https://www.cian.ru/sale/flat/299061815/,False,380733.9449541284
28300000.0,11.0,САО,80.0,54.0,3,5,1957,False,False,3.2,4,https://www.cian.ru/sale/flat/296950596/,False,353750.0
170000000.0,5.0,ЦАО,166.0,,4,6,,False,False,,4,https://www.cian.ru/sale/flat/296713177/,False,1024096.3855421686
32750000.0,12.0,Неизвестно,83.5,52.0,3,14,1970,False,False,2.7,4,https://www.cian.ru/sale/flat/297088490/,False,392215.56886227545
20800000.0,12.0,СВАО,77.5,54.7,1,8,1960,False,False,3.0,4,https://www.cian.ru/sale/flat/300376768/,False,268387.0967741936
130000000.0,3.0,ЦАО,193.7,99.0,7,8,1996,False,False,3.2,4,https://www.cian.ru/sale/flat/301075981/,False,671140.9395973155
205134182.0,7.0,ЦАО,167.1,,1,7,,False,False,3.8,4,https://www.cian.ru/sale/flat/298735125/,False,1227613.2974266906
125000000.0,12.0,САО,135.3,95.9,37,41,,False,False,,4,https://www.cian.ru/sale/flat/273469240/,False,923872.8750923872
55000000.0,12.0,ЗАО,176.5,132.6,12,15,2004,False,False,3.0,4,https://www.cian.ru/sale/flat/296310154/,False,311614.730878187
21000000.0,13.0,ЦАО,85.0,60.0,4,5,1931,False,False,3.0,4,https://www.cian.ru/sale/flat/300424910/,False,247058.82352941178
75000000.0,5.0,ЦАО,130.0,90.0,5,6,1938,False,False,,4,https://www.cian.ru/sale/flat/300539728/,False,576923.0769230769
25750000.0,18.0,ЮАО,86.6,55.1,32,33,2023,False,False,,4,https://www.cian.ru/sale/flat/297946515/,False,297344.11085450347
35273186.0,4.0,ЮВАО,83.0,41.3,6,30,,False,False,,4,https://www.cian.ru/sale/flat/298984715/,False,424978.1445783133
27950000.0,7.0,САО,82.0,65.0,4,6,,False,False,,4,https://www.cian.ru/sale/flat/300860178/,False,340853.65853658534
445000000.0,4.0,ЦАО,235.0,,12,12,2010,False,False,,4,https://www.cian.ru/sale/flat/300977564/,False,1893617.0212765958
135000000.0,4.0,ЦАО,160.0,120.0,4,8,2008,False,False,,4,https://www.cian.ru/sale/flat/271629143/,False,843750.0
32950000.0,9.0,ВАО,102.3,70.8,5,23,2022,False,False,3.0,4,https://www.cian.ru/sale/flat/297827675/,False,322091.88660801563
186881800.0,1.0,ЦАО,190.4,,44,69,2009,False,True,3.1,4,https://www.cian.ru/sale/flat/291208096/,False,981522.0588235294
26000000.0,16.0,СЗАО,80.0,,5,12,1979,False,False,2.5,4,https://www.cian.ru/sale/flat/299131007/,False,325000.0
226380000.0,11.0,САО,215.6,76.8,35,40,,False,False,,4,https://www.cian.ru/sale/flat/300193785/,False,1050000.0
28890000.0,15.0,ЗАО,103.0,61.0,5,7,1950,False,False,3.2,4,https://www.cian.ru/sale/flat/300098664/,False,280485.4368932039
83000000.0,3.0,ЦАО,100.9,59.9,4,12,2006,False,False,3.1,4,https://www.cian.ru/sale/flat/297946581/,False,822596.6303270564
33800000.0,10.0,ЮВАО,97.4,55.7,13,27,2023,False,False,3.1,4,https://www.cian.ru/sale/flat/299562271/,False,347022.58726899384
70000000.0,11.0,ЗАО,104.7,77.6,8,15,1952,False,False,3.2,4,https://www.cian.ru/sale/flat/300341852/,False,668576.8863419293
19200000.0,5.0,ЗАО,76.0,52.0,2,12,1983,False,False,2.64,4,https://www.cian.ru/sale/flat/294644665/,False,252631.57894736843
120000000.0,10.0,САО,213.8,,19,57,,False,False,,4,https://www.cian.ru/sale/flat/298826487/,False,561272.2170252572
468024590.0,10.0,ЦАО,305.0,240.0,5,6,2003,False,False,3.4,4,https://www.cian.ru/sale/flat/283112027/,False,1534506.8524590165
119000000.0,2.0,ЦАО,168.9,87.0,4,6,1998,False,False,3.0,4,https://www.cian.ru/sale/flat/301067687/,False,704558.910597987
85000000.0,5.0,ЗАО,100.0,,10,14,2022,False,False,3.1,4,https://www.cian.ru/sale/flat/300838160/,False,850000.0
14000000.0,11.0,ЮАО,64.0,46.4,3,9,,False,False,,4,https://www.cian.ru/sale/flat/294609476/,False,218750.0
481220635.0,6.0,ЦАО,247.2,,2,7,2007,False,False,,4,https://www.cian.ru/sale/flat/270038741/,False,1946685.4166666667
373763600.0,6.0,ЦАО,244.9,,9,14,,False,False,3.8,4,https://www.cian.ru/sale/flat/297032515/,False,1526188.6484279297
24700000.0,11.0,ВАО,95.7,63.9,4,17,2003,False,False,2.65,4,https://www.cian.ru/sale/flat/298986140/,False,258098.223615465
63000000.0,3.0,ЦАО,107.0,57.0,2,8,1906,False,False,3.2,4,https://www.cian.ru/sale/flat/300469640/,False,588785.046728972
67000000.0,12.0,ЗАО,200.0,,28,30,1999,False,False,3.0,4,https://www.cian.ru/sale/flat/298684212/,False,335000.0
149000000.0,11.0,ЦАО,210.0,,5,5,1914,False,False,3.8,4,https://www.cian.ru/sale/flat/300005755/,False,709523.8095238095
95000000.0,12.0,СЗАО,172.0,,42,48,2003,False,False,3.2,4,https://www.cian.ru/sale/flat/300210734/,False,552325.5813953489
14900000.0,3.0,ВАО,63.2,46.7,1,9,1976,False,False,2.64,4,https://www.cian.ru/sale/flat/300026356/,False,235759.49367088606
36000000.0,17.0,ЗАО,100.0,,10,15,1998,False,False,2.64,4,https://www.cian.ru/sale/flat/300833437/,False,360000.0
27000000.0,15.0,ВАО,85.4,55.8,1,5,1955,False,False,,4,https://www.cian.ru/sale/flat/301076479/,False,316159.25058548007
46100000.0,15.0,САО,140.0,,16,30,,False,False,,4,https://www.cian.ru/sale/flat/236086724/,False,329285.71428571426
126000000.0,8.0,ЮВАО,216.0,152.0,13,16,2023,False,True,3.2,4,https://www.cian.ru/sale/flat/300227312/,False,583333.3333333334
495498405.0,3.0,ЦАО,294.6,,80,85,2016,False,True,3.0,4,https://www.cian.ru/sale/flat/299294066/,False,1681936.2016293278
15300000.0,15.0,ЗАО,71.0,50.0,3,16,,False,False,,4,https://www.cian.ru/sale/flat/300523749/,False,215492.95774647887
78000000.0,2.0,ЦАО,127.1,70.7,6,7,1902,False,False,,4,https://www.cian.ru/sale/flat/301064989/,False,613690.0078678207
126000000.0,3.0,ЦАО,126.0,,3,7,1914,False,False,3.2,4,https://www.cian.ru/sale/flat/300742307/,False,1000000.0
221900000.0,12.0,ЦАО,172.7,,6,9,,False,False,,4,https://www.cian.ru/sale/flat/300509393/,False,1284887.0874348583
77990000.0,4.0,ЦАО,132.3,,6,8,1902,False,False,3.2,4,https://www.cian.ru/sale/flat/291733595/,False,589493.5752078609
53673733.0,3.0,СЗАО,109.22,,5,16,2011,False,False,,4,https://www.cian.ru/sale/flat/288597258/,False,491427.6963926021
49900000.0,17.0,СЗАО,123.0,,6,31,2019,False,False,3.1,4,https://www.cian.ru/sale/flat/291209565/,False,405691.0569105691
180000000.0,7.0,ЗАО,220.0,,16,18,2007,False,False,,4,https://www.cian.ru/sale/flat/275234253/,False,818181.8181818182
118900000.0,6.0,ЦАО,200.5,140.0,8,8,2001,False,False,3.2,4,https://www.cian.ru/sale/flat/291531568/,False,593017.4563591023
151200000.0,6.0,ЦАО,151.2,90.0,14,14,1956,False,False,,4,https://www.cian.ru/sale/flat/284342291/,False,1000000.0000000001
22700000.0,2.0,ЮЗАО,99.5,67.2,11,22,1996,False,False,,4,https://www.cian.ru/sale/flat/297648133/,False,228140.70351758794
36000000.0,7.0,ЦАО,90.4,62.0,2,10,1940,False,False,3.2,4,https://www.cian.ru/sale/flat/301080368/,False,398230.0884955752
65000000.0,6.0,ЗАО,136.0,78.0,9,40,2007,False,False,,4,https://www.cian.ru/sale/flat/274016706/,False,477941.17647058825
176120000.0,6.0,ЦАО,125.8,80.0,2,8,2006,False,False,,4,https://www.cian.ru/sale/flat/286484906/,False,1400000.0
37457257.0,4.0,ЮВАО,83.0,41.3,13,30,,False,False,,4,https://www.cian.ru/sale/flat/299771863/,False,451292.2530120482
53000000.0,19.0,ВАО,92.0,68.0,5,19,,False,False,,4,https://www.cian.ru/sale/flat/298562985/,False,576086.9565217391
125000000.0,20.0,СВАО,224.3,,24,25,2007,False,False,3.0,4,https://www.cian.ru/sale/flat/299637836/,False,557289.3446277307
299010880.0,6.0,ЦАО,250.0,72.0,3,14,2003,False,False,3.2,4,https://www.cian.ru/sale/flat/267233008/,False,1196043.52
18500000.0,16.0,ЮВАО,76.6,53.8,3,5,1958,False,False,3.0,4,https://www.cian.ru/sale/flat/300412066/,False,241514.36031331593
13350000.0,9.0,СВАО,64.6,47.2,9,9,1969,False,False,2.6,4,https://www.cian.ru/sale/flat/300617076/,False,206656.34674922604
29000000.0,5.0,ЮАО,100.0,69.4,3,5,1958,False,False,,4,https://www.cian.ru/sale/flat/294451935/,False,290000.0
95000000.0,12.0,СЗАО,171.7,66.0,38,48,2016,False,False,,4,https://www.cian.ru/sale/flat/297912415/,False,553290.6231799651
18000000.0,6.0,ЮАО,100.0,70.0,4,4,,False,True,4.0,4,https://www.cian.ru/sale/flat/294174791/,False,180000.0
36990000.0,12.0,ЦАО,96.0,62.0,3,17,,False,False,,4,https://www.cian.ru/sale/flat/297753749/,False,385312.5
205000000.0,9.0,ЦАО,205.0,,2,6,2020,False,False,3.4,4,https://www.cian.ru/sale/flat/300195361/,False,1000000.0
80000000.0,9.0,ЗАО,130.0,72.3,17,21,2015,False,False,3.0,4,https://www.cian.ru/sale/flat/299857358/,False,615384.6153846154
295990000.0,4.0,ЗАО,238.2,,3,9,2020,False,False,3.2,4,https://www.cian.ru/sale/flat/293947623/,False,1242611.2510495384
105000000.0,12.0,ЗАО,200.0,81.0,11,21,2015,False,False,3.1,4,https://www.cian.ru/sale/flat/298062594/,False,525000.0
23300000.0,6.0,СВАО,90.0,57.0,1,12,,False,False,2.64,4,https://www.cian.ru/sale/flat/300888910/,False,258888.88888888888
47000000.0,11.0,ЮВАО,120.0,70.0,7,13,,False,False,3.2,4,https://www.cian.ru/sale/flat/296078113/,False,391666.6666666667
130817260.0,4.0,ЗАО,165.0,,40,54,,False,False,,4,https://www.cian.ru/sale/flat/287506166/,False,792831.8787878788
16000000.0,5.0,СЗАО,62.7,46.3,6,9,1967,False,False,2.64,4,https://www.cian.ru/sale/flat/301046963/,False,255183.4130781499
26800000.0,13.0,ЗАО,101.0,65.0,3,25,,False,False,,4,https://www.cian.ru/sale/flat/296444221/,False,265346.5346534653
185000000.0,8.0,САО,195.0,103.5,13,16,,False,True,,4,https://www.cian.ru/sale/flat/300298586/,False,948717.9487179487
641574564.0,9.0,ЦАО,254.3,,7,8,,False,False,3.3,4,https://www.cian.ru/sale/flat/298736311/,False,2522904.302005505
44000000.0,16.0,ЗАО,140.0,98.0,12,22,2012,False,False,3.0,4,https://www.cian.ru/sale/flat/299847767/,False,314285.71428571426
810340000.0,5.0,ЦАО,405.17,97.0,4,5,,False,False,4.4,4,https://www.cian.ru/sale/flat/300547260/,False,2000000.0
45000000.0,15.0,ЗАО,155.4,110.0,3,22,2005,False,True,3.3,4,https://www.cian.ru/sale/flat/299738469/,False,289575.2895752896
51000000.0,4.0,ЗАО,84.8,52.0,16,39,2022,False,False,2.9,4,https://www.cian.ru/sale/flat/299738263/,False,601415.0943396227
74990000.0,10.0,ЦАО,116.0,70.0,5,5,,False,False,,4,https://www.cian.ru/sale/flat/300542974/,False,646465.5172413794
89500000.0,9.0,ЦАО,104.0,70.0,3,17,2013,False,False,3.3,4,https://www.cian.ru/sale/flat/293498431/,False,860576.9230769231
205569980.0,13.0,ЦАО,163.8,,2,10,2012,False,False,,4,https://www.cian.ru/sale/flat/279405634/,False,1255005.9829059828
115000000.0,5.0,ЦАО,135.0,79.0,2,8,2005,False,False,3.0,4,https://www.cian.ru/sale/flat/300137154/,False,851851.8518518518
3737636000.0,10.0,ЦАО,530.0,183.0,6,7,2003,False,False,,4,https://www.cian.ru/sale/flat/300427641/,False,7052143.396226415
36500000.0,9.0,ЗАО,98.0,61.7,7,35,2023,False,False,3.15,4,https://www.cian.ru/sale/flat/295222347/,False,372448.97959183675
355075420.0,6.0,ЦАО,171.9,,2,5,2004,False,False,3.2,4,https://www.cian.ru/sale/flat/298263572/,False,2065592.9028504945
165000000.0,12.0,ЦАО,164.0,,5,20,2021,False,False,3.2,4,https://www.cian.ru/sale/flat/298844331/,False,1006097.5609756098
140000000.0,4.0,ЦАО,200.0,165.0,3,6,,False,False,,4,https://www.cian.ru/sale/flat/293906419/,False,700000.0
52000000.0,4.0,СВАО,160.0,90.0,3,4,2015,False,False,3.3,4,https://www.cian.ru/sale/flat/297135718/,False,325000.0
50000000.0,20.0,ЮАО,97.0,,34,46,2023,False,False,3.0,4,https://www.cian.ru/sale/flat/300989897/,False,515463.91752577317
89000000.0,3.0,ЦАО,137.0,,4,4,1902,False,False,3.2,4,https://www.cian.ru/sale/flat/300292461/,False,649635.0364963503
40200000.0,12.0,СЗАО,92.4,45.0,11,33,2024,False,False,3.0,4,https://www.cian.ru/sale/flat/300150104/,False,435064.93506493507
18900000.0,12.0,ЮВАО,73.5,50.5,3,12,1984,False,False,2.6,4,https://www.cian.ru/sale/flat/297459059/,False,257142.85714285713
20600000.0,13.0,ВАО,85.4,55.8,1,5,1955,False,False,3.0,4,https://www.cian.ru/sale/flat/298220641/,False,241217.79859484776
29900000.0,13.0,СЗАО,136.0,82.0,13,23,2005,False,False,3.0,4,https://www.cian.ru/sale/flat/293633931/,False,219852.9411764706
22400000.0,6.0,ЮВАО,99.1,64.3,21,22,1998,False,False,2.7,4,https://www.cian.ru/sale/flat/295854710/,False,226034.3087790111
200000000.0,15.0,ЦАО,160.0,,13,21,2017,False,False,3.2,4,https://www.cian.ru/sale/flat/299679142/,False,1250000.0
43950000.0,21.0,ЮАО,95.4,53.0,28,46,2023,False,False,2.9,4,https://www.cian.ru/sale/flat/300662400/,False,460691.823899371
185000000.0,5.0,ЦАО,212.1,133.8,6,6,2005,False,False,3.2,4,https://www.cian.ru/sale/flat/300821131/,False,872230.0801508722
85000000.0,13.0,ЗАО,133.0,,21,36,2016,False,False,3.0,4,https://www.cian.ru/sale/flat/295086101/,False,639097.7443609022
76500000.0,10.0,САО,166.0,124.0,7,25,,False,True,,4,https://www.cian.ru/sale/flat/300539766/,False,460843.3734939759
27000000.0,7.0,САО,109.5,76.3,6,8,1956,False,False,,4,https://www.cian.ru/sale/flat/296014019/,False,246575.34246575343
13900000.0,,ВАО,63.2,46.7,5,9,1967,False,False,,4,https://www.cian.ru/sale/flat/299603832/,False,219936.70886075948
280322700.0,6.0,ЦАО,340.0,248.0,6,7,2002,False,False,,4,https://www.cian.ru/sale/flat/239000665/,False,824478.5294117647
175000000.0,4.0,ЦАО,136.3,,4,5,1899,False,False,,4,https://www.cian.ru/sale/flat/300876145/,False,1283932.5018341893
85000000.0,19.0,ЗАО,168.0,88.0,10,30,2008,False,False,3.1,4,https://www.cian.ru/sale/flat/291914963/,False,505952.38095238095
126000000.0,3.0,ЦАО,125.9,,3,7,1914,False,False,3.2,4,https://www.cian.ru/sale/flat/296521432/,False,1000794.2811755361
34499999.0,5.0,ЦАО,82.0,65.0,3,5,1906,False,False,3.5,4,https://www.cian.ru/sale/flat/294695049/,False,420731.6951219512
23300000.0,14.0,ЗАО,90.0,62.0,13,19,2013,False,False,2.8,4,https://www.cian.ru/sale/flat/298955932/,False,258888.88888888888
577750000.0,8.0,ЦАО,231.1,137.0,4,6,2017,False,True,4.0,4,https://www.cian.ru/sale/flat/289182693/,False,2500000.0
181800000.0,10.0,ЦАО,187.0,105.0,2,8,2005,False,False,3.2,4,https://www.cian.ru/sale/flat/299779536/,False,972192.513368984
277760000.0,1.0,ЦАО,173.6,,5,9,2021,False,False,3.3,4,https://www.cian.ru/sale/flat/296106344/,False,1600000.0
65000000.0,7.0,СЗАО,127.3,86.0,13,13,2013,False,False,3.0,4,https://www.cian.ru/sale/flat/298465471/,False,510604.87038491754
250000000.0,9.0,ЦАО,168.3,,6,11,2012,False,False,3.9,4,https://www.cian.ru/sale/flat/300058175/,False,1485442.66191325
68000000.0,11.0,СЗАО,175.0,,14,38,2015,False,False,3.13,4,https://www.cian.ru/sale/flat/300563675/,False,388571.4285714286
35500000.0,9.0,ЗАО,105.0,82.0,9,26,,False,False,,4,https://www.cian.ru/sale/flat/295206138/,False,338095.2380952381
260000000.0,10.0,ЦАО,215.0,,6,7,,False,False,,4,https://www.cian.ru/sale/flat/297449287/,False,1209302.3255813953
78000000.0,10.0,ЦАО,110.0,42.0,11,14,,False,False,,4,https://www.cian.ru/sale/flat/295062426/,False,709090.9090909091
31500000.0,4.0,ЮВАО,106.5,73.0,6,6,,False,False,,4,https://www.cian.ru/sale/flat/300302895/,False,295774.6478873239
85000000.0,6.0,ЦАО,135.0,87.0,6,7,1914,False,False,3.2,4,https://www.cian.ru/sale/flat/295377165/,False,629629.6296296297
294755912.0,3.0,ЦАО,296.0,241.0,55,95,2017,False,True,3.0,4,https://www.cian.ru/sale/flat/233673108/,False,995797.0
175000000.0,4.0,ЦАО,125.7,,5,7,2016,False,True,3.5,4,https://www.cian.ru/sale/flat/299457588/,False,1392203.6595067622
28000000.0,5.0,САО,96.7,67.1,3,5,,False,False,3.0,4,https://www.cian.ru/sale/flat/300012231/,False,289555.32574974146
105000000.0,3.0,ЗАО,191.0,,10,23,1999,False,False,3.0,4,https://www.cian.ru/sale/flat/287774980/,False,549738.219895288
420000000.0,10.0,ЦАО,206.6,,1,10,2014,False,False,3.4,4,https://www.cian.ru/sale/flat/298847431/,False,2032913.843175218
149300000.0,2.0,ЦАО,160.1,120.0,3,6,1907,False,False,,4,https://www.cian.ru/sale/flat/300539785/,False,932542.1611492818
130000000.0,1.0,ЦАО,260.0,170.0,3,8,1997,False,False,,4,https://www.cian.ru/sale/flat/300539708/,False,500000.0
239900000.0,10.0,ЦАО,237.0,140.0,5,5,,False,False,3.0,4,https://www.cian.ru/sale/flat/300707134/,False,1012236.2869198312
104500000.0,12.0,ЦАО,118.0,,3,7,2021,False,False,3.0,4,https://www.cian.ru/sale/flat/292444828/,False,885593.220338983
18999999.0,5.0,ЮАО,63.9,43.6,6,9,1969,False,False,2.64,4,https://www.cian.ru/sale/flat/300348093/,False,297339.57746478874
27000000.0,20.0,САО,91.0,62.1,1,15,2000,False,False,2.6,4,https://www.cian.ru/sale/flat/297958646/,False,296703.2967032967
109900000.0,10.0,ЦАО,123.0,70.0,2,6,1986,False,False,3.0,4,https://www.cian.ru/sale/flat/298068778/,False,893495.9349593496
24500000.0,3.0,СВАО,98.1,65.1,5,22,1997,False,False,2.64,4,https://www.cian.ru/sale/flat/300845717/,False,249745.15800203875
32000000.0,6.0,ЦАО,81.6,57.2,1,5,,False,False,3.0,4,https://www.cian.ru/sale/flat/300912927/,False,392156.8627450981
37100000.0,7.0,САО,106.1,,19,25,2018,False,False,2.8,4,https://www.cian.ru/sale/flat/300436862/,False,349670.12252591894
170000000.0,9.0,ЦАО,150.7,,10,13,2019,False,False,3.65,4,https://www.cian.ru/sale/flat/301061342/,False,1128069.01128069
18500000.0,11.0,ЮВАО,90.7,,4,12,1984,False,False,2.7,4,https://www.cian.ru/sale/flat/297121259/,False,203969.1289966924
55000000.0,12.0,СЗАО,129.0,,37,40,2003,False,False,3.0,4,https://www.cian.ru/sale/flat/301065795/,False,426356.58914728684
13700000.0,6.0,СВАО,61.9,46.4,8,9,1970,False,False,,4,https://www.cian.ru/sale/flat/299170711/,False,221324.71728594508
51000000.0,28.0,ЗАО,91.5,,10,14,,False,False,,4,https://www.cian.ru/sale/flat/300509151/,False,557377.0491803279
178000000.0,11.0,ЦАО,179.2,94.2,2,5,,False,False,,4,https://www.cian.ru/sale/flat/300509026/,False,993303.5714285715
27000000.0,4.0,ЗАО,126.0,69.0,12,17,2003,False,False,2.7,4,https://www.cian.ru/sale/flat/295811839/,False,214285.7142857143
299010880.0,6.0,ЦАО,155.0,,3,6,2006,False,False,3.2,4,https://www.cian.ru/sale/flat/275594512/,False,1929102.4516129033
45000000.0,12.0,СВАО,126.0,,22,59,2015,False,False,3.05,4,https://www.cian.ru/sale/flat/292607901/,False,357142.85714285716
278500000.0,8.0,ЦАО,167.0,,3,6,,False,False,,4,https://www.cian.ru/sale/flat/280742090/,False,1667664.6706586827
25500000.0,6.0,ВАО,97.0,67.0,7,10,1938,False,False,3.2,4,https://www.cian.ru/sale/flat/298988029/,False,262886.59793814435
230000000.0,6.0,ЦАО,212.3,,7,7,2017,False,True,3.4,4,https://www.cian.ru/sale/flat/289533278/,False,1083372.5859632595
170000000.0,9.0,ЦАО,151.0,,10,13,2019,False,False,,4,https://www.cian.ru/sale/flat/299894995/,False,1125827.8145695364
21000000.0,6.0,СВАО,103.0,64.6,22,22,2007,False,False,2.64,4,https://www.cian.ru/sale/flat/300364707/,False,203883.49514563108
54900000.0,10.0,ЦАО,103.3,74.6,2,6,1911,False,False,3.3,4,https://www.cian.ru/sale/flat/299742141/,False,531461.7618586641
15900000.0,3.0,ЮВАО,64.0,47.0,6,9,1969,False,False,2.64,4,https://www.cian.ru/sale/flat/297769984/,False,248437.5
25850000.0,8.0,ЮВАО,79.0,56.0,4,12,2020,False,False,,4,https://www.cian.ru/sale/flat/300571384/,False,327215.1898734177
54900000.0,10.0,ЦАО,105.0,68.7,2,6,,False,False,3.3,4,https://www.cian.ru/sale/flat/294825433/,False,522857.14285714284
150000000.0,7.0,ЦАО,137.0,,7,21,,False,False,3.0,4,https://www.cian.ru/sale/flat/297359672/,False,1094890.510948905
33000000.0,8.0,ВАО,85.1,54.0,2,8,1959,False,False,2.8,4,https://www.cian.ru/sale/flat/296606587/,False,387779.08343125734
43000000.0,5.0,ЗАО,109.0,65.0,30,39,2022,False,False,3.1,4,https://www.cian.ru/sale/flat/297859382/,False,394495.4128440367
27400000.0,14.0,ЮЗАО,100.0,57.3,17,25,1990,False,False,2.7,4,https://www.cian.ru/sale/flat/298494048/,False,274000.0
95000000.0,10.0,ЦАО,165.0,135.0,3,7,1914,False,True,3.5,4,https://www.cian.ru/sale/flat/300872556/,False,575757.5757575758
29900000.0,5.0,ЮЗАО,97.3,67.2,14,16,1981,False,False,2.8,4,https://www.cian.ru/sale/flat/297793556/,False,307297.01952723536
70000000.0,1.0,САО,142.7,,5,59,2021,False,False,2.8,4,https://www.cian.ru/sale/flat/296599966/,False,490539.5935529082
45900000.0,5.0,ЮЗАО,132.0,85.0,5,14,1988,False,False,2.9,4,https://www.cian.ru/sale/flat/300734410/,False,347727.2727272727
135000000.0,11.0,ЦАО,143.0,,6,7,2018,False,True,3.2,4,https://www.cian.ru/sale/flat/295772903/,False,944055.9440559441
194072550.0,7.0,ЦАО,196.0,110.0,4,7,2011,False,False,,4,https://www.cian.ru/sale/flat/300539699/,False,990166.0714285715
195000000.0,8.0,ЦАО,144.0,119.0,9,12,2014,False,False,,4,https://www.cian.ru/sale/flat/300539778/,False,1354166.6666666667
45000000.0,10.0,СЗАО,105.6,64.0,11,53,2022,False,False,3.1,4,https://www.cian.ru/sale/flat/287551063/,False,426136.36363636365
76200000.0,4.0,ЮАО,127.0,41.0,14,16,,False,True,,4,https://www.cian.ru/sale/flat/298484246/,False,600000.0
54999999.0,11.0,САО,110.0,70.0,9,24,2021,False,False,3.2,4,https://www.cian.ru/sale/flat/298323140/,False,499999.9909090909
13970000.0,8.0,ЮВАО,64.0,41.0,8,9,,False,False,,4,https://www.cian.ru/sale/flat/299097846/,False,218281.25
92000000.0,5.0,ЗАО,137.0,,6,12,2021,False,False,3.6,4,https://www.cian.ru/sale/flat/297929292/,False,671532.8467153285
35000000.0,9.0,ЮАО,90.0,55.0,4,4,,False,True,6.0,4,https://www.cian.ru/sale/flat/284973700/,False,388888.8888888889
56000000.0,12.0,ЗАО,106.4,,16,28,2022,False,False,3.12,4,https://www.cian.ru/sale/flat/289021840/,False,526315.7894736842
27000000.0,5.0,ВАО,110.0,70.6,2,5,1953,False,False,3.2,4,https://www.cian.ru/sale/flat/299145889/,False,245454.54545454544
24400000.0,14.0,СВАО,85.7,55.5,8,13,1988,False,False,2.6,4,https://www.cian.ru/sale/flat/300664536/,False,284714.11901983665
53500000.0,16.0,СЗАО,104.0,76.0,11,43,2023,False,False,3.2,4,https://www.cian.ru/sale/flat/299612515/,False,514423.07692307694
140000000.0,7.0,САО,200.0,,7,13,2019,False,True,3.0,4,https://www.cian.ru/sale/flat/298801810/,False,700000.0
200000000.0,15.0,ЗАО,152.0,,10,11,2020,False,False,3.2,4,https://www.cian.ru/sale/flat/299250571/,False,1315789.4736842106
77500000.0,12.0,ЮЗАО,195.3,,3,18,2005,False,False,3.0,4,https://www.cian.ru/sale/flat/300690285/,False,396825.3968253968
110000000.0,17.0,ЮЗАО,207.0,,6,16,2004,False,False,3.2,4,https://www.cian.ru/sale/flat/299094240/,False,531400.9661835749
85000000.0,15.0,ЮАО,176.0,,6,9,1940,False,False,3.0,4,https://www.cian.ru/sale/flat/300006008/,False,482954.54545454547
98000000.0,18.0,СЗАО,141.0,,16,17,,False,False,3.2,4,https://www.cian.ru/sale/flat/298645481/,False,695035.4609929078
83200000.0,7.0,САО,104.5,,3,15,2017,False,False,3.15,4,https://www.cian.ru/sale/flat/297588490/,False,796172.2488038278
78500000.0,11.0,ЦАО,110.5,57.8,11,12,2013,False,False,3.1,4,https://www.cian.ru/sale/flat/291962439/,False,710407.2398190045
23990000.0,10.0,ЮВАО,100.0,63.7,18,22,1997,False,False,2.8,4,https://www.cian.ru/sale/flat/296942983/,False,239900.0
71990000.0,3.0,ЦАО,150.0,100.0,3,6,1900,False,False,,4,https://www.cian.ru/sale/flat/300539825/,False,479933.3333333333
53500000.0,6.0,ЗАО,124.0,68.0,22,22,,False,False,,4,https://www.cian.ru/sale/flat/299644512/,False,431451.6129032258
16200000.0,9.0,ЮАО,76.0,54.4,2,12,1974,False,False,2.6,4,https://www.cian.ru/sale/flat/274438786/,False,213157.8947368421
35000000.0,10.0,САО,145.0,98.0,3,17,1998,False,False,3.1,4,https://www.cian.ru/sale/flat/297216793/,False,241379.3103448276
61950000.0,6.0,САО,85.8,,11,11,2019,False,False,3.2,4,https://www.cian.ru/sale/flat/300005882/,False,722027.9720279721
22400000.0,6.0,ЮВАО,100.1,61.8,21,22,1997,False,False,2.66,4,https://www.cian.ru/sale/flat/292772683/,False,223776.22377622378
28000000.0,5.0,ЮВАО,100.0,63.6,3,17,2003,False,False,2.65,4,https://www.cian.ru/sale/flat/300616387/,False,280000.0
27300000.0,8.0,СВАО,90.0,58.0,6,25,1968,False,False,2.8,4,https://www.cian.ru/sale/flat/297945043/,False,303333.3333333333
26500000.0,7.0,ЮЗАО,82.7,53.6,19,24,2011,False,False,2.8,4,https://www.cian.ru/sale/flat/300426266/,False,320435.3083434099
115000000.0,8.0,ЦАО,192.0,,4,6,,False,False,3.6,4,https://www.cian.ru/sale/flat/295368854/,False,598958.3333333334
29500000.0,13.0,САО,83.6,65.3,2,5,1935,False,False,,4,https://www.cian.ru/sale/flat/299480630/,False,352870.8133971292
49000000.0,8.0,ВАО,129.11,72.7,2,22,2009,False,False,3.0,4,https://www.cian.ru/sale/flat/289686269/,False,379521.3383936178
17450000.0,4.0,СЗАО,63.0,46.4,3,9,1970,False,False,2.7,4,https://www.cian.ru/sale/flat/282065037/,False,276984.126984127
68000000.0,12.0,СВАО,130.0,87.6,4,23,2010,False,False,3.3,4,https://www.cian.ru/sale/flat/298340306/,False,523076.92307692306
243250000.0,7.0,ЦАО,138.57,,19,21,,False,False,,4,https://www.cian.ru/sale/flat/300509020/,False,1755430.468355344
228800000.0,6.0,ЦАО,173.9,,5,8,,False,False,,4,https://www.cian.ru/sale/flat/300509113/,False,1315698.677400805
855000000.0,6.0,ЦАО,269.6,125.0,5,6,2022,False,True,,4,https://www.cian.ru/sale/flat/301003551/,False,3171364.9851632044
20900000.0,7.0,ЮВАО,84.5,62.5,2,5,,False,False,3.0,4,https://www.cian.ru/sale/flat/289290608/,False,247337.27810650886
260000000.0,10.0,ЦАО,137.2,,3,7,2007,False,False,3.2,4,https://www.cian.ru/sale/flat/296260378/,False,1895043.7317784259
63000000.0,13.0,САО,116.4,43.0,17,20,,False,True,3.1,4,https://www.cian.ru/sale/flat/299651522/,False,541237.1134020619
95000000.0,14.0,ЮЗАО,123.0,,12,19,,False,True,3.0,4,https://www.cian.ru/sale/flat/297842118/,False,772357.7235772358
30000000.0,8.0,ЮВАО,98.7,62.9,10,22,1988,False,False,2.8,4,https://www.cian.ru/sale/flat/296684639/,False,303951.367781155
34000000.0,7.0,ЗАО,86.3,65.8,2,5,1928,False,False,3.0,4,https://www.cian.ru/sale/flat/300895732/,False,393974.5075318656
55000000.0,28.0,ЗАО,98.0,,6,14,,False,False,,4,https://www.cian.ru/sale/flat/300509019/,False,561224.4897959183
17250000.0,4.0,СЗАО,63.0,46.4,3,9,1970,False,False,2.6,4,https://www.cian.ru/sale/flat/297040398/,False,273809.5238095238
65000000.0,6.0,ЗАО,135.0,94.0,9,40,2012,False,False,,4,https://www.cian.ru/sale/flat/281239665/,False,481481.48148148146
299000000.0,6.0,ЦАО,210.0,,5,14,2005,False,False,,4,https://www.cian.ru/sale/flat/285874806/,False,1423809.5238095238
31296766.0,4.0,ЮВАО,93.8,50.4,2,30,,False,False,,4,https://www.cian.ru/sale/flat/286542382/,False,333654.2217484009
54750000.0,11.0,ЮАО,85.0,47.0,10,14,2018,False,False,3.2,4,https://www.cian.ru/sale/flat/298340542/,False,644117.6470588235
420000000.0,13.0,ЦАО,230.32,,11,12,,False,False,3.93,4,https://www.cian.ru/sale/flat/300883465/,False,1823549.8436957276
155000000.0,2.0,ЗАО,227.2,,18,18,2007,False,False,3.6,4,https://www.cian.ru/sale/flat/285696427/,False,682218.309859155
190000000.0,10.0,ЦАО,169.0,95.0,4,6,2016,False,False,3.6,4,https://www.cian.ru/sale/flat/289873138/,False,1124260.3550295858
343080000.0,3.0,ЦАО,128.0,,2,5,2021,False,True,3.4,4,https://www.cian.ru/sale/flat/289514740/,False,2680312.5
95000000.0,10.0,ЦАО,165.0,130.0,3,7,1914,False,False,3.4,4,https://www.cian.ru/sale/flat/300753196/,False,575757.5757575758
560645400.0,10.0,ЦАО,277.9,200.0,3,6,2005,False,False,3.3,4,https://www.cian.ru/sale/flat/293085065/,False,2017435.768261965
45000000.0,6.0,ЗАО,108.0,,8,27,2022,False,False,6.36,4,https://www.cian.ru/sale/flat/295768868/,False,416666.6666666667
35500000.0,20.0,ЮЗАО,82.0,,23,42,,False,False,3.0,4,https://www.cian.ru/sale/flat/299847616/,False,432926.8292682927
57000000.0,5.0,ЦАО,97.0,60.0,8,8,1989,False,False,2.8,4,https://www.cian.ru/sale/flat/299562910/,False,587628.8659793815
35000000.0,14.0,ЗАО,101.0,65.0,4,22,2006,False,False,,4,https://www.cian.ru/sale/flat/295734236/,False,346534.65346534655
44000000.0,10.0,ЮВАО,96.3,66.5,3,9,2019,False,False,3.0,4,https://www.cian.ru/sale/flat/299869126/,False,456905.50363447564
19700000.0,3.0,ЮЗАО,91.0,66.0,5,10,1995,False,False,2.64,4,https://www.cian.ru/sale/flat/299708595/,False,216483.5164835165
53000000.0,9.0,ЗАО,102.2,,10,25,,False,False,3.0,4,https://www.cian.ru/sale/flat/294770491/,False,518590.99804305285
18500000.0,16.0,СВАО,73.8,51.0,3,12,1980,False,False,2.64,4,https://www.cian.ru/sale/flat/295849808/,False,250677.50677506777
104000000.0,14.0,ЮЗАО,124.0,,17,19,,False,True,3.2,4,https://www.cian.ru/sale/flat/297952036/,False,838709.6774193548
17500000.0,5.0,СЗАО,63.1,46.5,8,9,1967,False,False,2.64,4,https://www.cian.ru/sale/flat/300879383/,False,277337.559429477
21200000.0,5.0,ЮАО,91.4,56.2,2,18,2022,False,False,2.9,4,https://www.cian.ru/sale/flat/300597145/,False,231947.48358862143
280322700.0,4.0,ЦАО,340.0,281.0,6,6,2002,False,False,,4,https://www.cian.ru/sale/flat/299474676/,False,824478.5294117647
195000000.0,8.0,ЦАО,143.5,,9,12,2014,False,False,,4,https://www.cian.ru/sale/flat/299329302/,False,1358885.0174216027
35000000.0,19.0,ЮАО,84.5,45.0,4,11,2024,False,False,2.87,4,https://www.cian.ru/sale/flat/299147135/,False,414201.18343195267
23000000.0,5.0,ЮВАО,99.0,69.8,3,5,1959,False,False,3.0,4,https://www.cian.ru/sale/flat/300667955/,False,232323.2323232323
15500000.0,4.0,ЮАО,62.0,46.0,2,9,1971,False,False,2.64,4,https://www.cian.ru/sale/flat/298679810/,False,250000.0
48000000.0,11.0,ЦАО,76.0,,4,5,1926,False,False,3.2,4,https://www.cian.ru/sale/flat/299525140/,False,631578.947368421
64700000.0,7.0,ЗАО,120.0,,18,24,2003,False,False,3.0,4,https://www.cian.ru/sale/flat/300661681/,False,539166.6666666666
160000000.0,3.0,ЦАО,153.0,102.0,6,7,1914,False,False,3.2,4,https://www.cian.ru/sale/flat/297231399/,False,1045751.6339869282
175000000.0,8.0,ЦАО,160.0,100.0,3,7,,False,True,,4,https://www.cian.ru/sale/flat/299892202/,False,1093750.0
42000000.0,12.0,САО,118.3,82.1,12,16,2004,False,False,2.8,4,https://www.cian.ru/sale/flat/300596531/,False,355029.5857988166
13700000.0,16.0,ЮВАО,62.1,45.9,9,9,,False,False,,4,https://www.cian.ru/sale/flat/298360928/,False,220611.91626409016
105000000.0,12.0,ЗАО,200.0,116.0,11,21,,False,False,2.85,4,https://www.cian.ru/sale/flat/299057601/,False,525000.0
18200000.0,16.0,ЮАО,77.3,50.8,3,14,1990,False,False,,4,https://www.cian.ru/sale/flat/288645420/,False,235446.31306597672
71950000.0,10.0,ЗАО,124.8,,11,11,2022,False,False,3.4,4,https://www.cian.ru/sale/flat/295774042/,False,576522.4358974359
21400000.0,9.0,ВАО,85.7,53.0,2,12,1985,False,False,2.64,4,https://www.cian.ru/sale/flat/294902568/,False,249708.284714119
105000000.0,16.0,СЗАО,137.1,85.3,4,19,,False,False,3.0,4,https://www.cian.ru/sale/flat/298609954/,False,765864.3326039388
71000000.0,11.0,СЗАО,150.0,83.0,22,32,2010,False,False,,4,https://www.cian.ru/sale/flat/297999581/,False,473333.3333333333
79000000.0,15.0,ЗАО,145.8,102.0,36,48,,False,False,3.0,4,https://www.cian.ru/sale/flat/277152529/,False,541838.134430727
165858000.0,6.0,ЦАО,231.3,141.0,15,15,2003,False,False,3.2,4,https://www.cian.ru/sale/flat/294292628/,False,717068.7418936446
450000000.0,7.0,ЦАО,207.0,,6,8,2012,False,False,3.15,4,https://www.cian.ru/sale/flat/290979265/,False,2173913.0434782607
265000000.0,10.0,ЦАО,161.6,,2,7,,False,False,4.0,4,https://www.cian.ru/sale/flat/296458781/,False,1639851.4851485149
24300000.0,2.0,СВАО,85.3,61.0,5,14,1992,False,False,2.64,4,https://www.cian.ru/sale/flat/300833632/,False,284876.90504103166
40750000.0,5.0,ЗАО,88.3,62.3,6,27,2022,False,False,3.0,4,https://www.cian.ru/sale/flat/291026042/,False,461494.90373725933
32661696.0,4.0,ЮВАО,93.8,50.4,26,30,,False,False,,4,https://www.cian.ru/sale/flat/298984716/,False,348205.7142857143
27080000.0,4.0,САО,99.6,71.2,3,5,1957,False,False,3.05,4,https://www.cian.ru/sale/flat/296566874/,False,271887.5502008032
27900000.0,8.0,ЮЗАО,91.3,60.0,6,14,1991,False,False,2.65,4,https://www.cian.ru/sale/flat/292746615/,False,305585.9802847755
180000000.0,9.0,ЦАО,329.0,101.0,16,18,2006,False,False,3.8,4,https://www.cian.ru/sale/flat/284800710/,False,547112.462006079
7000000.0,11.0,ЗАО,83.7,49.4,1,26,2013,False,False,2.7,4,https://www.cian.ru/sale/flat/237399267/,False,83632.01911589009
20500000.0,3.0,ЮАО,70.4,,6,16,1970,False,False,2.64,4,https://www.cian.ru/sale/flat/274704893/,False,291193.1818181818
90000000.0,7.0,ЗАО,280.0,,1,7,2008,False,False,,4,https://www.cian.ru/sale/flat/272816556/,False,321428.5714285714
17000000.0,14.0,ЮАО,63.5,46.1,4,9,1970,False,False,2.6,4,https://www.cian.ru/sale/flat/296639718/,False,267716.53543307085
300000000.0,16.0,ЦАО,204.0,,4,11,,False,False,,4,https://www.cian.ru/sale/flat/292544369/,False,1470588.2352941176
17900000.0,6.0,ЮАО,112.1,,13,24,2023,False,False,,4,https://www.cian.ru/sale/flat/300645791/,False,159678.85816235506
289870000.0,16.0,ЦАО,203.0,170.0,4,9,2014,False,False,3.2,4,https://www.cian.ru/sale/flat/300393548/,False,1427931.0344827587
17500000.0,14.0,ВАО,65.4,43.2,5,9,1973,False,False,2.64,4,https://www.cian.ru/sale/flat/299561845/,False,267584.0978593272
35000000.0,9.0,САО,101.0,60.0,9,9,1968,False,False,2.64,4,https://www.cian.ru/sale/flat/300226639/,False,346534.65346534655
33900000.0,10.0,ЦАО,88.2,65.9,6,6,1933,False,False,3.0,4,https://www.cian.ru/sale/flat/300437445/,False,384353.74149659864
43000000.0,9.0,ЗАО,98.0,,6,25,,False,False,3.1,4,https://www.cian.ru/sale/flat/298970418/,False,438775.51020408166
26000000.0,5.0,ЮАО,100.0,69.4,18,22,,False,False,,4,https://www.cian.ru/sale/flat/299163343/,False,260000.0
61850000.0,5.0,ЗАО,102.0,,3,18,2021,False,False,3.1,4,https://www.cian.ru/sale/flat/295817937/,False,606372.5490196078
73000000.0,8.0,САО,110.0,34.0,9,12,,False,True,,4,https://www.cian.ru/sale/flat/271257683/,False,663636.3636363636
189000000.0,4.0,ЗАО,230.0,73.0,18,18,2007,False,False,,4,https://www.cian.ru/sale/flat/297366236/,False,821739.1304347826
22000000.0,10.0,СЗАО,102.0,62.0,1,9,,False,False,3.0,4,https://www.cian.ru/sale/flat/299130037/,False,215686.27450980392
156000000.0,12.0,ЦАО,156.0,,3,11,2009,False,False,3.15,4,https://www.cian.ru/sale/flat/300067978/,False,1000000.0
231523500.0,4.0,ЗАО,150.0,,8,9,2020,False,False,3.2,4,https://www.cian.ru/sale/flat/299851179/,False,1543490.0
23000000.0,4.0,ЮВАО,86.0,60.0,13,17,2002,False,False,2.7,4,https://www.cian.ru/sale/flat/300478020/,False,267441.8604651163
33900000.0,5.0,ЦАО,100.0,70.0,3,9,,False,False,,4,https://www.cian.ru/sale/flat/299255100/,False,339000.0
75000000.0,12.0,СЗАО,140.7,,7,19,2018,False,False,3.2,4,https://www.cian.ru/sale/flat/295316183/,False,533049.0405117271
92000000.0,6.0,ЗАО,136.5,,6,12,2022,False,False,3.0,4,https://www.cian.ru/sale/flat/298158048/,False,673992.673992674
54000000.0,18.0,ЗАО,97.0,70.0,12,41,2024,False,False,,4,https://www.cian.ru/sale/flat/295715724/,False,556701.030927835
330000000.0,7.0,ЦАО,237.0,175.0,15,15,2023,False,False,2.95,4,https://www.cian.ru/sale/flat/297419149/,False,1392405.0632911392
26990000.0,15.0,САО,120.0,70.0,2,13,,False,False,,4,https://www.cian.ru/sale/flat/295412313/,False,224916.66666666666
320000000.0,5.0,ЦАО,243.5,151.0,11,12,2001,False,False,3.65,4,https://www.cian.ru/sale/flat/300472757/,False,1314168.3778234087
28900000.0,8.0,ЮАО,84.2,60.5,2,5,,False,False,,4,https://www.cian.ru/sale/flat/297457040/,False,343230.40380047506
112000000.0,4.0,ЗАО,152.4,117.7,40,53,2011,False,False,3.3,4,https://www.cian.ru/sale/flat/297971288/,False,734908.1364829396
43900000.0,5.0,ЗАО,106.0,,31,39,2022,False,False,3.1,4,https://www.cian.ru/sale/flat/298534731/,False,414150.9433962264
65000000.0,5.0,ЦАО,115.0,,6,12,2018,False,True,3.0,4,https://www.cian.ru/sale/flat/300023599/,False,565217.3913043478
82500000.0,18.0,СЗАО,150.0,,13,21,2023,False,False,,4,https://www.cian.ru/sale/flat/299744613/,False,550000.0
26000000.0,10.0,СВАО,96.9,69.8,1,5,1956,False,False,3.1,4,https://www.cian.ru/sale/flat/301036479/,False,268317.85345717234
169990000.0,9.0,ЦАО,156.6,103.0,10,13,2019,False,False,3.6,4,https://www.cian.ru/sale/flat/299852097/,False,1085504.4699872287
26000000.0,5.0,ЮАО,101.0,85.4,18,22,,False,False,,4,https://www.cian.ru/sale/flat/300476638/,False,257425.74257425743
34100000.0,13.0,ЮЗАО,84.4,54.4,9,16,1987,False,False,,4,https://www.cian.ru/sale/flat/300331618/,False,404028.4360189573
125000000.0,8.0,ЦАО,172.5,105.9,7,12,2003,False,False,2.9,4,https://www.cian.ru/sale/flat/300264745/,False,724637.6811594203
27999999.0,9.0,ЦАО,73.4,57.7,5,5,1932,False,False,3.0,4,https://www.cian.ru/sale/flat/299291660/,False,381471.37602179835
63500000.0,5.0,СЗАО,116.2,60.0,28,29,2023,False,False,3.1,4,https://www.cian.ru/sale/flat/300059830/,False,546471.6006884682
20000000.0,8.0,ЗАО,64.0,,5,9,1967,False,False,2.64,4,https://www.cian.ru/sale/flat/299062643/,False,312500.0
327043150.0,8.0,ЗАО,221.0,190.0,2,6,2004,False,False,3.5,4,https://www.cian.ru/sale/flat/296646329/,False,1479833.257918552
59900000.0,12.0,ЗАО,145.0,100.0,4,32,,False,False,,4,https://www.cian.ru/sale/flat/292319823/,False,413103.4482758621
26000000.0,3.0,ЮЗАО,90.0,57.0,12,16,2001,False,False,2.75,4,https://www.cian.ru/sale/flat/296615476/,False,288888.8888888889
138750000.0,6.0,ЦАО,150.0,100.0,3,14,2022,False,False,3.3,4,https://www.cian.ru/sale/flat/300393599/,False,925000.0
17500000.0,18.0,ВАО,64.1,46.4,6,9,1971,False,False,2.64,4,https://www.cian.ru/sale/flat/297133272/,False,273010.9204368175
210242025.0,8.0,ЦАО,185.0,130.0,2,6,,False,False,,4,https://www.cian.ru/sale/flat/293433594/,False,1136443.3783783785
33990000.0,15.0,СЗАО,120.0,71.6,11,14,1998,False,False,2.7,4,https://www.cian.ru/sale/flat/300153176/,False,283250.0
19500000.0,7.0,ЮВАО,84.0,56.0,7,8,1940,False,False,3.2,4,https://www.cian.ru/sale/flat/298902914/,False,232142.85714285713
182209755.0,11.0,ЦАО,165.9,110.0,9,18,2016,False,False,3.3,4,https://www.cian.ru/sale/flat/292822064/,False,1098310.759493671
209250000.0,6.0,ЦАО,225.0,100.0,63,79,,False,True,,4,https://www.cian.ru/sale/flat/293426922/,False,930000.0
107890000.0,3.0,ЦАО,100.5,64.0,4,5,1910,False,False,3.3,4,https://www.cian.ru/sale/flat/297901375/,False,1073532.3383084578
117500000.0,17.0,ЗАО,155.2,135.5,5,12,,False,False,,4,https://www.cian.ru/sale/flat/290327922/,False,757087.6288659794
16000000.0,11.0,ЮВАО,76.1,53.4,2,5,,False,False,,4,https://www.cian.ru/sale/flat/284604248/,False,210249.67148488833
120000000.0,12.0,ЗАО,150.0,95.0,13,35,2008,False,False,3.0,4,https://www.cian.ru/sale/flat/296044657/,False,800000.0
130000000.0,3.0,ЦАО,193.0,,7,8,1996,False,False,3.2,4,https://www.cian.ru/sale/flat/297553018/,False,673575.1295336788
43950000.0,20.0,ЮАО,95.3,53.0,28,46,2023,False,False,,4,https://www.cian.ru/sale/flat/297366232/,False,461175.23609653726
29999999.0,13.0,СВАО,95.5,50.0,4,4,2020,False,True,3.0,4,https://www.cian.ru/sale/flat/296340831/,False,314136.1151832461
155000000.0,15.0,ЦАО,188.0,,8,21,2008,False,False,3.0,4,https://www.cian.ru/sale/flat/297550310/,False,824468.085106383
24293000.0,6.0,СВАО,142.9,90.0,8,8,,False,True,,4,https://www.cian.ru/sale/flat/299548876/,False,170000.0
249900000.0,5.0,ЦАО,166.0,,1,7,2006,False,False,3.2,4,https://www.cian.ru/sale/flat/300029091/,False,1505421.686746988
46000000.0,12.0,ЗАО,147.0,86.0,6,15,1994,False,False,3.0,4,https://www.cian.ru/sale/flat/296309335/,False,312925.1700680272
22000000.0,15.0,САО,80.0,55.0,1,8,1954,False,False,,4,https://www.cian.ru/sale/flat/300096097/,False,275000.0
15000000.0,17.0,ЮЗАО,62.7,46.3,3,9,1972,False,False,,4,https://www.cian.ru/sale/flat/299731947/,False,239234.44976076554
32995000.0,13.0,ЦАО,100.7,73.4,2,5,,False,False,3.0,4,https://www.cian.ru/sale/flat/286386336/,False,327656.405163853
140000000.0,8.0,ЦАО,162.4,,2,6,1912,False,False,3.5,4,https://www.cian.ru/sale/flat/286796837/,False,862068.9655172414
46000000.0,10.0,СЗАО,108.5,64.3,41,53,2022,False,False,3.1,4,https://www.cian.ru/sale/flat/297047636/,False,423963.133640553
137000000.0,13.0,ЦАО,126.0,,7,18,2020,False,False,3.2,4,https://www.cian.ru/sale/flat/292852388/,False,1087301.5873015872
135000000.0,4.0,ЦАО,160.0,100.0,4,8,,False,False,,4,https://www.cian.ru/sale/flat/291703327/,False,843750.0
69990000.0,14.0,ЗАО,110.0,75.0,13,25,2017,False,False,3.0,4,https://www.cian.ru/sale/flat/295005676/,False,636272.7272727273
22500000.0,3.0,ВАО,71.1,49.2,4,16,1967,False,False,2.64,4,https://www.cian.ru/sale/flat/289864992/,False,316455.6962025317
34000000.0,13.0,ЮАО,90.5,,6,8,1960,False,False,3.0,4,https://www.cian.ru/sale/flat/294421713/,False,375690.6077348066
99000000.0,10.0,ЦАО,166.5,107.0,2,7,1913,False,False,,4,https://www.cian.ru/sale/flat/300539805/,False,594594.5945945946
13990000.0,11.0,ЮАО,30.0,,2,4,2017,False,True,2.7,4,https://www.cian.ru/sale/flat/272426677/,False,466333.3333333333
14799000.0,4.0,СВАО,63.1,46.3,9,9,,False,False,,4,https://www.cian.ru/sale/flat/289331383/,False,234532.48811410458
48000000.0,3.0,ЗАО,125.0,84.0,2,28,2021,False,False,3.0,4,https://www.cian.ru/sale/flat/298434619/,False,384000.0
123900000.0,5.0,ЦАО,126.7,90.0,2,3,1917,False,False,,4,https://www.cian.ru/sale/flat/300539716/,False,977900.5524861878
26500000.0,6.0,ЗАО,81.0,53.0,28,32,2022,False,False,2.62,4,https://www.cian.ru/sale/flat/298754663/,False,327160.4938271605
31500000.0,5.0,СЗАО,77.0,57.0,36,36,,False,False,,4,https://www.cian.ru/sale/flat/299028984/,False,409090.9090909091
54100000.0,11.0,САО,108.0,,7,24,2021,False,False,3.25,4,https://www.cian.ru/sale/flat/299517592/,False,500925.9259259259
500000000.0,14.0,ЦАО,250.0,170.0,11,13,2019,False,False,,4,https://www.cian.ru/sale/flat/300705211/,False,2000000.0
35000000.0,,СЗАО,115.0,84.0,3,14,2003,False,False,3.0,4,https://www.cian.ru/sale/flat/300502013/,False,304347.82608695654
17800000.0,19.0,СВАО,102.0,64.0,6,22,2014,False,False,2.8,4,https://www.cian.ru/sale/flat/292859247/,False,174509.80392156861
112000000.0,4.0,ЗАО,152.4,,40,53,,False,False,3.3,4,https://www.cian.ru/sale/flat/298844325/,False,734908.1364829396
19400000.0,5.0,ВАО,72.1,52.0,6,16,1968,False,False,2.65,4,https://www.cian.ru/sale/flat/298169684/,False,269070.7350901526
85000000.0,10.0,ЦАО,200.0,,2,4,1895,False,False,3.4,4,https://www.cian.ru/sale/flat/298379426/,False,425000.0
108000000.0,12.0,ЦАО,119.4,,2,9,2021,False,False,3.6,4,https://www.cian.ru/sale/flat/294373044/,False,904522.6130653266
110000000.0,3.0,ЦАО,163.0,111.0,2,7,1914,False,False,,4,https://www.cian.ru/sale/flat/266931748/,False,674846.6257668711
128000000.0,7.0,ЦАО,130.0,73.0,9,15,2021,False,False,3.2,4,https://www.cian.ru/sale/flat/299667494/,False,984615.3846153846
30000000.0,11.0,ЮАО,100.4,45.4,9,10,,False,False,,4,https://www.cian.ru/sale/flat/298020862/,False,298804.780876494
22999999.0,6.0,ЗАО,91.0,62.0,4,17,1997,False,False,2.64,4,https://www.cian.ru/sale/flat/300807750/,False,252747.24175824175
470000000.0,10.0,ЦАО,200.0,,4,7,1907,False,False,,4,https://www.cian.ru/sale/flat/280568651/,False,2350000.0
26500000.0,7.0,ЮЗАО,82.7,48.0,19,24,,False,False,,4,https://www.cian.ru/sale/flat/300194634/,False,320435.3083434099
46500000.0,8.0,ЮЗАО,95.6,68.5,3,8,1954,False,False,3.1,4,https://www.cian.ru/sale/flat/291924489/,False,486401.6736401674
170000000.0,12.0,ЦАО,182.1,141.9,6,9,2009,False,False,,4,https://www.cian.ru/sale/flat/253645417/,False,933552.9928610654
29000000.0,3.0,ЮЗАО,100.9,65.4,17,22,1987,False,False,2.7,4,https://www.cian.ru/sale/flat/300469341/,False,287413.2804757185
34500000.0,9.0,СЗАО,143.5,,8,15,2005,False,False,3.1,4,https://www.cian.ru/sale/flat/299187265/,False,240418.11846689894
69900000.0,6.0,СВАО,88.0,59.0,9,14,2021,False,False,3.0,4,https://www.cian.ru/sale/flat/300465241/,False,794318.1818181818
32000000.0,12.0,ЗАО,95.0,55.0,8,16,1978,False,False,2.7,4,https://www.cian.ru/sale/flat/300158362/,False,336842.1052631579
67500000.0,4.0,ЮЗАО,113.4,,14,18,2005,False,False,,4,https://www.cian.ru/sale/flat/263171085/,False,595238.0952380953
20000000.0,5.0,ЮАО,97.7,62.1,17,18,2021,False,False,2.8,4,https://www.cian.ru/sale/flat/293891888/,False,204708.29068577278
15000000.0,8.0,СВАО,63.0,46.3,3,9,1979,False,False,2.6,4,https://www.cian.ru/sale/flat/298220970/,False,238095.2380952381
64990000.0,17.0,ЗАО,146.8,,22,25,2022,False,False,3.1,4,https://www.cian.ru/sale/flat/299569914/,False,442711.1716621253
17500000.0,7.0,ЗАО,75.6,52.6,2,12,,False,False,2.64,4,https://www.cian.ru/sale/flat/298505192/,False,231481.4814814815
196225890.0,6.0,ЦАО,196.0,,4,10,2010,False,False,3.4,4,https://www.cian.ru/sale/flat/269485967/,False,1001152.5
140000000.0,8.0,ЦАО,145.0,,3,3,2016,False,True,4.0,4,https://www.cian.ru/sale/flat/294855111/,False,965517.2413793104
182209755.0,11.0,ЦАО,165.0,,9,18,2016,False,False,3.3,4,https://www.cian.ru/sale/flat/295668889/,False,1104301.5454545454
20800000.0,9.0,ЮЗАО,100.7,60.0,14,22,1990,False,False,2.64,4,https://www.cian.ru/sale/flat/290609710/,False,206554.12115193644
13000000.0,1.0,ВАО,105.5,70.0,4,16,,False,False,,4,https://www.cian.ru/sale/flat/297582881/,False,123222.74881516588
29000000.0,14.0,ЮЗАО,99.5,63.2,2,22,2012,False,False,2.78,4,https://www.cian.ru/sale/flat/298623372/,False,291457.2864321608
18690000.0,11.0,ЮВАО,85.6,57.1,3,12,,False,False,,4,https://www.cian.ru/sale/flat/293144686/,False,218341.12149532713
165000000.0,8.0,ЦАО,184.0,112.0,5,7,2012,False,False,,4,https://www.cian.ru/sale/flat/289239530/,False,896739.1304347826
236592359.0,12.0,ЦАО,168.8,120.0,8,10,,False,False,,4,https://www.cian.ru/sale/flat/298130366/,False,1401613.501184834
16000000.0,6.0,СВАО,62.9,47.0,8,9,1969,False,False,2.64,4,https://www.cian.ru/sale/flat/301068786/,False,254372.01907790144
14900000.0,14.0,СВАО,63.0,46.1,8,9,1975,False,False,2.64,4,https://www.cian.ru/sale/flat/298576679/,False,236507.9365079365
67500000.0,9.0,ЮЗАО,178.0,100.0,6,33,2004,False,False,3.0,4,https://www.cian.ru/sale/flat/295357955/,False,379213.4831460674
18500000.0,22.0,ЮАО,74.0,54.0,2,9,1961,False,False,,4,https://www.cian.ru/sale/flat/282638614/,False,250000.0
19350000.0,6.0,ЗАО,100.4,64.7,17,22,1988,False,False,2.64,4,https://www.cian.ru/sale/flat/291866313/,False,192729.08366533864
35650000.0,7.0,СЗАО,82.3,,17,32,2015,False,False,3.0,4,https://www.cian.ru/sale/flat/294869822/,False,433171.3244228433
30450000.0,7.0,ЗАО,100.0,64.0,2,22,1984,False,False,2.64,4,https://www.cian.ru/sale/flat/298786251/,False,304500.0
34499000.0,5.0,ЦАО,101.4,70.7,5,12,1958,False,False,3.5,4,https://www.cian.ru/sale/flat/293149098/,False,340226.82445759367
119000000.0,6.0,ЦАО,190.0,90.0,7,8,2006,False,False,3.2,4,https://www.cian.ru/sale/flat/292766301/,False,626315.7894736842
23500000.0,,ВАО,85.0,,3,5,,False,False,,4,https://www.cian.ru/sale/flat/300294427/,False,276470.5882352941
30000000.0,4.0,ЮЗАО,97.7,59.8,16,22,1987,False,False,2.7,4,https://www.cian.ru/sale/flat/297359816/,False,307062.43602865917
345000000.0,17.0,ЗАО,270.0,,30,34,2024,False,True,7.0,4,https://www.cian.ru/sale/flat/300597162/,False,1277777.7777777778
74990000.0,10.0,ЦАО,116.0,,5,5,1910,False,False,3.5,4,https://www.cian.ru/sale/flat/292017256/,False,646465.5172413794
21500000.0,5.0,ЮЗАО,76.2,56.4,1,14,1994,False,False,2.6,4,https://www.cian.ru/sale/flat/299853880/,False,282152.2309711286
129000000.0,19.0,ЮЗАО,175.6,120.0,24,48,2010,False,False,,4,https://www.cian.ru/sale/flat/279152182/,False,734624.145785877
175000000.0,11.0,ЗАО,178.7,,6,8,2019,False,False,,4,https://www.cian.ru/sale/flat/279149346/,False,979294.9076664802
29900000.0,9.0,ЦАО,74.1,52.8,3,5,1959,False,False,2.75,4,https://www.cian.ru/sale/flat/300253513/,False,403508.7719298246
22700000.0,10.0,САО,77.2,55.1,1,6,,False,False,2.8,4,https://www.cian.ru/sale/flat/299295719/,False,294041.4507772021
119000000.0,6.0,ЦАО,200.0,,7,8,2001,False,False,,4,https://www.cian.ru/sale/flat/292444827/,False,595000.0
513924950.0,6.0,ЦАО,303.0,,11,11,,False,False,,4,https://www.cian.ru/sale/flat/300650863/,False,1696121.9471947195
34000000.0,,ЗАО,103.0,,2,27,,False,False,3.5,4,https://www.cian.ru/sale/flat/286233532/,False,330097.0873786408
190000000.0,6.0,ЦАО,185.0,,4,9,1998,False,False,3.0,4,https://www.cian.ru/sale/flat/293934154/,False,1027027.027027027
84600000.0,28.0,ЗАО,130.4,84.1,2,14,,False,False,,4,https://www.cian.ru/sale/flat/300509013/,False,648773.0061349693
37500000.0,7.0,ЦАО,115.0,80.0,6,8,1941,False,False,3.0,4,https://www.cian.ru/sale/flat/298822261/,False,326086.95652173914
371250000.0,10.0,ЦАО,165.0,,3,7,,False,False,3.5,4,https://www.cian.ru/sale/flat/298786229/,False,2250000.0
75000000.0,13.0,ЦАО,88.0,,29,44,2018,False,False,3.1,4,https://www.cian.ru/sale/flat/300597186/,False,852272.7272727273
35800000.0,6.0,ЦАО,111.0,79.5,6,12,1972,False,False,2.48,4,https://www.cian.ru/sale/flat/292003209/,False,322522.52252252254
98000000.0,8.0,ЦАО,110.4,57.1,3,13,,False,False,,4,https://www.cian.ru/sale/flat/296835523/,False,887681.1594202898
26000000.0,8.0,ЮВАО,103.6,66.8,4,8,1958,False,False,,4,https://www.cian.ru/sale/flat/283685882/,False,250965.25096525098
165000000.0,12.0,ЦАО,164.0,84.0,5,8,2021,False,False,,4,https://www.cian.ru/sale/flat/297233657/,False,1006097.5609756098
52900000.0,7.0,ЮЗАО,121.9,,33,34,,False,False,3.55,4,https://www.cian.ru/sale/flat/299382102/,False,433962.2641509434
160000000.0,11.0,ЗАО,180.0,,2,9,2006,False,False,,4,https://www.cian.ru/sale/flat/298825074/,False,888888.8888888889
162000000.0,7.0,ЦАО,205.0,,9,16,2008,False,False,,4,https://www.cian.ru/sale/flat/297175747/,False,790243.9024390244
43900000.0,5.0,СВАО,86.6,43.0,4,14,,False,False,,4,https://www.cian.ru/sale/flat/292405596/,False,506928.4064665127
66500000.0,14.0,ЮЗАО,113.7,,4,13,1960,False,False,3.0,4,https://www.cian.ru/sale/flat/300829275/,False,584872.471416007
50000000.0,8.0,ЗАО,109.2,62.0,32,39,,False,False,3.1,4,https://www.cian.ru/sale/flat/300664215/,False,457875.4578754579
90000000.0,7.0,ЗАО,155.0,,4,11,2015,False,False,3.0,4,https://www.cian.ru/sale/flat/297349731/,False,580645.1612903225
290000000.0,16.0,ЦАО,202.0,170.0,4,9,2014,False,False,,4,https://www.cian.ru/sale/flat/298148100/,False,1435643.5643564356
110000000.0,14.0,ЗАО,217.0,,4,38,,False,False,,4,https://www.cian.ru/sale/flat/298144507/,False,506912.44239631336
28900000.0,7.0,САО,135.8,89.0,1,8,1941,False,False,,4,https://www.cian.ru/sale/flat/289680630/,False,212812.96023564064
23000000.0,7.0,ЮЗАО,95.5,61.6,5,12,2002,False,False,2.65,4,https://www.cian.ru/sale/flat/300949731/,False,240837.69633507854
51000000.0,13.0,САО,100.6,,5,8,1940,False,False,3.2,4,https://www.cian.ru/sale/flat/299658488/,False,506958.2504970179
45000000.0,4.0,ЗАО,140.0,63.0,21,25,2000,False,False,3.2,4,https://www.cian.ru/sale/flat/299152549/,False,321428.5714285714
41000000.0,18.0,СЗАО,150.0,80.0,1,17,2000,False,False,3.1,4,https://www.cian.ru/sale/flat/294737347/,False,273333.3333333333
36000000.0,6.0,ЦАО,105.2,70.1,4,6,1912,False,False,3.2,4,https://www.cian.ru/sale/flat/300556982/,False,342205.32319391635
765000000.0,9.0,ЦАО,273.8,,7,7,2003,False,False,3.6,4,https://www.cian.ru/sale/flat/299925024/,False,2794010.226442659
17900000.0,12.0,ЮВАО,73.2,52.6,3,5,1959,False,False,,4,https://www.cian.ru/sale/flat/300198608/,False,244535.51912568306
53500000.0,4.0,СЗАО,144.8,57.6,11,17,2011,False,False,2.9,4,https://www.cian.ru/sale/flat/300014509/,False,369475.13812154694
87000000.0,6.0,ЦАО,86.0,,3,5,2021,False,True,3.3,4,https://www.cian.ru/sale/flat/289899668/,False,1011627.9069767442
230000000.0,6.0,ЦАО,212.3,73.0,7,7,2017,False,True,4.88,4,https://www.cian.ru/sale/flat/299068659/,False,1083372.5859632595
350000000.0,8.0,ЦАО,238.8,,11,12,2019,False,False,3.9,4,https://www.cian.ru/sale/flat/300818257/,False,1465661.6415410384
26000000.0,11.0,ЮЗАО,100.1,58.3,4,4,1994,False,False,2.85,4,https://www.cian.ru/sale/flat/299267453/,False,259740.25974025976
35300000.0,5.0,ЗАО,87.3,64.9,2,8,1937,False,False,,4,https://www.cian.ru/sale/flat/299516756/,False,404352.8064146621
87400000.0,6.0,ЦАО,85.0,,3,5,2021,False,True,3.4,4,https://www.cian.ru/sale/flat/278010627/,False,1028235.2941176471
50407380.0,9.0,ВАО,96.9,76.6,4,16,2021,False,False,,4,https://www.cian.ru/sale/flat/296471511/,False,520199.99999999994
67000000.0,16.0,СЗАО,105.0,,27,46,2022,False,False,3.2,4,https://www.cian.ru/sale/flat/300251495/,False,638095.2380952381
120000000.0,8.0,ЦАО,119.1,,5,9,,False,False,,4,https://www.cian.ru/sale/flat/300697253/,False,1007556.6750629724
550000000.0,12.0,ЦАО,241.2,127.0,3,4,,False,False,,4,https://www.cian.ru/sale/flat/300341986/,False,2280265.3399668327
65000000.0,10.0,ЦАО,105.0,,6,8,,False,False,3.2,4,https://www.cian.ru/sale/flat/300073769/,False,619047.619047619
26500000.0,7.0,ЮЗАО,82.7,54.0,19,24,2011,False,False,2.9,4,https://www.cian.ru/sale/flat/300939763/,False,320435.3083434099
83000000.0,3.0,ЦАО,100.0,68.5,4,12,2006,False,False,3.0,4,https://www.cian.ru/sale/flat/297919203/,False,830000.0
195000000.0,6.0,ЦАО,185.0,107.0,4,9,1998,False,False,3.2,4,https://www.cian.ru/sale/flat/299502167/,False,1054054.054054054
25500000.0,13.0,ЮВАО,104.8,65.9,6,12,1976,False,False,2.7,4,https://www.cian.ru/sale/flat/300589923/,False,243320.6106870229
35147910.0,7.0,ЦАО,88.09,,10,41,2024,False,False,,4,https://www.cian.ru/sale/flat/297669809/,False,399000.0
219586115.0,11.0,ЦАО,181.0,,3,12,,False,False,,4,https://www.cian.ru/sale/flat/299464258/,False,1213182.955801105
48042000.0,12.0,ЮЗАО,141.3,82.8,29,31,,False,False,3.1,4,https://www.cian.ru/sale/flat/299093729/,False,340000.0
52800000.0,11.0,ЦАО,143.0,,11,30,2022,False,False,3.0,4,https://www.cian.ru/sale/flat/299673926/,False,369230.76923076925
165000000.0,12.0,ЦАО,161.0,89.0,5,18,2021,False,False,3.2,4,https://www.cian.ru/sale/flat/298468273/,False,1024844.7204968944
110000000.0,8.0,ЗАО,212.7,,4,4,2004,False,False,5.0,4,https://www.cian.ru/sale/flat/289745351/,False,517160.31969910674
26640000.0,11.0,САО,95.6,64.4,4,5,,False,False,3.1,4,https://www.cian.ru/sale/flat/300265228/,False,278661.0878661088
243000000.0,2.0,ЦАО,175.0,125.0,40,60,,False,True,,4,https://www.cian.ru/sale/flat/295152257/,False,1388571.4285714286
120000000.0,2.0,ЦАО,158.4,,6,6,1998,False,False,,4,https://www.cian.ru/sale/flat/295326123/,False,757575.7575757576
14300000.0,16.0,ЮЗАО,67.0,41.0,2,9,1976,False,False,2.7,4,https://www.cian.ru/sale/flat/295037149/,False,213432.83582089553
23900000.0,4.0,СВАО,78.6,,1,15,1969,False,False,,4,https://www.cian.ru/sale/flat/299698361/,False,304071.24681933847
28400000.0,19.0,ЮВАО,105.7,64.4,14,23,2008,False,False,3.0,4,https://www.cian.ru/sale/flat/298170409/,False,268684.95742667926
140000000.0,11.0,ЦАО,150.0,,6,9,,False,False,,4,https://www.cian.ru/sale/flat/285891913/,False,933333.3333333334
175000000.0,9.0,ЦАО,136.5,111.5,14,16,,False,False,,4,https://www.cian.ru/sale/flat/298786225/,False,1282051.282051282
14500000.0,5.0,САО,65.0,46.4,3,9,1966,False,False,2.7,4,https://www.cian.ru/sale/flat/292487820/,False,223076.92307692306
148900000.0,7.0,СЗАО,200.0,,20,22,2019,False,False,3.2,4,https://www.cian.ru/sale/flat/300005780/,False,744500.0
5200000.0,7.0,ЮВАО,98.4,67.2,6,7,1956,False,False,4.0,4,https://www.cian.ru/sale/flat/300806626/,False,52845.52845528455
30978000.0,14.0,ЗАО,79.3,48.0,26,27,2022,False,False,2.95,4,https://www.cian.ru/sale/flat/300507433/,False,390643.12736443884
37200000.0,13.0,Неизвестно,105.0,78.0,2,5,1934,False,False,3.5,4,https://www.cian.ru/sale/flat/284682898/,False,354285.71428571426
48500000.0,5.0,ЦАО,81.0,49.4,1,5,1905,False,False,3.5,4,https://www.cian.ru/sale/flat/299118069/,False,598765.4320987654
122000000.0,8.0,ЦАО,119.4,73.5,2,5,2019,False,True,3.0,4,https://www.cian.ru/sale/flat/296272660/,False,1021775.5443886097
99000000.0,12.0,ЦАО,90.0,,16,20,2021,False,False,3.2,4,https://www.cian.ru/sale/flat/298805304/,False,1100000.0
240000000.0,14.0,ЦАО,199.37,129.4,9,11,,False,False,,4,https://www.cian.ru/sale/flat/300509417/,False,1203791.9446255704
49700000.0,13.0,ЮАО,130.0,80.0,28,33,,False,False,,4,https://www.cian.ru/sale/flat/296564081/,False,382307.6923076923
792540000.0,5.0,ЦАО,396.27,106.3,4,5,,False,False,4.4,4,https://www.cian.ru/sale/flat/300547257/,False,2000000.0
36490000.0,10.0,ЦАО,88.0,61.0,5,6,,False,False,,4,https://www.cian.ru/sale/flat/294301130/,False,414659.0909090909
26000000.0,7.0,ЮВАО,100.2,67.5,5,7,1956,False,False,4.0,4,https://www.cian.ru/sale/flat/299759148/,False,259481.0379241517
231523500.0,4.0,ЗАО,149.37,,8,9,,False,False,3.35,4,https://www.cian.ru/sale/flat/300839315/,False,1550000.0
179300000.0,9.0,ЦАО,163.0,,15,21,2021,False,False,,4,https://www.cian.ru/sale/flat/295795771/,False,1100000.0
17500000.0,6.0,ЮВАО,95.1,48.5,2,19,2012,False,False,2.78,4,https://www.cian.ru/sale/flat/300988122/,False,184016.8243953733
231523500.0,4.0,ЗАО,150.0,,8,9,2020,False,False,3.2,4,https://www.cian.ru/sale/flat/288716778/,False,1543490.0
30000000.0,12.0,СЗАО,100.3,62.0,15,18,2006,False,False,3.0,4,https://www.cian.ru/sale/flat/299690554/,False,299102.69192422734
28000000.0,11.0,ЦАО,80.9,56.4,8,8,1957,False,False,3.2,4,https://www.cian.ru/sale/flat/297372127/,False,346106.30407911
47000000.0,5.0,ЗАО,144.0,,19,27,2004,False,False,3.0,4,https://www.cian.ru/sale/flat/300612059/,False,326388.8888888889
75000000.0,5.0,САО,180.0,82.0,9,19,2006,False,False,3.0,4,https://www.cian.ru/sale/flat/287648831/,False,416666.6666666667
185000000.0,4.0,ЦАО,165.1,,8,8,1898,False,False,3.1,4,https://www.cian.ru/sale/flat/300004581/,False,1120533.01029679
370000000.0,4.0,ЦАО,295.0,,79,82,,False,True,3.0,4,https://www.cian.ru/sale/flat/298829719/,False,1254237.2881355933
13500000.0,8.0,ЮВАО,74.0,,1,14,,False,False,,4,https://www.cian.ru/sale/flat/300686900/,False,182432.43243243243
20500000.0,15.0,ЮЗАО,87.0,,22,23,,False,False,3.0,4,https://www.cian.ru/sale/flat/299404883/,False,235632.183908046
58900000.0,8.0,ЦАО,100.0,70.0,3,6,1917,False,False,3.45,4,https://www.cian.ru/sale/flat/299882357/,False,589000.0
43350000.0,19.0,САО,170.0,90.0,16,29,,False,True,,4,https://www.cian.ru/sale/flat/293443964/,False,255000.0
26000000.0,16.0,САО,104.0,65.0,14,18,2004,False,False,2.74,4,https://www.cian.ru/sale/flat/300499070/,False,250000.0
168500000.0,12.0,ЦАО,163.5,,3,18,2021,False,False,3.23,4,https://www.cian.ru/sale/flat/299645435/,False,1030581.0397553517
15500000.0,17.0,ВАО,68.1,50.1,2,9,1973,False,False,2.6,4,https://www.cian.ru/sale/flat/299648038/,False,227606.4610866373
21900000.0,24.0,ВАО,78.2,60.8,1,9,,False,False,2.6,4,https://www.cian.ru/sale/flat/298780572/,False,280051.15089514066
250000000.0,7.0,САО,324.5,,6,6,,False,True,,4,https://www.cian.ru/sale/flat/288460497/,False,770416.0246533128
160000000.0,4.0,ЗАО,250.0,,17,17,2006,False,False,3.0,4,https://www.cian.ru/sale/flat/290364227/,False,640000.0
13490000.0,18.0,ЮАО,62.5,46.3,1,9,1976,False,True,2.64,4,https://www.cian.ru/sale/flat/299658844/,False,215840.0
210000000.0,17.0,ЗАО,177.4,,22,34,2024,False,True,,4,https://www.cian.ru/sale/flat/300434042/,False,1183765.5016910934
103000000.0,11.0,ЗАО,131.0,,12,25,2021,False,False,3.1,4,https://www.cian.ru/sale/flat/291002206/,False,786259.5419847328
104500000.0,11.0,ЦАО,118.0,94.0,3,9,,False,False,,4,https://www.cian.ru/sale/flat/297454754/,False,885593.220338983
123900000.0,5.0,ЦАО,126.0,80.0,2,3,,False,False,,4,https://www.cian.ru/sale/flat/299739475/,False,983333.3333333334
237000000.0,9.0,ЦАО,153.0,,4,15,,False,False,,4,https://www.cian.ru/sale/flat/296860989/,False,1549019.6078431373
280322700.0,6.0,ЦАО,203.0,,10,17,1998,False,False,,4,https://www.cian.ru/sale/flat/292548940/,False,1380900.0
26900000.0,14.0,ЮВАО,95.5,62.0,2,17,2005,False,False,2.64,4,https://www.cian.ru/sale/flat/300337493/,False,281675.3926701571
236405477.0,12.0,ЦАО,169.0,134.0,8,10,2009,False,False,,4,https://www.cian.ru/sale/flat/300753193/,False,1398848.9763313609
355075420.0,6.0,ЦАО,132.0,,2,5,,False,False,,4,https://www.cian.ru/sale/flat/292396726/,False,2689965.303030303
58000000.0,16.0,СЗАО,110.9,65.6,25,40,2020,False,False,3.2,4,https://www.cian.ru/sale/flat/300220278/,False,522993.6880072137
250000000.0,6.0,ЦАО,208.0,50.0,8,14,2006,False,False,3.1,4,https://www.cian.ru/sale/flat/299232018/,False,1201923.076923077
17570000.0,9.0,ЮАО,62.4,45.4,9,9,,False,False,,4,https://www.cian.ru/sale/flat/301042817/,False,281570.5128205128
33000000.0,18.0,ЮЗАО,103.0,66.0,15,22,2005,False,False,2.64,4,https://www.cian.ru/sale/flat/295899413/,False,320388.3495145631
35000000.0,6.0,ЮЗАО,100.0,65.0,2,19,2013,False,False,2.78,4,https://www.cian.ru/sale/flat/296920103/,False,350000.0
29000000.0,11.0,ЮЗАО,129.1,68.0,4,4,1994,False,False,2.85,4,https://www.cian.ru/sale/flat/297875151/,False,224632.0681642138
71500000.0,5.0,СЗАО,175.0,90.0,3,14,2006,False,False,3.1,4,https://www.cian.ru/sale/flat/297999583/,False,408571.4285714286
22950000.0,14.0,ЮВАО,98.4,62.6,2,22,1995,False,False,2.64,4,https://www.cian.ru/sale/flat/292322069/,False,233231.70731707316
36500000.0,2.0,ЗАО,77.1,55.0,3,11,1959,False,False,3.0,4,https://www.cian.ru/sale/flat/300502994/,False,473411.1543450065
58000000.0,7.0,ВАО,220.9,115.9,16,19,,False,False,3.0,4,https://www.cian.ru/sale/flat/295787399/,False,262562.2453598913
205569980.0,11.0,ЦАО,163.8,,2,10,2012,False,False,3.3,4,https://www.cian.ru/sale/flat/300551563/,False,1255005.9829059828
450000000.0,6.0,ЦАО,207.0,130.0,6,8,2012,False,False,,4,https://www.cian.ru/sale/flat/274970246/,False,2173913.0434782607
220000000.0,11.0,ЦАО,155.0,85.0,6,9,2015,False,False,3.2,4,https://www.cian.ru/sale/flat/300740705/,False,1419354.8387096773
185000000.0,8.0,САО,195.0,,13,15,2020,False,False,3.15,4,https://www.cian.ru/sale/flat/297612196/,False,948717.9487179487
59990000.0,5.0,СЗАО,110.0,49.0,27,29,2023,False,False,3.0,4,https://www.cian.ru/sale/flat/299730748/,False,545363.6363636364
70000000.0,5.0,ЮАО,184.5,100.0,8,8,2016,False,True,5.5,4,https://www.cian.ru/sale/flat/295096926/,False,379403.7940379404
12299000.0,17.0,ЮВАО,89.9,,13,17,,False,False,2.7,4,https://www.cian.ru/sale/flat/296830664/,False,136807.5639599555
35000000.0,12.0,ЮАО,128.0,70.0,10,25,2021,False,False,2.8,4,https://www.cian.ru/sale/flat/297156456/,False,273437.5
120000000.0,3.0,ЦАО,162.3,,5,12,2003,False,False,3.0,4,https://www.cian.ru/sale/flat/278190873/,False,739371.5341959334
72000000.0,14.0,СЗАО,140.0,,13,19,2019,False,False,3.2,4,https://www.cian.ru/sale/flat/295044624/,False,514285.71428571426
18000000.0,10.0,ЮВАО,63.0,46.0,2,9,,False,False,,4,https://www.cian.ru/sale/flat/292465322/,False,285714.28571428574
186881800.0,10.0,САО,193.7,,4,25,2007,False,False,3.0,4,https://www.cian.ru/sale/flat/280406607/,False,964800.2065049045
504580860.0,6.0,ЦАО,303.0,,11,11,,False,False,,4,https://www.cian.ru/sale/flat/300508763/,False,1665283.3663366337
99000000.0,12.0,ЦАО,90.0,65.0,16,20,2021,False,False,3.2,4,https://www.cian.ru/sale/flat/299979345/,False,1100000.0
90000000.0,5.0,ЗАО,136.0,,4,14,2022,False,False,3.1,4,https://www.cian.ru/sale/flat/300987092/,False,661764.7058823529
19700000.0,6.0,ЮЗАО,92.2,63.4,4,12,2000,False,False,2.64,4,https://www.cian.ru/sale/flat/294062823/,False,213665.94360086767
102000000.0,5.0,ЗАО,136.9,,8,12,2023,False,False,3.13,4,https://www.cian.ru/sale/flat/294221017/,False,745069.3937180423
74752720.0,7.0,ЦАО,73.5,,4,5,1913,False,False,3.4,4,https://www.cian.ru/sale/flat/284201268/,False,1017043.8095238095
33700000.0,6.0,САО,103.2,73.0,7,12,,False,False,2.8,4,https://www.cian.ru/sale/flat/299696166/,False,326550.38759689924
370730000.0,5.0,ЗАО,273.2,170.0,13,13,,False,True,,4,https://www.cian.ru/sale/flat/293821776/,False,1356991.21522694
280000000.0,8.0,ЦАО,158.0,100.0,3,7,,False,False,,4,https://www.cian.ru/sale/flat/295316053/,False,1772151.8987341772
37000000.0,12.0,СЗАО,115.0,,2,42,2018,False,False,3.2,4,https://www.cian.ru/sale/flat/301005976/,False,321739.1304347826
23300000.0,7.0,САО,90.9,62.0,2,14,2008,False,False,2.64,4,https://www.cian.ru/sale/flat/297770178/,False,256325.6325632563
87000000.0,6.0,ЦАО,84.97,,3,5,2021,False,True,3.0,4,https://www.cian.ru/sale/flat/289462352/,False,1023890.7849829352
127000000.0,5.0,ЗАО,217.3,,13,30,2008,False,False,3.1,4,https://www.cian.ru/sale/flat/296082689/,False,584445.4670961804
29500000.0,4.0,ЮАО,116.0,74.0,11,11,2016,False,False,2.7,4,https://www.cian.ru/sale/flat/295765722/,False,254310.3448275862
37000000.0,7.0,СВАО,116.8,63.4,18,32,2023,False,False,,4,https://www.cian.ru/sale/flat/300595851/,False,316780.8219178082
115000000.0,8.0,ЦАО,192.0,,4,6,1913,False,False,3.0,4,https://www.cian.ru/sale/flat/297256666/,False,598958.3333333334
320000000.0,8.0,ЦАО,177.4,,4,5,2022,False,True,,4,https://www.cian.ru/sale/flat/297250665/,False,1803833.1454340473
23000000.0,12.0,ЮВАО,116.0,61.0,12,16,,False,False,2.8,4,https://www.cian.ru/sale/flat/290412928/,False,198275.8620689655
150000000.0,16.0,ЗАО,218.0,,6,17,,False,False,3.2,4,https://www.cian.ru/sale/flat/300348491/,False,688073.3944954128
52971000.0,5.0,ЗАО,100.0,,2,14,,False,False,,4,https://www.cian.ru/sale/flat/300509161/,False,529710.0
32000000.0,5.0,СВАО,100.0,65.0,12,22,1990,False,False,2.64,4,https://www.cian.ru/sale/flat/293965333/,False,320000.0
29000000.0,4.0,ЮАО,92.4,53.0,6,16,2003,False,False,2.64,4,https://www.cian.ru/sale/flat/300094065/,False,313852.81385281385
644957125.0,3.0,ЦАО,222.0,,4,8,2015,False,False,3.5,4,https://www.cian.ru/sale/flat/297901402/,False,2905212.274774775
75000000.0,8.0,ЗАО,163.0,55.0,11,22,2004,False,False,3.0,4,https://www.cian.ru/sale/flat/288273358/,False,460122.6993865031
110000000.0,12.0,САО,112.8,70.4,10,37,2021,False,False,,4,https://www.cian.ru/sale/flat/300417156/,False,975177.304964539
70000000.0,10.0,СВАО,152.4,62.2,20,21,2021,False,False,3.5,4,https://www.cian.ru/sale/flat/299376345/,False,459317.58530183724
119000000.0,6.0,ЦАО,201.0,142.5,7,8,2001,False,False,3.5,4,https://www.cian.ru/sale/flat/295284317/,False,592039.8009950249
65500000.0,10.0,СЗАО,108.0,,16,57,2022,False,False,3.1,4,https://www.cian.ru/sale/flat/300759218/,False,606481.4814814815
29000000.0,10.0,ЮЗАО,91.0,44.0,33,33,2019,False,False,2.7,4,https://www.cian.ru/sale/flat/290216223/,False,318681.31868131866
69000000.0,3.0,ЦАО,100.7,65.3,5,14,1972,False,False,2.7,4,https://www.cian.ru/sale/flat/294316840/,False,685203.5749751738
58500000.0,17.0,ЗАО,142.6,86.0,18,25,2021,False,False,,4,https://www.cian.ru/sale/flat/300326991/,False,410238.4291725105
297000000.0,8.0,ЦАО,271.7,,6,7,2011,False,False,3.0,4,https://www.cian.ru/sale/flat/295837879/,False,1093117.4089068826
102000000.0,28.0,ЗАО,136.9,85.8,8,12,,False,False,,4,https://www.cian.ru/sale/flat/300509130/,False,745069.3937180423
25180000.0,6.0,ВАО,125.9,,3,5,1958,False,True,3.1,4,https://www.cian.ru/sale/flat/293073291/,False,200000.0
99000000.0,14.0,ЗАО,290.7,188.0,18,21,2006,False,False,3.0,4,https://www.cian.ru/sale/flat/299717440/,False,340557.27554179565
24000000.0,9.0,СВАО,101.2,69.2,1,12,1975,False,False,,4,https://www.cian.ru/sale/flat/297355119/,False,237154.15019762845
350000000.0,12.0,ЦАО,270.0,,11,11,2003,False,False,3.4,4,https://www.cian.ru/sale/flat/300338403/,False,1296296.2962962964
82000000.0,18.0,СЗАО,189.2,,6,32,,False,False,3.0,4,https://www.cian.ru/sale/flat/291445703/,False,433403.8054968288
59880000.0,11.0,САО,122.0,90.0,22,36,2023,False,True,3.0,4,https://www.cian.ru/sale/flat/293449686/,False,490819.6721311475
70000000.0,12.0,СЗАО,127.2,80.0,31,35,2008,False,False,3.1,4,https://www.cian.ru/sale/flat/300441618/,False,550314.4654088051
115000000.0,5.0,ЦАО,135.0,,2,8,,False,False,3.0,4,https://www.cian.ru/sale/flat/300483482/,False,851851.8518518518
196225890.0,7.0,ЦАО,195.1,151.0,4,7,2010,False,False,3.37,4,https://www.cian.ru/sale/flat/300727627/,False,1005770.8354689903
29900000.0,13.0,СЗАО,128.0,85.0,13,25,,False,False,3.1,4,https://www.cian.ru/sale/flat/286984938/,False,233593.75
61300000.0,6.0,ЗАО,129.1,72.3,2,11,2022,False,False,3.1,4,https://www.cian.ru/sale/flat/291881729/,False,474825.71649883816
17250000.0,4.0,СЗАО,63.0,46.4,3,9,,False,False,,4,https://www.cian.ru/sale/flat/295664160/,False,273809.5238095238
36950000.0,2.0,ЦАО,94.5,62.5,3,7,,False,False,3.2,4,https://www.cian.ru/sale/flat/295787645/,False,391005.291005291
240000000.0,12.0,ЦАО,172.0,,6,9,2021,False,False,3.2,4,https://www.cian.ru/sale/flat/299070805/,False,1395348.8372093022
83000000.0,10.0,ЗАО,108.4,70.0,23,52,2020,False,False,3.0,4,https://www.cian.ru/sale/flat/300380261/,False,765682.6568265682
200000000.0,16.0,ЗАО,204.9,115.0,28,31,2008,False,True,3.0,4,https://www.cian.ru/sale/flat/290463046/,False,976085.8955588092
93750000.0,8.0,ЗАО,125.0,71.3,5,14,1955,False,False,3.2,4,https://www.cian.ru/sale/flat/299549536/,False,750000.0
32000000.0,13.0,ЮЗАО,108.0,72.0,2,10,1961,False,False,3.0,4,https://www.cian.ru/sale/flat/299087875/,False,296296.2962962963
15700000.0,9.0,ЗАО,63.1,46.5,5,9,1969,False,False,2.64,4,https://www.cian.ru/sale/flat/300807144/,False,248811.41045958796
22200000.0,12.0,САО,86.0,60.0,14,17,2002,False,False,2.64,4,https://www.cian.ru/sale/flat/288573453/,False,258139.53488372092
25500000.0,15.0,ЮВАО,100.0,62.0,3,23,,False,False,,4,https://www.cian.ru/sale/flat/297130208/,False,255000.0
184792300.0,8.0,ЦАО,163.1,,7,7,,False,False,,4,https://www.cian.ru/sale/flat/287545085/,False,1133000.0
25400000.0,6.0,ЮАО,92.2,66.0,4,10,,False,False,3.0,4,https://www.cian.ru/sale/flat/289102343/,False,275488.0694143167
31300000.0,4.0,ЦАО,76.1,55.6,5,12,1965,False,False,2.64,4,https://www.cian.ru/sale/flat/300170073/,False,411300.91984231275
30000000.0,12.0,ВАО,108.8,64.0,5,17,,False,False,,4,https://www.cian.ru/sale/flat/296403999/,False,275735.29411764705
17100000.0,13.0,ЮЗАО,64.1,,3,9,1976,False,False,2.64,4,https://www.cian.ru/sale/flat/300651025/,False,266770.6708268331
330000000.0,13.0,ЗАО,214.0,190.0,2,6,,False,False,,4,https://www.cian.ru/sale/flat/293809446/,False,1542056.074766355
199870086.0,12.0,ЦАО,142.6,100.0,8,10,,False,False,,4,https://www.cian.ru/sale/flat/298113923/,False,1401613.5063113605
127000000.0,16.0,ЗАО,195.0,150.0,3,47,2004,False,False,3.2,4,https://www.cian.ru/sale/flat/299738531/,False,651282.0512820513
56000000.0,10.0,ЮАО,99.8,69.4,7,8,,False,False,,4,https://www.cian.ru/sale/flat/300539694/,False,561122.244488978
78100000.0,11.0,ЮЗАО,165.3,87.2,4,5,2010,False,False,3.3,4,https://www.cian.ru/sale/flat/292680419/,False,472474.28917120385
79500000.0,10.0,ЦАО,95.7,,3,5,1958,False,False,,4,https://www.cian.ru/sale/flat/300527124/,False,830721.0031347962
31560000.0,10.0,ЗАО,99.2,71.2,2,5,1956,False,False,2.8,4,https://www.cian.ru/sale/flat/299671312/,False,318145.16129032255
26000000.0,18.0,ЮЗАО,75.0,55.0,1,14,,False,False,,4,https://www.cian.ru/sale/flat/300879980/,False,346666.6666666667
60000000.0,9.0,СЗАО,121.9,79.0,40,48,2021,False,False,,4,https://www.cian.ru/sale/flat/300300021/,False,492206.7268252666
117000000.0,2.0,ЦАО,163.5,104.0,6,6,1998,False,False,,4,https://www.cian.ru/sale/flat/300616273/,False,715596.3302752294
140000000.0,9.0,ЦАО,136.0,,5,21,2023,False,False,3.1,4,https://www.cian.ru/sale/flat/299341037/,False,1029411.7647058824
196225890.0,7.0,ЦАО,195.1,,4,7,2008,False,False,3.2,4,https://www.cian.ru/sale/flat/291924280/,False,1005770.8354689903
17800000.0,15.0,ЮВАО,85.4,56.8,2,14,1984,False,False,2.64,4,https://www.cian.ru/sale/flat/267664241/,False,208430.9133489461
300000000.0,16.0,ЦАО,202.0,,4,11,2014,False,False,3.2,4,https://www.cian.ru/sale/flat/290012394/,False,1485148.5148514851
99800000.0,15.0,ЗАО,140.0,,14,22,2012,False,False,3.0,4,https://www.cian.ru/sale/flat/299761391/,False,712857.1428571428
430000000.0,15.0,ЦАО,230.0,,6,21,2008,False,False,3.1,4,https://www.cian.ru/sale/flat/300369421/,False,1869565.2173913044
25990000.0,5.0,ЮВАО,99.2,,18,21,1996,False,False,2.64,4,https://www.cian.ru/sale/flat/298526532/,False,261995.96774193548
22200000.0,5.0,ЮАО,114.0,81.6,15,17,,False,False,,4,https://www.cian.ru/sale/flat/291871848/,False,194736.84210526315
145000000.0,12.0,ЦАО,146.0,124.0,6,17,,False,False,,4,https://www.cian.ru/sale/flat/299054017/,False,993150.6849315069
170000000.0,5.0,ЦАО,180.0,,2,8,2006,False,False,3.5,4,https://www.cian.ru/sale/flat/297590813/,False,944444.4444444445
185000000.0,1.0,САО,195.0,151.0,13,15,,False,True,3.0,4,https://www.cian.ru/sale/flat/274485942/,False,948717.9487179487
39500000.0,2.0,ЮЗАО,100.2,62.1,22,22,2003,False,False,2.7,4,https://www.cian.ru/sale/flat/299132048/,False,394211.5768463074
229400000.0,13.0,ЦАО,153.0,,6,13,,False,False,,4,https://www.cian.ru/sale/flat/300650827/,False,1499346.4052287582
327043150.0,7.0,ЦАО,261.0,,5,8,2004,False,False,3.4,4,https://www.cian.ru/sale/flat/287967334/,False,1253038.888888889
14950000.0,15.0,СВАО,78.0,43.7,1,12,1981,False,False,3.0,4,https://www.cian.ru/sale/flat/298459827/,False,191666.66666666666
35000000.0,6.0,ЮЗАО,100.1,63.8,21,25,1986,False,False,2.64,4,https://www.cian.ru/sale/flat/297540103/,False,349650.34965034964
33000000.0,7.0,ЗАО,99.0,64.3,22,22,1991,False,False,2.7,4,https://www.cian.ru/sale/flat/300964967/,False,333333.3333333333
26700000.0,4.0,ЦАО,74.0,52.5,4,5,1959,False,False,3.2,4,https://www.cian.ru/sale/flat/300254550/,False,360810.8108108108
345731330.0,6.0,ЦАО,174.0,,2,5,2004,False,False,4.0,4,https://www.cian.ru/sale/flat/300940969/,False,1986961.6666666667
150760000.0,12.0,ЦАО,141.0,,16,18,2021,False,False,3.23,4,https://www.cian.ru/sale/flat/300392388/,False,1069219.8581560284
169900000.0,14.0,ЗАО,180.0,,3,8,2019,False,False,3.5,4,https://www.cian.ru/sale/flat/297586854/,False,943888.8888888889
345000000.0,14.0,ЗАО,305.0,,30,31,2023,False,True,7.0,4,https://www.cian.ru/sale/flat/295528192/,False,1131147.5409836066
58800000.0,,ЗАО,96.1,,8,14,,False,False,,4,https://www.cian.ru/sale/flat/300509157/,False,611862.6430801249
53000000.0,9.0,ЗАО,102.5,52.8,10,25,2021,False,False,3.1,4,https://www.cian.ru/sale/flat/291962765/,False,517073.1707317073
75000000.0,5.0,ЗАО,104.0,60.0,14,26,2021,False,False,,4,https://www.cian.ru/sale/flat/298786938/,False,721153.8461538461
230000000.0,6.0,ЦАО,213.7,111.0,7,7,2017,False,True,3.2,4,https://www.cian.ru/sale/flat/300097386/,False,1076275.1520823585
119000000.0,6.0,ЦАО,200.0,,7,8,2001,False,False,3.5,4,https://www.cian.ru/sale/flat/299894967/,False,595000.0
38999000.0,19.0,ЮАО,95.0,47.0,8,13,2021,False,False,3.0,4,https://www.cian.ru/sale/flat/294168433/,False,410515.7894736842
420484050.0,7.0,ЦАО,215.0,,3,7,,False,False,,4,https://www.cian.ru/sale/flat/300509006/,False,1955739.7674418604
57500000.0,16.0,СЗАО,119.0,,11,16,2019,False,False,2.8,4,https://www.cian.ru/sale/flat/293144498/,False,483193.2773109244
185000000.0,8.0,ЦАО,141.1,,2,4,1910,False,False,,4,https://www.cian.ru/sale/flat/292193523/,False,1311126.8603827073
65000000.0,5.0,ЦАО,100.0,,1,4,1917,False,False,3.5,4,https://www.cian.ru/sale/flat/299789215/,False,650000.0
67000000.0,4.0,ЗАО,128.0,72.0,5,22,2019,False,False,3.1,4,https://www.cian.ru/sale/flat/298116334/,False,523437.5
36360000.0,14.0,ЗАО,111.6,51.0,18,27,2022,False,False,2.95,4,https://www.cian.ru/sale/flat/300574549/,False,325806.45161290327
57380000.0,9.0,ЗАО,190.5,147.0,7,14,2013,False,False,3.0,4,https://www.cian.ru/sale/flat/263705047/,False,301207.3490813648
300000000.0,11.0,СЗАО,225.0,,1,5,,False,False,,4,https://www.cian.ru/sale/flat/297166882/,False,1333333.3333333333
23000000.0,6.0,САО,84.0,56.2,2,14,1997,False,False,2.64,4,https://www.cian.ru/sale/flat/299587002/,False,273809.5238095238
36000000.0,9.0,ВАО,104.5,72.0,7,23,2022,False,False,3.0,4,https://www.cian.ru/sale/flat/299681642/,False,344497.6076555024
39299000.0,6.0,ЦАО,87.2,65.6,4,6,1934,False,False,3.0,4,https://www.cian.ru/sale/flat/300054167/,False,450676.6055045871
65000000.0,,ЗАО,140.0,110.0,5,8,1967,False,False,,4,https://www.cian.ru/sale/flat/300539844/,False,464285.71428571426
231520000.0,4.0,ЗАО,149.5,,8,9,2020,False,False,3.2,4,https://www.cian.ru/sale/flat/297578042/,False,1548628.762541806
14000000.0,8.0,ЮАО,76.6,52.7,1,14,1991,False,False,2.64,4,https://www.cian.ru/sale/flat/299295825/,False,182767.62402088774
35900000.0,27.0,ЮАО,135.0,64.0,3,15,2012,False,False,2.7,4,https://www.cian.ru/sale/flat/299308468/,False,265925.9259259259
168000000.0,15.0,ЗАО,190.0,,8,11,2020,False,False,3.3,4,https://www.cian.ru/sale/flat/297507632/,False,884210.5263157894
147636622.0,7.0,ЦАО,183.0,,3,7,1917,False,False,,4,https://www.cian.ru/sale/flat/292309522/,False,806757.4972677595
199500000.0,7.0,ЦАО,163.1,122.0,5,8,1928,False,False,3.3,4,https://www.cian.ru/sale/flat/296380323/,False,1223175.965665236
41499000.0,4.0,ЮЗАО,124.4,66.6,18,22,2004,False,False,2.8,4,https://www.cian.ru/sale/flat/299687502/,False,333593.2475884244
175500000.0,12.0,ЦАО,130.0,,3,9,2021,False,False,3.3,4,https://www.cian.ru/sale/flat/292773654/,False,1350000.0
57500000.0,11.0,ЮАО,115.0,60.7,9,10,2022,False,False,3.1,4,https://www.cian.ru/sale/flat/299012448/,False,500000.0
65000000.0,5.0,ЗАО,95.0,,13,14,2021,False,False,3.1,4,https://www.cian.ru/sale/flat/298343428/,False,684210.5263157894
117000000.0,9.0,ЦАО,128.7,70.0,4,7,2019,False,False,3.0,4,https://www.cian.ru/sale/flat/290380690/,False,909090.9090909092
28500000.0,5.0,САО,82.5,56.0,4,8,1959,False,False,2.8,4,https://www.cian.ru/sale/flat/296773542/,False,345454.54545454547
15500000.0,4.0,ВАО,63.0,46.3,4,9,1971,False,False,2.64,4,https://www.cian.ru/sale/flat/301065204/,False,246031.74603174604
26000000.0,10.0,СЗАО,110.1,66.4,10,10,1999,False,False,2.7,4,https://www.cian.ru/sale/flat/297548061/,False,236148.95549500454
23500000.0,17.0,ВАО,98.0,65.0,4,12,2004,False,False,,4,https://www.cian.ru/sale/flat/300817644/,False,239795.91836734695
44000000.0,10.0,ЦАО,102.5,,3,4,1930,False,False,3.4,4,https://www.cian.ru/sale/flat/298004713/,False,429268.2926829268
36000000.0,5.0,САО,100.0,68.0,2,9,1924,False,False,3.2,4,https://www.cian.ru/sale/flat/289200563/,False,360000.0
30000000.0,10.0,САО,71.8,50.0,6,7,,False,False,3.2,4,https://www.cian.ru/sale/flat/295787633/,False,417827.2980501393
45000000.0,15.0,ЮВАО,111.0,64.0,12,28,2021,False,False,3.1,4,https://www.cian.ru/sale/flat/300068008/,False,405405.4054054054
65000000.0,2.0,ЦАО,110.0,70.0,3,5,1899,False,False,3.5,4,https://www.cian.ru/sale/flat/295990566/,False,590909.0909090909
109000000.0,12.0,ЦАО,135.2,68.5,2,6,1914,False,False,,4,https://www.cian.ru/sale/flat/298940472/,False,806213.0177514794
27000000.0,4.0,САО,96.8,68.8,2,5,1956,False,False,3.2,4,https://www.cian.ru/sale/flat/300472649/,False,278925.6198347107
210000000.0,4.0,ЦАО,172.0,,8,9,2011,False,False,3.5,4,https://www.cian.ru/sale/flat/299830026/,False,1220930.2325581396
175000000.0,9.0,ЦАО,136.5,,14,15,2023,False,False,3.1,4,https://www.cian.ru/sale/flat/299251933/,False,1282051.282051282
145000000.0,9.0,ЦАО,134.0,86.0,3,21,2023,False,False,3.0,4,https://www.cian.ru/sale/flat/299163491/,False,1082089.552238806
83000000.0,11.0,ЦАО,120.0,84.0,3,29,,False,False,3.0,4,https://www.cian.ru/sale/flat/298224144/,False,691666.6666666666
35000000.0,18.0,ЮЗАО,84.4,62.8,4,10,1957,False,False,3.0,4,https://www.cian.ru/sale/flat/300959671/,False,414691.94312796206
34500000.0,4.0,ЮАО,102.0,72.2,12,17,2013,False,False,3.0,4,https://www.cian.ru/sale/flat/300525047/,False,338235.29411764705
22900000.0,6.0,САО,84.1,53.5,2,14,1997,False,False,2.65,4,https://www.cian.ru/sale/flat/300560728/,False,272294.887039239
30250000.0,16.0,ЮЗАО,100.5,64.5,17,22,1982,False,False,2.64,4,https://www.cian.ru/sale/flat/298782318/,False,300995.0248756219
100000000.0,4.0,ЗАО,130.0,,22,53,2012,False,False,,4,https://www.cian.ru/sale/flat/295803481/,False,769230.7692307692
39862929.0,4.0,ЮВАО,93.8,50.4,7,30,,False,False,,4,https://www.cian.ru/sale/flat/299773789/,False,424977.921108742
18350000.0,6.0,ЮАО,85.5,60.2,9,12,1976,False,False,2.65,4,https://www.cian.ru/sale/flat/299328201/,False,214619.88304093567
26900000.0,,ЗАО,91.1,62.1,5,17,,False,False,,4,https://www.cian.ru/sale/flat/287415733/,False,295279.91218441277
53999000.0,10.0,ЦАО,113.0,76.0,5,6,1914,False,False,3.2,4,https://www.cian.ru/sale/flat/294305168/,False,477867.2566371681
198000000.0,12.0,ЦАО,205.7,,10,20,2021,False,False,3.23,4,https://www.cian.ru/sale/flat/300370152/,False,962566.8449197862
25190000.0,16.0,ВАО,92.7,58.7,17,17,,False,False,,4,https://www.cian.ru/sale/flat/294470974/,False,271736.7853290183
24700000.0,9.0,СВАО,94.7,54.5,6,24,1988,False,False,2.7,4,https://www.cian.ru/sale/flat/298903130/,False,260823.6536430834
27000000.0,1.0,ЮЗАО,100.0,59.4,1,17,2003,False,False,2.64,4,https://www.cian.ru/sale/flat/300968852/,False,270000.0
330000000.0,11.0,ЦАО,180.0,126.0,5,7,2018,False,False,3.05,4,https://www.cian.ru/sale/flat/289915709/,False,1833333.3333333333
71500000.0,1.0,ЮАО,131.13,,25,26,2023,False,False,2.87,4,https://www.cian.ru/sale/flat/295763906/,False,545260.4285823229
25000000.0,5.0,ЮВАО,72.0,47.0,23,25,2020,False,False,2.8,4,https://www.cian.ru/sale/flat/299964741/,False,347222.22222222225
22000000.0,5.0,СЗАО,72.0,40.0,1,4,1957,False,False,2.65,4,https://www.cian.ru/sale/flat/297902949/,False,305555.55555555556
86000000.0,3.0,ЦАО,160.0,,12,22,2007,False,False,,4,https://www.cian.ru/sale/flat/285604501/,False,537500.0
27500000.0,13.0,ЮАО,89.3,,2,16,1983,False,False,,4,https://www.cian.ru/sale/flat/280196078/,False,307950.72788353864
24000000.0,7.0,ЮАО,96.0,73.1,1,5,1957,False,False,,4,https://www.cian.ru/sale/flat/288928749/,False,250000.0
230000000.0,9.0,ЦАО,164.0,92.0,4,5,1901,False,False,3.0,4,https://www.cian.ru/sale/flat/290380788/,False,1402439.024390244
211500000.0,8.0,ЦАО,184.0,147.0,3,6,2002,False,False,3.1,4,https://www.cian.ru/sale/flat/301061414/,False,1149456.5217391304
560000000.0,8.0,ЦАО,283.4,,7,7,2019,False,True,3.1,4,https://www.cian.ru/sale/flat/300156724/,False,1976005.6457304165
27500000.0,12.0,САО,67.3,48.0,1,5,1958,False,False,3.0,4,https://www.cian.ru/sale/flat/300431242/,False,408618.1277860327
415812005.0,3.0,ЦАО,273.0,,7,10,,False,False,3.4,4,https://www.cian.ru/sale/flat/292321434/,False,1523120.8974358975
275650655.0,10.0,ЦАО,162.0,,2,7,1913,False,False,,4,https://www.cian.ru/sale/flat/265312351/,False,1701547.2530864198
115000000.0,4.0,ЦАО,160.0,,5,6,2008,False,False,3.4,4,https://www.cian.ru/sale/flat/300620703/,False,718750.0
24300000.0,4.0,СВАО,90.0,57.0,1,12,,False,False,,4,https://www.cian.ru/sale/flat/298197083/,False,270000.0
130817260.0,4.0,ЗАО,165.0,113.0,40,53,2011,False,False,,4,https://www.cian.ru/sale/flat/300950195/,False,792831.8787878788
79500000.0,5.0,ЗАО,151.0,94.0,7,8,1956,False,False,3.0,4,https://www.cian.ru/sale/flat/276577049/,False,526490.0662251656
28500000.0,6.0,ЮАО,98.0,64.0,3,22,1992,False,False,,4,https://www.cian.ru/sale/flat/298329410/,False,290816.32653061225
90000000.0,9.0,ЦАО,169.0,,6,6,1902,False,False,3.1,4,https://www.cian.ru/sale/flat/291342956/,False,532544.3786982249
129000000.0,15.0,ЦАО,222.8,176.0,5,21,2008,False,False,3.3,4,https://www.cian.ru/sale/flat/296282173/,False,578994.6140035907
22500000.0,3.0,СЗАО,84.0,54.0,2,14,1990,False,False,2.6,4,https://www.cian.ru/sale/flat/299604208/,False,267857.14285714284
21500000.0,9.0,ЮВАО,94.3,64.3,1,7,1997,False,False,2.7,4,https://www.cian.ru/sale/flat/299253442/,False,227995.75821845175
14300000.0,15.0,САО,61.0,42.9,6,9,,False,False,,4,https://www.cian.ru/sale/flat/299723167/,False,234426.22950819673
28000000.0,5.0,ЗАО,68.8,48.9,4,5,1929,False,False,3.0,4,https://www.cian.ru/sale/flat/274996970/,False,406976.74418604653
75000000.0,19.0,ЦАО,131.5,,13,24,2004,False,False,,4,https://www.cian.ru/sale/flat/301035347/,False,570342.2053231939
68000000.0,15.0,ЗАО,140.0,,14,22,2006,False,False,3.05,4,https://www.cian.ru/sale/flat/299722812/,False,485714.28571428574
177000000.0,13.0,ЦАО,250.8,,34,44,2018,False,False,3.0,4,https://www.cian.ru/sale/flat/299164423/,False,705741.6267942584
19980000.0,18.0,ЮВАО,101.0,64.0,21,22,1996,False,False,2.66,4,https://www.cian.ru/sale/flat/299371010/,False,197821.78217821784
127000000.0,5.0,ЦАО,120.1,,4,7,1890,False,False,3.3,4,https://www.cian.ru/sale/flat/253208123/,False,1057452.1232306412
95850000.0,6.0,ЦАО,192.0,,9,14,2022,False,True,3.5,4,https://www.cian.ru/sale/flat/300005823/,False,499218.75
35000000.0,11.0,ЮВАО,131.0,88.4,5,7,1937,False,False,3.2,4,https://www.cian.ru/sale/flat/300547322/,False,267175.572519084
21350000.0,6.0,ЮАО,91.4,70.0,2,18,2023,False,False,,4,https://www.cian.ru/sale/flat/300547342/,False,233588.6214442013
220000000.0,9.0,САО,204.0,,10,10,2017,False,True,,4,https://www.cian.ru/sale/flat/260225922/,False,1078431.3725490195
23500000.0,3.0,ЮЗАО,91.0,62.0,3,14,2002,False,False,2.64,4,https://www.cian.ru/sale/flat/299495787/,False,258241.75824175825
32000000.0,5.0,ЗАО,100.0,,9,12,2017,False,False,,4,https://www.cian.ru/sale/flat/252511852/,False,320000.0
118000000.0,10.0,ЦАО,145.0,90.7,3,11,2012,False,False,3.1,4,https://www.cian.ru/sale/flat/296571329/,False,813793.1034482758
160000000.0,9.0,ЦАО,112.6,,3,5,,False,False,,4,https://www.cian.ru/sale/flat/280068241/,False,1420959.1474245116
33000000.0,9.0,ЦАО,76.0,49.6,5,16,1975,False,False,2.7,4,https://www.cian.ru/sale/flat/297790207/,False,434210.5263157895
15600000.0,15.0,ЮЗАО,68.0,,2,9,1978,False,False,,4,https://www.cian.ru/sale/flat/295849880/,False,229411.76470588235
452732374.0,6.0,ЦАО,235.3,,2,8,2009,False,False,3.4,4,https://www.cian.ru/sale/flat/268525437/,False,1924064.4878878028
31920000.0,5.0,ЗАО,133.0,80.0,14,24,2016,False,False,3.0,4,https://www.cian.ru/sale/flat/299990216/,False,240000.0
70000000.0,5.0,ЮАО,185.0,,8,8,2016,False,True,,4,https://www.cian.ru/sale/flat/276634299/,False,378378.3783783784
85000000.0,8.0,ЦАО,140.0,90.0,7,7,1952,False,False,,4,https://www.cian.ru/sale/flat/300539782/,False,607142.8571428572
165000000.0,8.0,ЦАО,185.0,120.0,5,7,2011,False,False,3.0,4,https://www.cian.ru/sale/flat/301067143/,False,891891.8918918918
27200000.0,13.0,СВАО,101.8,63.6,21,22,,False,False,,4,https://www.cian.ru/sale/flat/299740534/,False,267190.56974459725
33000000.0,1.0,ЗАО,90.0,60.0,9,18,2007,False,False,2.7,4,https://www.cian.ru/sale/flat/298993791/,False,366666.6666666667
115000000.0,5.0,ЦАО,135.0,,2,8,2005,False,False,,4,https://www.cian.ru/sale/flat/300109356/,False,851851.8518518518
170000000.0,9.0,ЦАО,136.0,80.0,4,21,,False,False,,4,https://www.cian.ru/sale/flat/295395551/,False,1250000.0
83000000.0,3.0,ЦАО,99.6,,4,12,2006,False,False,3.5,4,https://www.cian.ru/sale/flat/298255926/,False,833333.3333333334
45000000.0,7.0,ЗАО,109.1,80.0,3,5,1936,False,False,,4,https://www.cian.ru/sale/flat/300539752/,False,412465.6278643447
31500000.0,3.0,ЮЗАО,96.0,45.0,16,16,2004,False,False,2.8,4,https://www.cian.ru/sale/flat/295855135/,False,328125.0
73000000.0,2.0,ЗАО,133.0,,4,24,,False,False,3.0,4,https://www.cian.ru/sale/flat/299844318/,False,548872.1804511278
25800000.0,10.0,ЮВАО,94.0,51.0,2,23,2014,False,False,2.8,4,https://www.cian.ru/sale/flat/297368633/,False,274468.08510638296
77000000.0,4.0,ЦАО,109.0,70.6,4,5,,False,False,3.5,4,https://www.cian.ru/sale/flat/298275471/,False,706422.0183486239
186881800.0,6.0,ЦАО,182.5,107.0,1,4,1912,False,False,3.5,4,https://www.cian.ru/sale/flat/252671392/,False,1024009.8630136986
25300000.0,13.0,САО,78.1,48.0,8,25,1989,False,False,2.7,4,https://www.cian.ru/sale/flat/301054255/,False,323943.661971831
35000000.0,21.0,СЗАО,100.0,60.3,4,18,2021,False,False,,4,https://www.cian.ru/sale/flat/293692987/,False,350000.0
36000000.0,4.0,ЮАО,137.1,70.0,11,17,2006,False,False,2.8,4,https://www.cian.ru/sale/flat/299828417/,False,262582.056892779
280322700.0,7.0,ЦАО,200.3,,10,17,1998,False,False,3.2,4,https://www.cian.ru/sale/flat/291590043/,False,1399514.2286570144
186881800.0,3.0,ЦАО,192.0,,44,65,2008,False,True,3.0,4,https://www.cian.ru/sale/flat/288107715/,False,973342.7083333334
14850000.0,11.0,СВАО,62.5,45.5,6,9,,False,False,2.65,4,https://www.cian.ru/sale/flat/298673623/,False,237600.0
147000000.0,4.0,ЗАО,165.0,,2,12,,False,False,,4,https://www.cian.ru/sale/flat/300731784/,False,890909.0909090909
22300000.0,15.0,ЦАО,79.8,48.5,1,4,1917,False,False,4.0,4,https://www.cian.ru/sale/flat/287406394/,False,279448.6215538847
59900000.0,3.0,ЦАО,139.3,103.4,3,8,1915,False,False,3.6,4,https://www.cian.ru/sale/flat/300966491/,False,430007.1787508973
102000000.0,5.0,ЗАО,137.0,,8,12,2021,False,False,3.1,4,https://www.cian.ru/sale/flat/298346043/,False,744525.5474452554
150000000.0,4.0,ЗАО,194.0,,11,22,2010,False,False,,4,https://www.cian.ru/sale/flat/245218694/,False,773195.8762886598
8700000.0,4.0,ЮВАО,90.8,61.9,3,14,,False,False,,4,https://www.cian.ru/sale/flat/294564208/,False,95814.97797356828
630000000.0,13.0,ЦАО,251.8,,4,4,2021,False,False,6.0,4,https://www.cian.ru/sale/flat/300464176/,False,2501985.7029388403
38900000.0,7.0,ЮАО,114.0,,1,17,1999,False,False,,4,https://www.cian.ru/sale/flat/296126529/,False,341228.0701754386
20900000.0,4.0,ЮВАО,92.0,,5,14,1997,False,False,2.7,4,https://www.cian.ru/sale/flat/300047621/,False,227173.91304347827
190000000.0,5.0,ЦАО,210.0,140.0,45,68,2020,False,True,,4,https://www.cian.ru/sale/flat/285926750/,False,904761.9047619047
45000000.0,5.0,ЗАО,140.0,122.0,21,26,2000,False,False,3.0,4,https://www.cian.ru/sale/flat/288434405/,False,321428.5714285714
22500000.0,5.0,ЮАО,95.0,57.8,11,20,2023,False,False,,4,https://www.cian.ru/sale/flat/300791418/,False,236842.1052631579
21650000.0,2.0,ЮЗАО,100.0,,10,22,1996,False,False,2.5,4,https://www.cian.ru/sale/flat/298220790/,False,216500.0
560000000.0,8.0,ЦАО,283.4,103.0,7,7,2018,False,False,3.1,4,https://www.cian.ru/sale/flat/299881286/,False,1976005.6457304165
29500000.0,17.0,ЮВАО,82.0,50.0,28,30,2023,False,False,2.85,4,https://www.cian.ru/sale/flat/299020514/,False,359756.0975609756
24000000.0,11.0,ЮАО,78.6,,6,9,1959,False,False,2.75,4,https://www.cian.ru/sale/flat/300894688/,False,305343.5114503817
35000000.0,10.0,СЗАО,127.0,69.5,6,10,2004,False,False,3.0,4,https://www.cian.ru/sale/flat/299680815/,False,275590.55118110235
96000000.0,10.0,СЗАО,162.1,,2,6,2008,False,False,3.5,4,https://www.cian.ru/sale/flat/293750379/,False,592227.0203578038
140000000.0,6.0,ЦАО,167.5,145.0,5,6,1914,False,False,3.5,4,https://www.cian.ru/sale/flat/301020277/,False,835820.895522388
20000000.0,6.0,ЮЗАО,96.4,60.0,2,14,2002,False,False,2.64,4,https://www.cian.ru/sale/flat/291111348/,False,207468.87966804978
33500000.0,10.0,ЮЗАО,115.2,,31,33,2019,False,False,2.64,4,https://www.cian.ru/sale/flat/300708541/,False,290798.6111111111
13900000.0,10.0,ЗАО,76.8,51.4,1,14,,False,False,,4,https://www.cian.ru/sale/flat/297556834/,False,180989.58333333334
28000000.0,15.0,СВАО,91.0,64.0,4,14,2006,False,False,2.65,4,https://www.cian.ru/sale/flat/300522057/,False,307692.3076923077
21000000.0,2.0,СВАО,73.0,51.0,3,12,,False,False,,4,https://www.cian.ru/sale/flat/299653201/,False,287671.23287671234
170000000.0,5.0,ЦАО,180.0,110.0,2,8,1905,False,False,4.0,4,https://www.cian.ru/sale/flat/299651859/,False,944444.4444444445
95000000.0,1.0,ЦАО,143.0,94.2,6,8,1912,False,False,,4,https://www.cian.ru/sale/flat/288970638/,False,664335.6643356644
186881800.0,5.0,ЦАО,170.0,75.0,3,3,2010,False,False,3.35,4,https://www.cian.ru/sale/flat/236960194/,False,1099304.705882353
21500000.0,12.0,САО,75.7,51.8,1,14,,False,False,,4,https://www.cian.ru/sale/flat/300331487/,False,284015.85204755614
185000000.0,8.0,САО,146.9,61.9,8,24,2018,False,False,3.2,4,https://www.cian.ru/sale/flat/298874653/,False,1259360.108917631
15300000.0,4.0,ВАО,74.6,55.7,1,14,1971,False,False,2.64,4,https://www.cian.ru/sale/flat/290838053/,False,205093.83378016087
135000000.0,8.0,ЦАО,139.0,96.0,2,5,1998,False,False,,4,https://www.cian.ru/sale/flat/300578367/,False,971223.0215827338
176000000.0,12.0,ЦАО,140.8,77.0,5,9,2021,False,False,3.2,4,https://www.cian.ru/sale/flat/300322817/,False,1250000.0
418000000.0,11.0,ЦАО,220.0,150.0,2,4,2023,False,False,3.2,4,https://www.cian.ru/sale/flat/294469422/,False,1900000.0
23000000.0,10.0,ЮВАО,92.9,64.3,6,9,,False,False,,4,https://www.cian.ru/sale/flat/294375510/,False,247578.04090419805
23000000.0,17.0,ЮЗАО,100.0,66.4,3,9,,False,False,,4,https://www.cian.ru/sale/flat/299563876/,False,230000.0
94000000.0,10.0,ЦАО,140.0,75.0,4,5,1900,False,False,,4,https://www.cian.ru/sale/flat/293666101/,False,671428.5714285715
29990000.0,,ЮВАО,101.6,66.5,9,22,,False,False,3.0,4,https://www.cian.ru/sale/flat/298522495/,False,295177.16535433073
21400000.0,5.0,СВАО,80.5,56.8,2,12,1980,False,False,2.5,4,https://www.cian.ru/sale/flat/295388595/,False,265838.5093167702
151500000.0,6.0,ЦАО,151.5,99.0,14,14,,False,False,,4,https://www.cian.ru/sale/flat/295067682/,False,1000000.0
170000000.0,9.0,ЦАО,210.6,,2,9,2005,False,False,3.0,4,https://www.cian.ru/sale/flat/291208107/,False,807217.4738841406
243000000.0,5.0,ЦАО,175.2,,40,60,2010,False,True,3.5,4,https://www.cian.ru/sale/flat/266531972/,False,1386986.301369863
35000000.0,18.0,ЗАО,99.7,64.5,19,27,2023,False,False,3.1,4,https://www.cian.ru/sale/flat/291358506/,False,351053.1594784353
23000000.0,12.0,ЮАО,100.7,29.0,2,23,2005,False,False,,4,https://www.cian.ru/sale/flat/299249485/,False,228401.19165839127
97178536.0,4.0,ЦАО,160.0,,4,7,1911,False,False,3.5,4,https://www.cian.ru/sale/flat/299609144/,False,607365.85
78950000.0,5.0,ЗАО,91.1,58.1,3,13,2022,False,False,3.25,4,https://www.cian.ru/sale/flat/300684789/,False,866630.0768386389
499000000.0,2.0,ЦАО,426.0,350.0,66,73,,False,True,,4,https://www.cian.ru/sale/flat/279148561/,False,1171361.5023474179
32500000.0,13.0,ЮВАО,100.0,62.8,2,5,,False,False,,4,https://www.cian.ru/sale/flat/300121495/,False,325000.0
135000000.0,11.0,ЦАО,122.6,67.0,8,18,2016,False,False,,4,https://www.cian.ru/sale/flat/299851468/,False,1101141.924959217
50000000.0,20.0,ЮАО,110.0,43.6,37,46,2023,False,False,3.2,4,https://www.cian.ru/sale/flat/300368969/,False,454545.45454545453
82153253.0,4.0,ЦАО,109.3,86.0,4,6,1912,False,False,3.0,4,https://www.cian.ru/sale/flat/293032511/,False,751630.8600182983
53000000.0,5.0,ЗАО,126.4,82.0,22,41,2021,False,False,3.1,4,https://www.cian.ru/sale/flat/300160923/,False,419303.7974683544
26000000.0,8.0,СЗАО,100.0,71.4,1,5,,False,False,,4,https://www.cian.ru/sale/flat/299293443/,False,260000.0
49490000.0,6.0,ЗАО,106.9,51.6,6,13,2022,False,False,3.1,4,https://www.cian.ru/sale/flat/289558809/,False,462956.03367633297
23500000.0,8.0,ЮЗАО,90.0,60.0,1,5,1958,False,False,3.0,4,https://www.cian.ru/sale/flat/300521297/,False,261111.11111111112
91500000.0,16.0,СЗАО,170.0,64.0,13,19,,False,False,,4,https://www.cian.ru/sale/flat/299770399/,False,538235.2941176471
23900000.0,5.0,ЮАО,82.0,69.1,2,5,1930,False,True,3.1,4,https://www.cian.ru/sale/flat/292666436/,False,291463.4146341463
180000000.0,7.0,ЦАО,196.0,,11,16,2009,False,False,3.4,4,https://www.cian.ru/sale/flat/291444293/,False,918367.3469387755
18400000.0,9.0,ВАО,86.3,57.7,3,12,1985,False,False,2.7,4,https://www.cian.ru/sale/flat/298681334/,False,213209.73348783315
350000000.0,17.0,ЗАО,312.0,110.3,30,32,2023,False,True,6.35,4,https://www.cian.ru/sale/flat/300396629/,False,1121794.8717948718
130000000.0,3.0,ЦАО,193.0,154.0,7,8,,False,False,,4,https://www.cian.ru/sale/flat/298364458/,False,673575.1295336788
16500000.0,14.0,ЮВАО,75.6,52.0,1,14,1985,False,False,2.8,4,https://www.cian.ru/sale/flat/299853143/,False,218253.96825396828
243000000.0,7.0,ЦАО,175.2,,40,60,2011,False,True,,4,https://www.cian.ru/sale/flat/274247449/,False,1386986.301369863
70000000.0,6.0,СВАО,109.5,,12,23,,False,False,,4,https://www.cian.ru/sale/flat/299566803/,False,639269.4063926941
15900000.0,3.0,ЮЗАО,63.0,46.5,5,9,1977,False,False,,4,https://www.cian.ru/sale/flat/300468576/,False,252380.95238095237
230000000.0,9.0,ЦАО,199.0,,4,9,2003,False,False,3.4,4,https://www.cian.ru/sale/flat/299456268/,False,1155778.8944723618
72500000.0,16.0,ЗАО,123.0,,16,16,2020,False,False,3.0,4,https://www.cian.ru/sale/flat/299333776/,False,589430.8943089431
76752000.0,11.0,ЦАО,159.9,,22,25,2021,False,False,3.0,4,https://www.cian.ru/sale/flat/289899678/,False,480000.0
36100000.0,9.0,САО,92.1,,13,24,2021,False,False,3.1,4,https://www.cian.ru/sale/flat/297307400/,False,391965.2551574376
24000000.0,19.0,ЮВАО,104.9,63.6,2,23,,False,False,,4,https://www.cian.ru/sale/flat/297319991/,False,228789.32316491895
30990000.0,,СЗАО,116.7,54.9,5,7,2003,False,False,3.05,4,https://www.cian.ru/sale/flat/277909011/,False,265552.69922879175
150000000.0,15.0,ЦАО,174.1,,13,21,2008,False,False,3.1,4,https://www.cian.ru/sale/flat/297641473/,False,861573.8081562321
108500000.0,3.0,ЦАО,97.0,57.7,4,5,1910,False,False,3.3,4,https://www.cian.ru/sale/flat/298166662/,False,1118556.701030928
32300000.0,5.0,ЦАО,101.4,70.7,5,9,1958,False,False,,4,https://www.cian.ru/sale/flat/293117659/,False,318540.43392504926
17500000.0,11.0,СВАО,65.0,47.0,2,9,1977,False,False,2.64,4,https://www.cian.ru/sale/flat/300530468/,False,269230.76923076925
486000000.0,9.0,ЦАО,252.3,,4,7,2003,False,False,3.35,4,https://www.cian.ru/sale/flat/291590047/,False,1926278.2401902496
51990000.0,11.0,ВАО,176.0,130.0,7,19,2003,False,False,2.7,4,https://www.cian.ru/sale/flat/290247663/,False,295397.7272727273
63500000.0,5.0,ЦАО,75.0,,5,8,,False,False,3.7,4,https://www.cian.ru/sale/flat/300299099/,False,846666.6666666666
300000000.0,16.0,ЦАО,204.0,,4,14,2014,False,False,3.2,4,https://www.cian.ru/sale/flat/295332112/,False,1470588.2352941176
135800000.0,16.0,ЗАО,176.0,136.0,12,17,2003,False,False,3.0,4,https://www.cian.ru/sale/flat/300295839/,False,771590.9090909091
29790000.0,10.0,ЮЗАО,172.0,93.0,9,9,2000,False,False,2.75,4,https://www.cian.ru/sale/flat/300968559/,False,173197.67441860464
180000000.0,5.0,ЗАО,168.9,,25,31,2008,False,False,3.1,4,https://www.cian.ru/sale/flat/298473997/,False,1065719.3605683837
327000000.0,8.0,ЦАО,182.0,,4,6,,False,False,3.2,4,https://www.cian.ru/sale/flat/293996621/,False,1796703.2967032967
33000000.0,3.0,САО,105.3,65.0,20,22,2021,False,False,2.9,4,https://www.cian.ru/sale/flat/300744705/,False,313390.3133903134
19350000.0,10.0,ЮЗАО,92.6,63.7,5,9,,False,False,,4,https://www.cian.ru/sale/flat/300442688/,False,208963.28293736503
17200000.0,6.0,ЗАО,78.0,55.0,1,14,1991,False,False,2.64,4,https://www.cian.ru/sale/flat/298623374/,False,220512.8205128205
109000000.0,5.0,ЦАО,221.8,,6,10,2015,False,True,3.3,4,https://www.cian.ru/sale/flat/299403207/,False,491433.72407574387
138750000.0,11.0,ЦАО,147.36,56.5,3,11,,False,False,,4,https://www.cian.ru/sale/flat/300508740/,False,941571.6612377849
330000000.0,7.0,ЦАО,188.7,,3,7,2015,False,False,,4,https://www.cian.ru/sale/flat/298844162/,False,1748807.6311605724
28500000.0,16.0,ЮЗАО,95.0,60.0,14,22,1994,False,False,2.64,4,https://www.cian.ru/sale/flat/300458797/,False,300000.0
34000000.0,14.0,ЦАО,100.0,66.5,28,36,2019,False,False,3.1,4,https://www.cian.ru/sale/flat/300658821/,False,340000.0
630000000.0,12.0,ЦАО,351.0,200.0,4,4,2023,False,False,6.0,4,https://www.cian.ru/sale/flat/300396846/,False,1794871.7948717948
85000000.0,5.0,ЦАО,153.3,119.0,3,8,1996,False,False,2.75,4,https://www.cian.ru/sale/flat/283107913/,False,554468.3626875407
243000000.0,3.0,ЦАО,175.0,130.0,40,60,2011,False,True,3.5,4,https://www.cian.ru/sale/flat/293664935/,False,1388571.4285714286
29000000.0,4.0,СВАО,87.7,51.6,3,17,2012,False,False,2.85,4,https://www.cian.ru/sale/flat/299113541/,False,330672.748004561
43500000.0,2.0,ЦАО,110.4,,2,7,1916,False,False,4.0,4,https://www.cian.ru/sale/flat/297301329/,False,394021.73913043475
205569980.0,5.0,ЦАО,183.6,126.0,4,5,1913,False,False,3.6,4,https://www.cian.ru/sale/flat/290380718/,False,1119662.20043573
175000000.0,14.0,ЗАО,190.5,,2,12,2006,False,False,3.1,4,https://www.cian.ru/sale/flat/266931411/,False,918635.1706036745
360500000.0,6.0,ЦАО,212.3,,8,8,2006,False,False,6.8,4,https://www.cian.ru/sale/flat/300431343/,False,1698068.7706076307
16900000.0,10.0,ЗАО,74.4,51.3,1,14,1991,False,False,,4,https://www.cian.ru/sale/flat/291583338/,False,227150.5376344086
196225890.0,6.0,ЦАО,154.2,,3,15,,False,False,3.0,4,https://www.cian.ru/sale/flat/299105242/,False,1272541.439688716
185000000.0,9.0,ЦАО,140.0,43.0,4,7,,False,False,3.25,4,https://www.cian.ru/sale/flat/298055135/,False,1321428.5714285714
103000000.0,9.0,САО,187.4,106.5,18,18,2006,False,False,3.2,4,https://www.cian.ru/sale/flat/291069986/,False,549626.4674493063
63650000.0,5.0,ЗАО,95.3,60.0,13,14,,False,False,,4,https://www.cian.ru/sale/flat/300930250/,False,667890.870933893
33000000.0,9.0,ЮАО,92.6,62.0,3,17,2005,False,False,2.64,4,https://www.cian.ru/sale/flat/300759807/,False,356371.49028077757
152000000.0,,ЦАО,170.0,88.0,9,10,,False,False,,4,https://www.cian.ru/sale/flat/286439279/,False,894117.6470588235
29990000.0,12.0,ЦАО,85.1,56.3,1,9,1991,False,False,,4,https://www.cian.ru/sale/flat/299497692/,False,352408.93066980026
150000000.0,7.0,САО,125.0,89.0,5,19,,False,False,,4,https://www.cian.ru/sale/flat/300861932/,False,1200000.0
185000000.0,,САО,195.0,,13,15,,False,True,3.2,4,https://www.cian.ru/sale/flat/294620841/,False,948717.9487179487
117000000.0,10.0,ЦАО,189.1,,4,19,1999,False,False,3.3,4,https://www.cian.ru/sale/flat/300759623/,False,618720.2538339503
30000000.0,2.0,ЦАО,92.0,61.0,6,7,1940,False,False,3.3,4,https://www.cian.ru/sale/flat/296500661/,False,326086.95652173914
17100000.0,11.0,САО,62.2,46.3,4,9,1966,False,False,2.64,4,https://www.cian.ru/sale/flat/294698871/,False,274919.61414791
150760000.0,12.0,ЦАО,140.9,,16,20,2021,False,False,3.23,4,https://www.cian.ru/sale/flat/298843473/,False,1069978.7083037614
39900000.0,5.0,СВАО,105.0,80.0,22,22,1989,False,False,2.64,4,https://www.cian.ru/sale/flat/298249754/,False,380000.0
30000000.0,4.0,ЮЗАО,74.5,54.0,4,5,1957,False,False,,4,https://www.cian.ru/sale/flat/292142527/,False,402684.56375838927
49950000.0,5.0,ЗАО,236.0,,2,26,2001,False,False,,4,https://www.cian.ru/sale/flat/251638114/,False,211652.54237288135
350000000.0,8.0,ЦАО,177.0,,4,6,2023,False,False,,4,https://www.cian.ru/sale/flat/296467715/,False,1977401.1299435028
21200000.0,10.0,ЮАО,89.0,,20,25,1986,False,False,2.64,4,https://www.cian.ru/sale/flat/296571004/,False,238202.24719101124
36800000.0,9.0,САО,108.9,78.8,3,6,1938,False,False,3.17,4,https://www.cian.ru/sale/flat/300890336/,False,337924.70156106516
128000000.0,13.0,ЗАО,233.0,,38,39,2010,False,False,3.3,4,https://www.cian.ru/sale/flat/297997014/,False,549356.2231759657
170000000.0,2.0,ЦАО,188.1,110.0,10,10,,False,False,,4,https://www.cian.ru/sale/flat/300099418/,False,903774.5879851143
27200000.0,15.0,СЗАО,80.2,52.6,2,12,,False,False,2.64,4,https://www.cian.ru/sale/flat/300574438/,False,339152.1197007481
430000000.0,9.0,ЦАО,200.0,,3,14,,False,False,,4,https://www.cian.ru/sale/flat/281590820/,False,2150000.0
139000000.0,8.0,ЦАО,149.0,115.0,3,4,1900,False,False,5.0,4,https://www.cian.ru/sale/flat/220126243/,False,932885.9060402685
183000000.0,7.0,ЦАО,160.0,,5,7,2019,False,False,3.4,4,https://www.cian.ru/sale/flat/294031986/,False,1143750.0
57000000.0,11.0,СЗАО,105.0,64.0,36,36,,False,False,,4,https://www.cian.ru/sale/flat/300989808/,False,542857.1428571428
32000000.0,21.0,СВАО,91.5,51.6,3,17,,False,False,2.7,4,https://www.cian.ru/sale/flat/294175023/,False,349726.77595628414
19999000.0,8.0,ЗАО,99.8,64.4,2,22,1992,False,False,2.64,4,https://www.cian.ru/sale/flat/300059787/,False,200390.78156312625
54500000.0,12.0,ЮЗАО,139.9,78.8,19,28,2009,False,False,,4,https://www.cian.ru/sale/flat/299495105/,False,389563.9742673338
26000000.0,6.0,ЮАО,90.0,,5,5,1930,False,False,3.0,4,https://www.cian.ru/sale/flat/300779635/,False,288888.8888888889
16000000.0,8.0,СЗАО,65.0,45.0,6,9,1967,False,False,2.64,4,https://www.cian.ru/sale/flat/299554948/,False,246153.84615384616
150000000.0,11.0,ЮАО,124.1,82.0,5,9,2021,False,False,3.8,4,https://www.cian.ru/sale/flat/300688370/,False,1208702.6591458502
210000000.0,10.0,СЗАО,455.0,,5,6,2005,False,False,3.5,4,https://www.cian.ru/sale/flat/300476896/,False,461538.46153846156
219890000.0,14.0,ЦАО,199.37,129.4,9,11,,False,False,,4,https://www.cian.ru/sale/flat/300508747/,False,1102924.2112654862
300000000.0,16.0,ЦАО,201.6,,4,12,2014,False,False,3.2,4,https://www.cian.ru/sale/flat/275789938/,False,1488095.238095238
159000000.0,15.0,ЦАО,226.3,,15,22,,False,False,,4,https://www.cian.ru/sale/flat/300772000/,False,702607.1586389748
17900000.0,4.0,ЮАО,63.0,48.0,9,9,1975,False,False,2.64,4,https://www.cian.ru/sale/flat/298664300/,False,284126.98412698414
23650000.0,10.0,САО,77.2,55.1,1,6,1950,False,False,2.8,4,https://www.cian.ru/sale/flat/299852972/,False,306347.15025906736
175000000.0,4.0,ЗАО,163.0,130.0,31,53,,False,False,,4,https://www.cian.ru/sale/flat/300564793/,False,1073619.6319018404
53000000.0,10.0,ЦАО,114.0,67.0,5,5,1917,False,False,3.2,4,https://www.cian.ru/sale/flat/295882572/,False,464912.2807017544
50000000.0,12.0,СЗАО,93.0,60.0,16,19,2018,False,False,3.1,4,https://www.cian.ru/sale/flat/298549610/,False,537634.4086021505
15500000.0,17.0,ВАО,68.1,50.1,2,9,1973,False,False,2.5,4,https://www.cian.ru/sale/flat/298758515/,False,227606.4610866373
18990000.0,6.0,ЗАО,99.5,64.0,17,22,,False,False,,4,https://www.cian.ru/sale/flat/300345183/,False,190854.27135678392
230000000.0,9.0,ЦАО,170.0,,4,5,,False,False,,4,https://www.cian.ru/sale/flat/277466643/,False,1352941.1764705882
30200000.0,7.0,ЗАО,100.0,65.0,2,22,1984,False,False,2.64,4,https://www.cian.ru/sale/flat/300108387/,False,302000.0
100000000.0,11.0,ЗАО,185.0,113.0,12,30,2003,False,False,3.2,4,https://www.cian.ru/sale/flat/299204960/,False,540540.5405405406
49900000.0,14.0,ЮАО,102.5,,10,18,,False,False,,4,https://www.cian.ru/sale/flat/298558458/,False,486829.26829268294
98500000.0,5.0,ЦАО,141.0,80.0,11,13,2016,False,True,,4,https://www.cian.ru/sale/flat/271618813/,False,698581.5602836879
19500000.0,4.0,САО,83.9,54.3,5,14,1992,False,False,2.64,4,https://www.cian.ru/sale/flat/292686236/,False,232419.54707985694
60500000.0,17.0,ЮАО,115.0,75.0,4,16,2023,False,False,3.0,4,https://www.cian.ru/sale/flat/300685418/,False,526086.9565217391
36899999.0,8.0,ЦАО,75.0,57.0,10,11,,False,True,,4,https://www.cian.ru/sale/flat/300392005/,False,491999.9866666667
23500000.0,17.0,СВАО,95.5,62.8,12,18,1996,False,False,,4,https://www.cian.ru/sale/flat/295978938/,False,246073.29842931937
34980000.0,14.0,ЗАО,100.0,,6,9,1972,False,False,2.64,4,https://www.cian.ru/sale/flat/298127662/,False,349800.0
115000000.0,8.0,ЦАО,115.0,82.0,4,5,1947,False,False,3.35,4,https://www.cian.ru/sale/flat/297947520/,False,1000000.0
75000000.0,6.0,ЗАО,140.0,,11,17,2005,False,False,3.0,4,https://www.cian.ru/sale/flat/296857564/,False,535714.2857142857
3250000.0,17.0,САО,63.2,9.5,6,9,,False,False,2.55,4,https://www.cian.ru/sale/flat/297552006/,False,51424.05063291139
145000000.0,2.0,ЦАО,260.8,,48,75,2010,False,True,3.0,4,https://www.cian.ru/sale/flat/292132242/,False,555981.5950920245
72490000.0,6.0,ЦАО,151.0,110.0,6,13,2001,False,False,3.2,4,https://www.cian.ru/sale/flat/300005858/,False,480066.22516556294
34400000.0,8.0,ЮВАО,109.6,56.6,15,32,2023,False,False,3.0,4,https://www.cian.ru/sale/flat/291280712/,False,313868.61313868617
24900000.0,13.0,ВАО,93.0,62.0,1,12,2004,False,False,2.64,4,https://www.cian.ru/sale/flat/293819925/,False,267741.93548387097
140000000.0,8.0,ЦАО,145.0,51.3,3,5,2017,False,False,3.2,4,https://www.cian.ru/sale/flat/298519318/,False,965517.2413793104
28200000.0,17.0,ЗАО,108.0,65.1,5,17,,False,False,,4,https://www.cian.ru/sale/flat/294765524/,False,261111.11111111112
110000000.0,4.0,ЗАО,150.7,,25,53,2012,False,False,5.0,4,https://www.cian.ru/sale/flat/296390761/,False,729927.0072992701
480000000.0,14.0,ЗАО,225.7,209.0,4,4,,False,False,,4,https://www.cian.ru/sale/flat/291788651/,False,2126716.8808152415
110000000.0,4.0,ЦАО,156.5,99.0,6,7,1911,False,False,,4,https://www.cian.ru/sale/flat/299850719/,False,702875.3993610224
107000000.0,19.0,ЮАО,162.6,130.4,9,9,,False,False,,4,https://www.cian.ru/sale/flat/300477449/,False,658056.5805658057
26400000.0,11.0,СВАО,100.0,64.7,11,18,1995,False,False,2.64,4,https://www.cian.ru/sale/flat/291134322/,False,264000.0
76750000.0,11.0,ЦАО,160.0,100.0,22,22,,False,False,3.2,4,https://www.cian.ru/sale/flat/297450928/,False,479687.5
24000000.0,15.0,ЮЗАО,91.0,57.0,17,25,1988,False,False,,4,https://www.cian.ru/sale/flat/255981916/,False,263736.26373626373
360000000.0,,ЦАО,175.0,,4,9,2015,False,False,4.0,4,https://www.cian.ru/sale/flat/300760666/,False,2057142.857142857
29900000.0,3.0,ЮВАО,108.4,69.1,6,17,1999,False,False,2.7,4,https://www.cian.ru/sale/flat/300266413/,False,275830.258302583
55000000.0,20.0,ЮАО,110.0,43.6,36,46,2023,False,False,3.2,4,https://www.cian.ru/sale/flat/300662405/,False,500000.0
26000000.0,15.0,САО,91.1,62.0,1,17,2000,False,False,2.6,4,https://www.cian.ru/sale/flat/299784538/,False,285400.6586169045
52000000.0,15.0,САО,117.0,85.0,9,34,,False,False,,4,https://www.cian.ru/sale/flat/300146140/,False,444444.44444444444
32000000.0,8.0,САО,87.6,61.8,5,5,1936,False,False,3.2,4,https://www.cian.ru/sale/flat/295936287/,False,365296.8036529681
32000000.0,15.0,ЮЗАО,100.0,64.0,16,22,,False,False,,4,https://www.cian.ru/sale/flat/300121501/,False,320000.0
29300000.0,7.0,ЮВАО,116.0,,2,8,1940,False,False,3.2,4,https://www.cian.ru/sale/flat/297396489/,False,252586.2068965517
15900000.0,12.0,СВАО,62.7,46.3,1,9,1968,False,False,2.64,4,https://www.cian.ru/sale/flat/294249196/,False,253588.51674641148
140000000.0,6.0,ЦАО,170.0,120.0,5,6,1914,False,False,,4,https://www.cian.ru/sale/flat/297546093/,False,823529.4117647059
26590000.0,19.0,ЮАО,78.0,53.3,2,7,1980,False,False,2.7,4,https://www.cian.ru/sale/flat/298811813/,False,340897.4358974359
57950000.0,15.0,ЗАО,89.0,63.0,12,26,2021,False,False,3.2,4,https://www.cian.ru/sale/flat/300813408/,False,651123.595505618
42500000.0,8.0,ЮЗАО,129.0,,4,16,2001,False,False,2.75,4,https://www.cian.ru/sale/flat/295812492/,False,329457.36434108525
79500000.0,7.0,ЦАО,178.0,94.0,8,12,2003,False,False,3.0,4,https://www.cian.ru/sale/flat/299120244/,False,446629.21348314604
22500000.0,15.0,СЗАО,107.0,,1,14,1998,False,False,2.64,4,https://www.cian.ru/sale/flat/295633880/,False,210280.3738317757
165000000.0,8.0,ЦАО,189.0,,5,7,2012,False,False,3.4,4,https://www.cian.ru/sale/flat/300005934/,False,873015.873015873
24500000.0,7.0,ЮЗАО,84.0,56.0,2,14,1999,False,False,2.64,4,https://www.cian.ru/sale/flat/275763531/,False,291666.6666666667
15200000.0,16.0,ЮВАО,62.2,,8,9,1969,False,False,2.64,4,https://www.cian.ru/sale/flat/300197305/,False,244372.99035369774
29000000.0,6.0,САО,81.1,57.8,2,9,1924,False,False,3.2,4,https://www.cian.ru/sale/flat/296313187/,False,357583.23057953146
29504877.0,6.0,САО,86.1,49.5,3,12,,False,False,,4,https://www.cian.ru/sale/flat/298617209/,False,342681.49825783976
120000000.0,2.0,ЦАО,163.5,96.0,6,6,1998,False,False,3.0,4,https://www.cian.ru/sale/flat/297548153/,False,733944.9541284404
165000000.0,7.0,ЦАО,154.0,76.0,16,21,2023,False,False,,4,https://www.cian.ru/sale/flat/295795425/,False,1071428.5714285714
21500000.0,11.0,ЮВАО,94.2,69.0,2,5,,False,False,2.8,4,https://www.cian.ru/sale/flat/300870085/,False,228237.79193205945
80000000.0,9.0,САО,139.0,86.0,13,14,2018,False,True,3.0,4,https://www.cian.ru/sale/flat/299185566/,False,575539.5683453238
